image_name,streetlight_count,on,dim,off
Bicycle_2015_00003.png,11,1,6,4
Bicycle_2015_00004.jpg,6,0,1,5
Bicycle_2015_00005.jpg,0,0,0,0
Bicycle_2015_00008.jpg,0,0,0,0
Bicycle_2015_00009.jpg,9,5,4,0
Bicycle_2015_00010.jpg,1,1,0,0
Bicycle_2015_00012.jpg,8,2,6,0
Bicycle_2015_00013.jpg,4,0,4,0
Bicycle_2015_00016.jpg,0,0,0,0
Bicycle_2015_00017.jpg,2,2,0,0
Bicycle_2015_00020.jpg,0,0,0,0
Bicycle_2015_00021.jpg,3,2,1,0
Bicycle_2015_00022.jpg,3,2,1,0
Bicycle_2015_00023.jpg,2,2,0,0
Bicycle_2015_00027.jpg,0,0,0,0
Bicycle_2015_00029.jpg,2,1,1,0
Bicycle_2015_00034.jpg,1,1,0,0
Bicycle_2015_00036.jpg,14,6,7,1
Bicycle_2015_00042.jpg,0,0,0,0
Bicycle_2015_00044.jpg,5,0,3,2
Bicycle_2015_00045.jpg,0,0,0,0
Bicycle_2015_00046.jpg,5,4,1,0
Bicycle_2015_00048.jpg,3,3,0,0
Bicycle_2015_00049.jpg,3,2,1,0
Bicycle_2015_00051.jpg,2,2,0,0
Bicycle_2015_00057.jpg,11,11,0,0
Bicycle_2015_00059.jpg,5,5,0,0
Bicycle_2015_00063.jpg,0,0,0,0
Bicycle_2015_00066.jpg,0,0,0,0
Bicycle_2015_00068.jpg,3,2,1,0
Bicycle_2015_00071.jpg,9,9,0,0
Bicycle_2015_00073.jpg,3,3,0,0
Bicycle_2015_00074.jpg,0,0,0,0
Bicycle_2015_00076.jpg,6,1,4,1
Bicycle_2015_00077.jpg,9,3,6,0
Bicycle_2015_00078.jpg,9,5,3,1
Bicycle_2015_00080.jpg,1,1,0,0
Bicycle_2015_00082.jpg,4,2,2,0
Bicycle_2015_00085.jpg,0,0,0,0
Bicycle_2015_00090.jpg,0,0,0,0
Bicycle_2015_00091.jpg,1,1,0,0
Bicycle_2015_00093.jpg,0,0,0,0
Bicycle_2015_00096.jpg,2,2,0,0
Bicycle_2015_00099.jpg,9,6,2,1
Bicycle_2015_00100.jpg,1,1,0,0
Bicycle_2015_00101.jpg,12,12,0,0
Bicycle_2015_00104.jpg,6,0,4,2
Bicycle_2015_00105.jpg,11,7,4,0
Bicycle_2015_00111.jpg,0,0,0,0
Bicycle_2015_00112.jpg,4,4,0,0
Bicycle_2015_00113.jpg,1,0,1,0
Bicycle_2015_00114.jpg,9,8,1,0
Bicycle_2015_00116.jpg,0,0,0,0
Bicycle_2015_00118.jpg,3,2,1,0
Bicycle_2015_00119.jpg,11,11,0,0
Bicycle_2015_00120.jpg,8,5,2,1
Bicycle_2015_00122.jpg,0,0,0,0
Bicycle_2015_00123.jpg,0,0,0,0
Bicycle_2015_00124.jpg,0,0,0,0
Bicycle_2015_00133.jpg,3,1,2,0
Bicycle_2015_00134.jpg,0,0,0,0
Bicycle_2015_00136.jpg,0,0,0,0
Bicycle_2015_00138.jpg,7,0,7,0
Bicycle_2015_00140.jpg,10,8,2,0
Bicycle_2015_00143.jpg,0,0,0,0
Bicycle_2015_00147.jpg,8,1,6,1
Bicycle_2015_00150.jpg,0,0,0,0
Bicycle_2015_00155.jpg,1,0,1,0
Bicycle_2015_00157.jpg,0,0,0,0
Bicycle_2015_00158.jpg,0,0,0,0
Bicycle_2015_00159.jpg,0,0,0,0
Bicycle_2015_00161.jpg,0,0,0,0
Bicycle_2015_00165.jpg,0,0,0,0
Bicycle_2015_00167.jpg,1,0,1,0
Bicycle_2015_00168.jpg,3,3,0,0
Bicycle_2015_00169.jpg,1,1,0,0
Bicycle_2015_00170.jpg,0,0,0,0
Bicycle_2015_00171.jpg,0,0,0,0
Bicycle_2015_00177.jpg,1,0,1,0
Bicycle_2015_00179.jpg,0,0,0,0
Bicycle_2015_00188.jpg,0,0,0,0
Bicycle_2015_00190.jpg,2,2,0,0
Bicycle_2015_00192.jpg,0,0,0,0
Bicycle_2015_00198.jpg,0,0,0,0
Bicycle_2015_00199.jpg,0,0,0,0
Bicycle_2015_00200.jpg,6,6,0,0
Bicycle_2015_00201.jpg,2,1,0,1
Bicycle_2015_00202.jpg,6,5,1,0
Bicycle_2015_00205.jpg,0,0,0,0
Bicycle_2015_00206.jpg,0,0,0,0
Bicycle_2015_00207.jpg,6,6,0,0
Bicycle_2015_00208.jpg,7,7,0,0
Bicycle_2015_00210.jpg,2,2,0,0
Bicycle_2015_00211.jpg,10,7,3,0
Bicycle_2015_00213.jpg,2,1,1,0
Bicycle_2015_00214.jpg,0,0,0,0
Bicycle_2015_00216.jpg,0,0,0,0
Bicycle_2015_00217.jpg,1,0,0,1
Bicycle_2015_00220.jpg,0,0,0,0
Bicycle_2015_00221.jpg,2,2,0,0
Bicycle_2015_00223.jpg,2,2,0,0
Bicycle_2015_00224.jpg,0,0,0,0
Bicycle_2015_00227.jpg,1,1,0,0
Bicycle_2015_00229.jpg,0,0,0,0
Bicycle_2015_00230.jpg,15,3,10,2
Bicycle_2015_00231.jpg,0,0,0,0
Bicycle_2015_00232.jpg,2,2,0,0
Bicycle_2015_00237.jpg,0,0,0,0
Bicycle_2015_00238.jpg,13,10,3,0
Bicycle_2015_00244.jpg,2,1,1,0
Bicycle_2015_00247.jpg,6,5,0,1
Bicycle_2015_00249.jpg,0,0,0,0
Bicycle_2015_00252.jpg,2,0,2,0
Bicycle_2015_00255.jpg,0,0,0,0
Bicycle_2015_00256.jpg,0,0,0,0
Bicycle_2015_00257.jpg,4,4,0,0
Bicycle_2015_00258.jpg,3,2,1,0
Bicycle_2015_00264.jpg,3,0,3,0
Bicycle_2015_00266.jpg,3,3,0,0
Bicycle_2015_00267.jpg,0,0,0,0
Bicycle_2015_00268.jpg,3,2,1,0
Bicycle_2015_00269.jpg,1,1,0,0
Bicycle_2015_00271.jpg,2,1,0,1
Bicycle_2015_00273.jpg,3,3,0,0
Bicycle_2015_00277.jpg,1,0,0,1
Bicycle_2015_00279.jpg,4,3,1,0
Bicycle_2015_00281.jpg,1,0,1,0
Bicycle_2015_00287.jpg,2,1,0,1
Bicycle_2015_00290.jpg,0,0,0,0
Bicycle_2015_00297.jpg,1,1,0,0
Bicycle_2015_00299.jpg,2,2,0,0
Bicycle_2015_00300.jpg,3,2,1,0
Bicycle_2015_00308.jpg,0,0,0,0
Bicycle_2015_00309.jpg,12,8,4,0
Bicycle_2015_00311.jpg,6,6,0,0
Bicycle_2015_00313.jpg,3,0,1,2
Bicycle_2015_00316.jpg,1,1,0,0
Bicycle_2015_00318.jpg,2,1,1,0
Bicycle_2015_00320.jpg,2,1,1,0
Bicycle_2015_00325.jpg,7,7,0,0
Bicycle_2015_00326.jpg,0,0,0,0
Bicycle_2015_00330.jpg,0,0,0,0
Bicycle_2015_00332.jpg,0,0,0,0
Bicycle_2015_00334.jpg,7,3,1,3
Bicycle_2015_00336.jpg,2,2,0,0
Bicycle_2015_00338.jpg,11,3,8,0
Bicycle_2015_00340.jpg,0,0,0,0
Bicycle_2015_00341.jpg,1,0,0,1
Bicycle_2015_00342.jpg,1,0,1,0
Bicycle_2015_00343.jpg,0,0,0,0
Bicycle_2015_00344.jpg,9,9,0,0
Bicycle_2015_00346.jpg,0,0,0,0
Bicycle_2015_00348.jpg,5,1,4,0
Bicycle_2015_00349.jpg,3,3,0,0
Bicycle_2015_00350.jpg,4,3,1,0
Bicycle_2015_00351.jpg,1,1,0,0
Bicycle_2015_00352.jpg,3,0,1,2
Bicycle_2015_00357.jpg,0,0,0,0
Bicycle_2015_00358.jpg,0,0,0,0
Bicycle_2015_00359.jpg,6,5,1,0
Bicycle_2015_00360.jpg,1,0,1,0
Bicycle_2015_00361.jpg,0,0,0,0
Bicycle_2015_00365.jpg,0,0,0,0
Bicycle_2015_00368.jpg,2,0,2,0
Bicycle_2015_00369.jpg,10,10,0,0
Bicycle_2015_00371.jpg,8,7,1,0
Bicycle_2015_00372.jpg,4,4,0,0
Bicycle_2015_00375.jpg,0,0,0,0
Bicycle_2015_00377.jpg,2,2,0,0
Bicycle_2015_00379.jpg,10,0,6,4
Bicycle_2015_00380.jpg,15,13,2,0
Bicycle_2015_00381.jpg,0,0,0,0
Bicycle_2015_00382.jpg,5,0,2,3
Bicycle_2015_00387.jpg,0,0,0,0
Bicycle_2015_00391.JPG,14,3,8,3
Bicycle_2015_00394.jpg,13,3,10,0
Bicycle_2015_00397.jpg,2,2,0,0
Bicycle_2015_00399.jpg,5,0,2,3
Bicycle_2015_00400.jpg,1,0,1,0
Bicycle_2015_00401.jpg,0,0,0,0
Bicycle_2015_00404.jpg,5,4,1,0
Bicycle_2015_00405.jpg,2,1,1,0
Bicycle_2015_00406.jpg,6,5,0,1
Bicycle_2015_00409.jpg,1,0,1,0
Bicycle_2015_00411.jpg,11,9,2,0
Bicycle_2015_00413.jpg,12,12,0,0
Bicycle_2015_00414.jpg,3,3,0,0
Bicycle_2015_00415.jpg,4,0,4,0
Bicycle_2015_00417.jpg,1,0,0,1
Bicycle_2015_00421.jpg,1,1,0,0
Bicycle_2015_00424.jpg,0,0,0,0
Bicycle_2015_00425.jpg,2,2,0,0
Bicycle_2015_00430.jpg,1,1,0,0
Bicycle_2015_00431.jpg,1,0,1,0
Bicycle_2015_00436.JPEG,2,0,0,2
Bicycle_2015_00437.JPEG,0,0,0,0
Bicycle_2015_00438.JPEG,4,4,0,0
Bicycle_2015_00439.JPEG,0,0,0,0
Bicycle_2015_00441.JPEG,1,1,0,0
Bicycle_2015_00443.JPEG,3,3,0,0
Bicycle_2015_00446.jpg,1,0,1,0
Bicycle_2015_00461.jpg,1,1,0,0
Bicycle_2015_00462.jpg,3,3,0,0
Bicycle_2015_00463.jpg,3,1,2,0
Bicycle_2015_00469.jpg,0,0,0,0
Bicycle_2015_00470.jpg,2,1,1,0
Bicycle_2015_00471.jpg,0,0,0,0
Bicycle_2015_00473.jpg,6,1,5,0
Bicycle_2015_00474.jpg,3,0,3,0
Bicycle_2015_00475.jpg,7,7,0,0
Bicycle_2015_00477.jpg,0,0,0,0
Bicycle_2015_00479.jpg,3,2,1,0
Bicycle_2015_00481.jpg,10,5,5,0
Bicycle_2015_00484.jpg,4,4,0,0
Bicycle_2015_00488.jpg,8,1,7,0
Bicycle_2015_00492.jpg,2,2,0,0
Bicycle_2015_00493.jpg,8,7,1,0
Bicycle_2015_00494.jpg,0,0,0,0
Bicycle_2015_00496.jpg,1,0,1,0
Bicycle_2015_00498.jpg,3,1,2,0
Bicycle_2015_00502.jpg,0,0,0,0
Bicycle_2015_00503.png,0,0,0,0
Bicycle_2015_00504.png,0,0,0,0
Bicycle_2015_00507.png,0,0,0,0
Bicycle_2015_00511.jpg,0,0,0,0
Bicycle_2015_00512.jpg,0,0,0,0
Bicycle_2015_00513.jpg,7,6,1,0
Bicycle_2015_00516.jpg,9,3,2,4
Bicycle_2015_00520.jpg,12,7,5,0
Bicycle_2015_00521.jpg,0,0,0,0
Bicycle_2015_00526.jpg,0,0,0,0
Bicycle_2015_00527.jpg,0,0,0,0
Bicycle_2015_00528.jpg,3,3,0,0
Bicycle_2015_00530.jpg,7,7,0,0
Bicycle_2015_00532.jpg,13,12,1,0
Bicycle_2015_00533.jpg,0,0,0,0
Bicycle_2015_00534.jpg,2,1,1,0
Bicycle_2015_00536.jpg,12,5,6,1
Bicycle_2015_00537.jpg,0,0,0,0
Bicycle_2015_00543.jpg,3,2,1,0
Bicycle_2015_00546.jpg,3,3,0,0
Bicycle_2015_00547.jpg,8,3,4,1
Bicycle_2015_00548.jpg,6,3,1,2
Bicycle_2015_00550.jpg,0,0,0,0
Bicycle_2015_00553.jpg,10,3,4,3
Bicycle_2015_00555.jpg,0,0,0,0
Bicycle_2015_00556.jpg,0,0,0,0
Bicycle_2015_00557.jpg,6,0,6,0
Bicycle_2015_00559.jpg,0,0,0,0
Bicycle_2015_00561.jpg,7,1,4,2
Bicycle_2015_00562.jpg,21,7,14,0
Bicycle_2015_00563.jpg,1,0,1,0
Bicycle_2015_00568.jpg,0,0,0,0
Bicycle_2015_00569.jpg,1,0,1,0
Bicycle_2015_00572.jpg,1,1,0,0
Bicycle_2015_00573.jpg,2,2,0,0
Bicycle_2015_00575.jpg,0,0,0,0
Bicycle_2015_00576.jpg,1,1,0,0
Bicycle_2015_00578.jpg,1,1,0,0
Bicycle_2015_00580.jpg,1,0,1,0
Bicycle_2015_00582.jpg,5,5,0,0
Bicycle_2015_00593.JPEG,0,0,0,0
Bicycle_2015_00595.jpg,2,1,1,0
Bicycle_2015_00599.jpg,1,1,0,0
Bicycle_2015_00600.jpg,1,1,0,0
Bicycle_2015_00602.jpg,4,2,0,2
Bicycle_2015_00605.jpg,0,0,0,0
Bicycle_2015_00606.jpg,0,0,0,0
Bicycle_2015_00608.png,5,0,1,4
Bicycle_2015_00610.jpg,2,0,2,0
Bicycle_2015_00612.jpg,2,2,0,0
Bicycle_2015_00615.jpg,0,0,0,0
Bicycle_2015_00616.jpg,0,0,0,0
Bicycle_2015_00617.jpg,6,6,0,0
Bicycle_2015_00618.jpg,0,0,0,0
Bicycle_2015_00620.jpg,0,0,0,0
Bicycle_2015_00621.jpg,7,0,6,1
Bicycle_2015_00622.jpg,0,0,0,0
Bicycle_2015_00623.jpg,0,0,0,0
Bicycle_2015_00624.jpg,0,0,0,0
Bicycle_2015_00625.jpg,2,0,2,0
Bicycle_2015_00626.jpg,4,0,3,1
Bicycle_2015_00628.jpg,11,0,6,5
Bicycle_2015_00629.jpg,0,0,0,0
Bicycle_2015_00630.jpg,10,9,1,0
Bicycle_2015_00633.jpg,2,2,0,0
Bicycle_2015_00634.jpg,0,0,0,0
Bicycle_2015_00637.jpg,2,2,0,0
Bicycle_2015_00639.jpg,3,3,0,0
Bicycle_2015_00642.jpg,7,7,0,0
Bicycle_2015_00643.jpg,5,2,3,0
Bicycle_2015_00645.png,0,0,0,0
Bicycle_2015_00646.png,1,0,0,1
Bicycle_2015_00650.jpg,4,0,3,1
Bus_2015_01879.jpg,1,1,0,0
Bus_2015_01880.png,5,2,3,0
Bus_2015_01881.png,9,1,8,0
Bus_2015_01883.jpg,0,0,0,0
Bus_2015_01889.jpg,0,0,0,0
Bus_2015_01891.jpg,0,0,0,0
Bus_2015_01892.jpg,0,0,0,0
Bus_2015_01893.jpg,5,4,1,0
Bus_2015_01894.jpg,2,2,0,0
Bus_2015_01896.jpg,0,0,0,0
Bus_2015_01897.jpg,0,0,0,0
Bus_2015_01899.jpg,6,0,2,4
Bus_2015_01901.jpg,10,3,7,0
Bus_2015_01903.jpg,3,3,0,0
Bus_2015_01904.jpg,0,0,0,0
Bus_2015_01906.jpg,0,0,0,0
Bus_2015_01910.jpg,7,4,0,3
Bus_2015_01913.jpg,1,1,0,0
Bus_2015_01915.jpg,2,2,0,0
Bus_2015_01918.jpg,0,0,0,0
Bus_2015_01919.jpg,0,0,0,0
Bus_2015_01920.jpg,0,0,0,0
Bus_2015_01921.jpg,1,0,1,0
Bus_2015_01924.jpg,0,0,0,0
Bus_2015_01931.jpg,3,0,3,0
Bus_2015_01934.jpg,3,3,0,0
Bus_2015_01935.jpg,1,1,0,0
Bus_2015_01937.jpg,11,5,3,3
Bus_2015_01938.jpg,0,0,0,0
Bus_2015_01940.jpg,3,0,0,3
Bus_2015_01941.jpg,1,1,0,0
Bus_2015_01942.jpg,6,4,2,0
Bus_2015_01944.jpg,0,0,0,0
Bus_2015_01945.jpg,4,1,3,0
Bus_2015_01946.jpg,5,0,2,3
Bus_2015_01948.jpg,1,1,0,0
Bus_2015_01949.jpg,3,0,3,0
Bus_2015_01951.jpg,1,0,1,0
Bus_2015_01955.jpg,3,2,1,0
Bus_2015_01956.jpg,2,2,0,0
Bus_2015_01958.jpg,2,2,0,0
Bus_2015_01959.jpg,3,3,0,0
Bus_2015_01960.jpg,6,2,4,0
Bus_2015_01961.jpg,2,2,0,0
Bus_2015_01962.jpg,2,1,1,0
Bus_2015_01966.jpg,9,7,2,0
Bus_2015_01967.jpg,1,0,0,1
Bus_2015_01975.jpg,4,1,3,0
Bus_2015_01976.jpg,0,0,0,0
Bus_2015_01978.jpg,0,0,0,0
Bus_2015_01980.jpg,0,0,0,0
Bus_2015_01985.jpg,1,0,0,1
Bus_2015_01987.jpg,10,7,3,0
Bus_2015_01990.jpg,1,0,1,0
Bus_2015_01991.jpg,5,3,2,0
Bus_2015_01993.jpg,1,0,1,0
Bus_2015_01994.jpg,4,4,0,0
Bus_2015_01997.jpg,3,1,2,0
Bus_2015_01998.jpg,1,0,0,1
Bus_2015_02001.jpg,8,3,4,1
Bus_2015_02002.jpg,0,0,0,0
Bus_2015_02003.jpg,4,1,3,0
Bus_2015_02004.jpg,1,1,0,0
Bus_2015_02006.jpg,0,0,0,0
Bus_2015_02008.jpg,3,1,2,0
Bus_2015_02009.jpg,4,4,0,0
Bus_2015_02011.jpg,0,0,0,0
Bus_2015_02013.jpg,2,2,0,0
Bus_2015_02014.jpg,2,0,0,2
Bus_2015_02018.jpg,5,1,0,4
Bus_2015_02022.jpg,7,4,3,0
Bus_2015_02023.jpg,4,0,4,0
Bus_2015_02024.jpg,5,3,2,0
Bus_2015_02026.jpg,23,9,12,2
Bus_2015_02031.jpg,6,5,0,1
Bus_2015_02032.jpg,9,6,3,0
Bus_2015_02033.jpg,0,0,0,0
Bus_2015_02035.jpg,8,4,3,1
Bus_2015_02036.jpg,13,6,7,0
Bus_2015_02037.jpg,2,0,2,0
Bus_2015_02038.jpg,10,8,2,0
Bus_2015_02039.jpg,7,5,2,0
Bus_2015_02042.jpg,13,4,8,1
Bus_2015_02043.jpg,15,0,6,9
Bus_2015_02044.jpg,2,2,0,0
Bus_2015_02046.jpg,2,2,0,0
Bus_2015_02047.jpg,0,0,0,0
Bus_2015_02049.jpg,3,0,3,0
Bus_2015_02051.jpg,0,0,0,0
Bus_2015_02053.jpg,5,0,2,3
Bus_2015_02054.jpg,6,6,0,0
Bus_2015_02056.jpg,7,5,2,0
Bus_2015_02058.jpg,0,0,0,0
Bus_2015_02059.jpg,13,11,2,0
Bus_2015_02061.jpg,0,0,0,0
Bus_2015_02064.jpg,1,0,1,0
Bus_2015_02066.jpg,3,0,3,0
Bus_2015_02067.jpg,2,1,1,0
Bus_2015_02069.jpg,8,4,4,0
Bus_2015_02070.jpg,5,4,0,1
Bus_2015_02072.jpg,2,0,2,0
Bus_2015_02073.jpg,1,0,1,0
Bus_2015_02074.jpg,2,1,0,1
Bus_2015_02075.jpg,2,0,2,0
Bus_2015_02077.jpg,3,2,1,0
Bus_2015_02079.jpg,0,0,0,0
Bus_2015_02080.jpg,0,0,0,0
Bus_2015_02082.jpg,1,0,1,0
Bus_2015_02083.jpg,6,0,6,0
Bus_2015_02084.jpg,6,3,2,1
Bus_2015_02085.jpg,3,3,0,0
Bus_2015_02086.jpg,5,0,4,1
Bus_2015_02087.jpg,2,1,1,0
Bus_2015_02088.jpg,2,0,0,2
Bus_2015_02089.jpg,2,1,1,0
Bus_2015_02091.jpg,0,0,0,0
Bus_2015_02092.jpg,0,0,0,0
Bus_2015_02097.jpg,0,0,0,0
Bus_2015_02100.jpg,8,5,3,0
Bus_2015_02101.jpg,3,0,1,2
Bus_2015_02103.jpg,3,3,0,0
Bus_2015_02105.jpg,5,0,0,5
Bus_2015_02108.jpg,0,0,0,0
Bus_2015_02109.jpg,3,2,1,0
Bus_2015_02110.jpg,0,0,0,0
Bus_2015_02111.jpg,15,11,4,0
Bus_2015_02112.jpg,6,3,3,0
Bus_2015_02113.jpg,0,0,0,0
Bus_2015_02118.jpg,0,0,0,0
Bus_2015_02122.jpg,8,0,8,0
Bus_2015_02124.jpg,4,4,0,0
Bus_2015_02125.jpg,7,0,6,1
Bus_2015_02127.jpg,1,1,0,0
Bus_2015_02128.jpg,0,0,0,0
Bus_2015_02131.jpg,3,0,3,0
Bus_2015_02133.jpg,1,0,1,0
Bus_2015_02137.jpg,3,0,1,2
Bus_2015_02138.jpg,6,5,0,1
Bus_2015_02139.jpg,8,8,0,0
Bus_2015_02140.jpg,0,0,0,0
Bus_2015_02141.jpg,0,0,0,0
Bus_2015_02142.jpg,9,3,6,0
Bus_2015_02144.jpg,0,0,0,0
Bus_2015_02146.jpg,1,0,0,1
Bus_2015_02147.jpg,0,0,0,0
Bus_2015_02149.jpg,8,3,5,0
Bus_2015_02151.jpg,2,1,1,0
Bus_2015_02152.jpg,2,2,0,0
Bus_2015_02153.jpg,10,8,2,0
Bus_2015_02155.jpg,0,0,0,0
Bus_2015_02157.jpg,0,0,0,0
Bus_2015_02162.jpg,0,0,0,0
Bus_2015_02165.jpg,2,1,1,0
Bus_2015_02166.jpg,0,0,0,0
Bus_2015_02173.jpg,7,4,3,0
Bus_2015_02175.jpg,0,0,0,0
Bus_2015_02176.jpg,5,3,2,0
Bus_2015_02178.jpg,0,0,0,0
Bus_2015_02179.jpg,9,1,8,0
Bus_2015_02180.jpg,14,4,10,0
Bus_2015_02181.jpg,6,4,1,1
Bus_2015_02182.jpg,1,1,0,0
Bus_2015_02184.jpg,6,4,2,0
Bus_2015_02185.jpg,3,1,2,0
Bus_2015_02187.jpg,1,1,0,0
Bus_2015_02189.jpg,0,0,0,0
Bus_2015_02190.jpg,8,0,6,2
Bus_2015_02193.jpg,6,6,0,0
Bus_2015_02195.jpg,0,0,0,0
Bus_2015_02198.jpg,10,9,0,1
Bus_2015_02199.jpg,5,2,2,1
Bus_2015_02203.jpg,2,0,2,0
Bus_2015_02208.jpg,0,0,0,0
Bus_2015_02210.jpg,0,0,0,0
Bus_2015_02211.jpg,8,3,5,0
Bus_2015_02212.jpg,4,4,0,0
Bus_2015_02213.jpg,7,1,3,3
Bus_2015_02215.jpg,0,0,0,0
Bus_2015_02216.jpg,0,0,0,0
Bus_2015_02217.jpg,3,1,0,2
Bus_2015_02220.jpg,4,3,1,0
Bus_2015_02221.jpg,3,0,3,0
Bus_2015_02223.jpg,7,3,4,0
Bus_2015_02227.jpg,0,0,0,0
Bus_2015_02228.jpg,1,0,1,0
Bus_2015_02229.jpg,1,0,0,1
Bus_2015_02230.jpg,0,0,0,0
Bus_2015_02231.jpg,3,0,2,1
Bus_2015_02232.jpg,3,0,3,0
Bus_2015_02233.jpg,0,0,0,0
Bus_2015_02234.JPG,8,7,1,0
Bus_2015_02238.jpg,1,0,0,1
Bus_2015_02239.JPEG,0,0,0,0
Bus_2015_02240.JPEG,10,2,8,0
Bus_2015_02241.JPEG,3,2,1,0
Bus_2015_02243.jpg,8,2,4,2
Bus_2015_02244.jpg,4,1,3,0
Bus_2015_02245.jpg,1,1,0,0
Bus_2015_02246.jpg,5,1,4,0
Bus_2015_02247.jpg,5,2,3,0
Bus_2015_02252.JPG,2,2,0,0
Bus_2015_02254.JPG,0,0,0,0
Bus_2015_02258.JPG,1,1,0,0
Bus_2015_02265.JPG,3,0,3,0
Bus_2015_02267.jpg,3,3,0,0
Bus_2015_02269.jpg,2,2,0,0
Bus_2015_02270.jpg,0,0,0,0
Bus_2015_02271.jpg,3,3,0,0
Bus_2015_02272.JPG,5,3,1,1
Bus_2015_02274.JPG,5,1,4,0
Bus_2015_02276.jpg,1,1,0,0
Bus_2015_02280.jpg,0,0,0,0
Bus_2015_02282.jpg,4,1,3,0
Bus_2015_02283.jpg,0,0,0,0
Bus_2015_02284.jpg,4,2,1,1
Bus_2015_02287.jpg,5,2,3,0
Bus_2015_02289.jpg,0,0,0,0
Bus_2015_02291.JPG,1,1,0,0
Bus_2015_02292.jpg,13,8,4,1
Bus_2015_02296.jpg,1,1,0,0
Bus_2015_02297.jpg,1,0,1,0
Bus_2015_02298.jpg,1,0,1,0
Bus_2015_02300.jpg,5,3,2,0
Bus_2015_02305.jpg,2,1,1,0
Bus_2015_02306.jpg,5,0,0,5
Bus_2015_02307.jpg,17,15,2,0
Bus_2015_02308.jpg,0,0,0,0
Bus_2015_02309.png,8,1,4,3
Bus_2015_02310.jpg,6,4,2,0
Bus_2015_02311.jpg,0,0,0,0
Bus_2015_02312.jpg,0,0,0,0
Bus_2015_02313.jpg,3,0,3,0
Bus_2015_02315.jpg,3,0,2,1
Bus_2015_02317.jpg,0,0,0,0
Bus_2015_02319.jpg,0,0,0,0
Bus_2015_02322.jpg,2,1,1,0
Bus_2015_02324.jpg,13,4,8,1
Bus_2015_02325.jpg,0,0,0,0
Bus_2015_02327.jpg,2,2,0,0
Bus_2015_02329.jpg,1,1,0,0
Bus_2015_02331.jpg,11,2,8,1
Bus_2015_02332.jpg,5,0,0,5
Bus_2015_02334.jpg,6,5,1,0
Bus_2015_02336.jpg,13,0,0,13
Bus_2015_02338.jpg,1,0,1,0
Bus_2015_02343.jpg,3,3,0,0
Bus_2015_02345.jpg,9,4,5,0
Bus_2015_02347.jpg,0,0,0,0
Bus_2015_02349.JPEG,2,2,0,0
Bus_2015_02351.JPEG,4,1,1,2
Bus_2015_02355.JPEG,3,1,2,0
Bus_2015_02360.jpg,6,1,5,0
Bus_2015_02364.jpg,0,0,0,0
Bus_2015_02365.jpg,1,0,1,0
Bus_2015_02367.jpg,17,4,12,1
Bus_2015_02368.jpg,3,2,1,0
Bus_2015_02370.jpg,0,0,0,0
Bus_2015_02373.jpg,7,3,3,1
Bus_2015_02374.jpg,14,11,1,2
Bus_2015_02375.jpg,16,1,14,1
Bus_2015_02381.jpg,7,5,2,0
Bus_2015_02382.jpg,0,0,0,0
Bus_2015_02384.jpg,2,0,0,2
Bus_2015_02387.jpg,7,0,7,0
Bus_2015_02392.jpg,0,0,0,0
Bus_2015_02395.jpg,7,0,2,5
Bus_2015_02397.jpg,0,0,0,0
Bus_2015_02399.png,2,0,1,1
Bus_2015_02404.jpg,2,0,2,0
Car_2015_02406.jpg,9,7,2,0
Car_2015_02407.jpg,0,0,0,0
Car_2015_02412.jpg,0,0,0,0
Car_2015_02414.jpg,4,4,0,0
Car_2015_02416.png,0,0,0,0
Car_2015_02417.jpg,19,14,4,1
Car_2015_02418.jpg,9,6,3,0
Car_2015_02419.jpg,3,3,0,0
Car_2015_02421.jpg,4,0,4,0
Car_2015_02422.jpg,50,7,37,6
Car_2015_02424.jpg,0,0,0,0
Car_2015_02426.jpg,0,0,0,0
Car_2015_02427.jpg,0,0,0,0
Car_2015_02428.jpg,0,0,0,0
Car_2015_02429.jpg,3,3,0,0
Car_2015_02430.jpg,0,0,0,0
Car_2015_02431.jpg,6,6,0,0
Car_2015_02432.jpg,1,1,0,0
Car_2015_02437.jpg,8,7,1,0
Car_2015_02438.jpg,4,4,0,0
Car_2015_02442.jpg,4,1,3,0
Car_2015_02443.jpg,1,1,0,0
Car_2015_02446.jpg,0,0,0,0
Car_2015_02449.jpg,2,0,2,0
Car_2015_02450.jpg,15,13,2,0
Car_2015_02454.jpg,1,0,1,0
Car_2015_02457.jpg,0,0,0,0
Car_2015_02460.jpg,15,13,2,0
Car_2015_02464.jpg,0,0,0,0
Car_2015_02468.jpg,22,18,4,0
Car_2015_02470.jpg,8,1,0,7
Car_2015_02472.jpg,14,0,0,14
Car_2015_02474.jpg,8,2,6,0
Car_2015_02477.jpg,0,0,0,0
Car_2015_02480.jpg,0,0,0,0
Car_2015_02486.jpg,0,0,0,0
Car_2015_02487.jpg,0,0,0,0
Car_2015_02488.jpg,2,0,0,2
Car_2015_02491.jpg,0,0,0,0
Car_2015_02493.jpg,0,0,0,0
Car_2015_02495.jpg,3,0,3,0
Car_2015_02498.jpg,4,0,1,3
Car_2015_02499.jpg,0,0,0,0
Car_2015_02500.jpg,7,6,1,0
Car_2015_02502.jpg,0,0,0,0
Car_2015_02504.jpg,10,0,4,6
Car_2015_02505.jpg,22,0,1,21
Car_2015_02506.jpg,0,0,0,0
Car_2015_02508.jpg,1,1,0,0
Car_2015_02509.jpg,0,0,0,0
Car_2015_02515.jpg,3,0,0,3
Car_2015_02516.jpg,2,0,2,0
Car_2015_02518.jpg,17,0,12,5
Car_2015_02523.jpg,0,0,0,0
Car_2015_02524.jpg,35,34,1,0
Car_2015_02525.jpg,0,0,0,0
Car_2015_02526.jpg,6,1,5,0
Car_2015_02537.jpg,0,0,0,0
Car_2015_02543.jpg,3,0,2,1
Car_2015_02544.jpg,2,0,2,0
Car_2015_02545.jpg,24,21,3,0
Car_2015_02547.jpg,1,1,0,0
Car_2015_02549.jpg,2,0,2,0
Car_2015_02551.jpg,0,0,0,0
Car_2015_02553.jpg,6,6,0,0
Car_2015_02555.jpg,0,0,0,0
Car_2015_02556.jpg,12,10,2,0
Car_2015_02557.jpg,0,0,0,0
Car_2015_02558.jpg,6,3,3,0
Car_2015_02561.jpg,4,4,0,0
Car_2015_02567.jpg,0,0,0,0
Car_2015_02569.jpg,6,0,1,5
Car_2015_02570.jpg,0,0,0,0
Car_2015_02572.jpg,3,0,3,0
Car_2015_02574.jpg,6,3,3,0
Car_2015_02576.jpg,4,2,2,0
Car_2015_02577.jpg,0,0,0,0
Car_2015_02578.jpg,17,8,9,0
Car_2015_02579.jpg,12,5,6,1
Car_2015_02582.jpg,0,0,0,0
Car_2015_02583.jpg,6,0,3,3
Car_2015_02585.jpg,7,7,0,0
Car_2015_02586.jpg,5,3,2,0
Car_2015_02587.jpg,1,0,1,0
Car_2015_02588.jpg,2,0,0,2
Car_2015_02589.jpg,2,0,1,1
Car_2015_02591.jpg,1,1,0,0
Car_2015_02593.jpg,4,0,3,1
Car_2015_02594.jpg,1,1,0,0
Car_2015_02595.jpg,0,0,0,0
Car_2015_02596.jpg,0,0,0,0
Car_2015_02597.jpg,5,0,5,0
Car_2015_02598.jpg,3,2,1,0
Car_2015_02600.jpg,13,3,9,1
Car_2015_02601.jpg,1,1,0,0
Car_2015_02602.jpg,1,1,0,0
Car_2015_02605.jpg,18,11,5,2
Car_2015_02606.jpg,1,1,0,0
Car_2015_02607.jpg,0,0,0,0
Car_2015_02608.jpg,0,0,0,0
Car_2015_02612.jpg,0,0,0,0
Car_2015_02614.jpg,3,2,1,0
Car_2015_02619.JPEG,5,0,2,3
Car_2015_02621.JPEG,2,1,1,0
Car_2015_02624.JPEG,0,0,0,0
Car_2015_02626.JPEG,1,0,1,0
Car_2015_02627.JPEG,2,2,0,0
Car_2015_02628.JPEG,0,0,0,0
Car_2015_02630.jpg,0,0,0,0
Car_2015_02631.jpg,7,1,4,2
Car_2015_02639.jpg,0,0,0,0
Car_2015_02642.JPG,2,2,0,0
Car_2015_02643.JPG,3,0,3,0
Car_2015_02653.JPG,9,6,3,0
Car_2015_02662.JPG,2,2,0,0
Car_2015_02666.JPG,0,0,0,0
Car_2015_02667.JPG,7,7,0,0
Car_2015_02670.JPG,6,6,0,0
Car_2015_02674.JPG,5,5,0,0
Car_2015_02677.JPG,5,5,0,0
Car_2015_02683.JPG,1,1,0,0
Car_2015_02689.JPG,4,0,3,1
Car_2015_02690.JPG,0,0,0,0
Car_2015_02693.JPG,2,2,0,0
Car_2015_02696.jpg,3,3,0,0
Car_2015_02699.jpg,1,0,0,1
Car_2015_02700.jpg,0,0,0,0
Car_2015_02708.jpg,0,0,0,0
Car_2015_02709.jpg,4,4,0,0
Car_2015_02711.jpg,0,0,0,0
Car_2015_02713.jpg,1,1,0,0
Car_2015_02716.jpg,1,0,1,0
Car_2015_02717.jpg,2,1,1,0
Car_2015_02720.jpg,1,1,0,0
Car_2015_02725.png,5,1,0,4
Car_2015_02726.jpg,2,2,0,0
Car_2015_02728.jpg,7,7,0,0
Car_2015_02730.jpg,0,0,0,0
Car_2015_02735.jpg,7,1,6,0
Car_2015_02736.jpg,1,1,0,0
Car_2015_02738.jpg,0,0,0,0
Car_2015_02739.jpg,0,0,0,0
Car_2015_02740.jpg,0,0,0,0
Car_2015_02741.jpg,1,0,0,1
Car_2015_02742.jpg,4,0,1,3
Car_2015_02744.jpg,0,0,0,0
Car_2015_02745.jpg,1,0,0,1
Car_2015_02748.jpg,0,0,0,0
Car_2015_02749.jpg,7,0,6,1
Car_2015_02750.jpg,0,0,0,0
Car_2015_02752.jpg,4,4,0,0
Car_2015_02754.jpg,0,0,0,0
Car_2015_02755.jpg,0,0,0,0
Car_2015_02756.jpg,4,0,4,0
Car_2015_02758.jpg,0,0,0,0
Car_2015_02764.jpg,1,0,0,1
Car_2015_02766.jpg,27,15,12,0
Car_2015_02770.jpg,1,1,0,0
Car_2015_02775.jpg,0,0,0,0
Car_2015_02776.jpg,6,5,1,0
Car_2015_02779.jpg,2,2,0,0
Car_2015_02780.jpg,2,0,2,0
Car_2015_02785.jpg,1,0,0,1
Car_2015_02786.jpg,0,0,0,0
Car_2015_02791.jpg,7,0,7,0
Car_2015_02796.jpg,35,8,24,3
Car_2015_02799.jpg,0,0,0,0
Car_2015_02800.jpg,7,6,1,0
Car_2015_02809.jpg,0,0,0,0
Car_2015_02810.png,1,1,0,0
Car_2015_02811.jpg,1,0,0,1
Car_2015_02815.jpg,3,3,0,0
Car_2015_02816.jpg,0,0,0,0
Car_2015_02817.jpg,1,1,0,0
Car_2015_02818.jpg,2,2,0,0
Car_2015_02819.jpg,0,0,0,0
Car_2015_02824.jpg,0,0,0,0
Car_2015_02826.jpg,0,0,0,0
Car_2015_02827.jpg,0,0,0,0
Car_2015_02828.jpg,1,1,0,0
Car_2015_02829.jpg,0,0,0,0
Car_2015_02830.jpg,0,0,0,0
Car_2015_02831.jpg,16,11,5,0
Car_2015_02833.jpg,4,4,0,0
Car_2015_02834.jpg,1,1,0,0
Car_2015_02835.jpg,0,0,0,0
Car_2015_02836.jpg,0,0,0,0
Car_2015_02837.jpg,2,0,2,0
Car_2015_02845.jpg,5,0,2,3
Car_2015_02848.jpg,4,4,0,0
Car_2015_02851.jpg,2,2,0,0
Car_2015_02852.jpg,1,1,0,0
Car_2015_02854.jpg,0,0,0,0
Car_2015_02859.jpg,0,0,0,0
Car_2015_02860.jpg,2,0,1,1
Car_2015_02861.jpg,1,0,1,0
Car_2015_02863.jpg,0,0,0,0
Car_2015_02865.JPEG,1,0,1,0
Car_2015_02868.JPEG,8,6,2,0
Car_2015_02871.JPEG,2,0,2,0
Car_2015_02873.jpg,0,0,0,0
Car_2015_02877.jpg,4,4,0,0
Car_2015_02878.jpg,3,0,3,0
Car_2015_02881.jpg,0,0,0,0
Car_2015_02882.jpg,0,0,0,0
Car_2015_02884.jpg,3,1,2,0
Car_2015_02885.jpg,0,0,0,0
Car_2015_02887.jpg,2,0,2,0
Car_2015_02889.jpg,1,1,0,0
Car_2015_02890.jpg,7,7,0,0
Car_2015_02892.jpg,14,2,9,3
Car_2015_02893.jpg,3,2,0,1
Car_2015_02894.jpg,0,0,0,0
Car_2015_02897.jpg,5,5,0,0
Car_2015_02900.jpg,0,0,0,0
Car_2015_02901.jpg,1,1,0,0
Car_2015_02902.png,0,0,0,0
Car_2015_02903.png,1,0,0,1
Car_2015_02904.jpg,12,10,2,0
Car_2015_02906.jpg,5,5,0,0
Car_2015_02912.jpg,6,6,0,0
Car_2015_02913.jpg,0,0,0,0
Car_2015_02915.jpg,14,7,6,1
Car_2015_02916.jpg,1,0,1,0
Car_2015_02917.jpg,4,4,0,0
Car_2015_02919.jpg,5,5,0,0
Car_2015_02920.jpg,2,2,0,0
Car_2015_02922.jpg,0,0,0,0
Car_2015_02924.jpg,5,5,0,0
Car_2015_02925.jpg,13,11,2,0
Car_2015_02926.jpg,0,0,0,0
Car_2015_02927.jpg,2,0,0,2
Car_2015_02928.jpg,1,1,0,0
Car_2015_02929.jpg,0,0,0,0
Car_2015_02931.jpg,0,0,0,0
Car_2015_02933.jpg,3,0,3,0
Car_2015_02936.jpg,0,0,0,0
Car_2015_02937.jpg,1,1,0,0
Car_2015_02938.jpg,0,0,0,0
Car_2015_02939.jpg,0,0,0,0
Car_2015_02944.jpg,1,1,0,0
Car_2015_02945.jpg,0,0,0,0
Car_2015_02947.jpg,3,2,0,1
Car_2015_02948.jpg,5,5,0,0
Car_2015_02953.jpg,0,0,0,0
Car_2015_02955.jpg,0,0,0,0
Car_2015_02956.png,0,0,0,0
Car_2015_02959.jpg,0,0,0,0
Car_2015_02961.jpg,0,0,0,0
Car_2015_02964.jpg,0,0,0,0
Car_2015_02968.jpg,0,0,0,0
Car_2015_02969.jpg,0,0,0,0
Car_2015_02970.jpg,1,1,0,0
Car_2015_02971.jpg,12,8,4,0
Car_2015_02972.jpg,1,1,0,0
Car_2015_02973.jpg,0,0,0,0
Car_2015_02977.jpg,2,2,0,0
Car_2015_02982.jpg,0,0,0,0
Car_2015_02983.jpg,1,0,1,0
Car_2015_02984.jpg,0,0,0,0
Car_2015_02995.jpg,3,0,0,3
Car_2015_02997.jpg,0,0,0,0
Car_2015_02998.jpg,0,0,0,0
Car_2015_03001.jpg,8,8,0,0
Car_2015_03002.jpg,4,3,0,1
Car_2015_03006.png,0,0,0,0
Car_2015_03011.png,0,0,0,0
Car_2015_03018.png,1,0,0,1
Car_2015_03019.png,3,0,3,0
Car_2015_03020.png,12,2,9,1
Car_2015_03026.png,4,0,2,2
Car_2015_03027.png,4,2,0,2
Car_2015_03028.jpg,0,0,0,0
Car_2015_03032.jpg,0,0,0,0
Car_2015_03035.jpg,1,1,0,0
Car_2015_03036.jpg,0,0,0,0
Car_2015_03039.jpg,0,0,0,0
Car_2015_03041.jpg,1,1,0,0
Motorbike_2015_05748.jpg,0,0,0,0
Motorbike_2015_05754.jpg,1,0,0,1
Motorbike_2015_05755.jpg,4,3,1,0
Motorbike_2015_05757.jpg,0,0,0,0
Motorbike_2015_05758.jpg,0,0,0,0
Motorbike_2015_05761.jpg,1,0,0,1
Motorbike_2015_05762.jpg,5,1,4,0
Motorbike_2015_05763.jpg,0,0,0,0
Motorbike_2015_05766.jpg,2,0,2,0
Motorbike_2015_05768.jpg,0,0,0,0
Motorbike_2015_05770.jpg,1,0,1,0
Motorbike_2015_05771.jpg,0,0,0,0
Motorbike_2015_05773.jpg,0,0,0,0
Motorbike_2015_05774.jpg,0,0,0,0
Motorbike_2015_05783.jpg,4,0,3,1
Motorbike_2015_05786.jpg,0,0,0,0
Motorbike_2015_05789.jpg,1,1,0,0
Motorbike_2015_05790.jpg,0,0,0,0
Motorbike_2015_05791.jpg,0,0,0,0
Motorbike_2015_05795.jpg,2,2,0,0
Motorbike_2015_05796.jpg,2,2,0,0
Motorbike_2015_05797.jpg,0,0,0,0
Motorbike_2015_05800.jpg,2,2,0,0
Motorbike_2015_05802.jpg,3,3,0,0
Motorbike_2015_05805.jpg,1,0,0,1
Motorbike_2015_05810.jpg,0,0,0,0
Motorbike_2015_05811.jpg,3,2,1,0
Motorbike_2015_05812.jpg,2,2,0,0
Motorbike_2015_05814.jpg,0,0,0,0
Motorbike_2015_05815.jpg,0,0,0,0
Motorbike_2015_05819.jpg,0,0,0,0
Motorbike_2015_05821.jpg,1,1,0,0
Motorbike_2015_05826.jpg,1,1,0,0
Motorbike_2015_05834.jpg,1,0,1,0
Motorbike_2015_05842.jpg,5,5,0,0
Motorbike_2015_05844.jpg,4,2,2,0
Motorbike_2015_05846.jpg,4,3,1,0
Motorbike_2015_05849.jpg,10,9,1,0
Motorbike_2015_05851.jpg,0,0,0,0
Motorbike_2015_05853.jpg,1,1,0,0
Motorbike_2015_05856.jpg,1,0,0,1
Motorbike_2015_05857.jpg,0,0,0,0
Motorbike_2015_05860.jpg,2,2,0,0
Motorbike_2015_05863.jpg,0,0,0,0
Motorbike_2015_05864.jpg,0,0,0,0
Motorbike_2015_05870.jpg,1,1,0,0
Motorbike_2015_05872.jpg,5,5,0,0
Motorbike_2015_05873.jpg,0,0,0,0
Motorbike_2015_05876.jpg,2,2,0,0
Motorbike_2015_05877.jpg,0,0,0,0
Motorbike_2015_05879.jpg,0,0,0,0
Motorbike_2015_05880.jpg,0,0,0,0
Motorbike_2015_05881.jpg,2,1,1,0
Motorbike_2015_05882.jpg,0,0,0,0
Motorbike_2015_05884.jpg,0,0,0,0
Motorbike_2015_05887.jpg,0,0,0,0
Motorbike_2015_05888.jpg,4,4,0,0
Motorbike_2015_05890.jpg,33,30,3,0
Motorbike_2015_05896.jpg,1,1,0,0
Motorbike_2015_05898.jpg,0,0,0,0
Motorbike_2015_05900.jpg,8,2,6,0
Motorbike_2015_05901.jpg,6,2,4,0
Motorbike_2015_05903.jpg,1,1,0,0
Motorbike_2015_05905.jpg,13,11,2,0
Motorbike_2015_05906.jpg,1,0,1,0
Motorbike_2015_05908.jpg,8,0,5,3
Motorbike_2015_05910.jpg,0,0,0,0
Motorbike_2015_05911.jpg,0,0,0,0
Motorbike_2015_05913.jpg,5,4,1,0
Motorbike_2015_05915.jpg,0,0,0,0
Motorbike_2015_05917.jpg,1,1,0,0
Motorbike_2015_05920.jpg,2,0,2,0
Motorbike_2015_05929.jpg,0,0,0,0
Motorbike_2015_05931.jpg,0,0,0,0
Motorbike_2015_05934.jpg,15,15,0,0
Motorbike_2015_05935.jpg,0,0,0,0
Motorbike_2015_05938.jpg,12,1,10,1
Motorbike_2015_05942.jpg,1,0,1,0
Motorbike_2015_05943.jpg,5,5,0,0
Motorbike_2015_05945.jpg,1,1,0,0
Motorbike_2015_05948.jpg,0,0,0,0
Motorbike_2015_05949.jpg,3,1,2,0
Motorbike_2015_05950.jpg,4,1,3,0
Motorbike_2015_05955.jpg,0,0,0,0
Motorbike_2015_05959.jpg,0,0,0,0
Motorbike_2015_05962.jpg,3,3,0,0
Motorbike_2015_05963.jpg,6,5,1,0
Motorbike_2015_05967.jpg,6,4,2,0
Motorbike_2015_05968.jpg,2,0,2,0
Motorbike_2015_05970.jpg,1,1,0,0
Motorbike_2015_05976.jpg,5,4,1,0
Motorbike_2015_05978.jpg,3,0,3,0
Motorbike_2015_05981.jpg,0,0,0,0
Motorbike_2015_05982.jpg,2,1,1,0
Motorbike_2015_05990.jpg,8,5,3,0
Motorbike_2015_05992.jpg,1,1,0,0
Motorbike_2015_05999.jpg,1,0,1,0
Motorbike_2015_06003.jpg,6,0,6,0
Motorbike_2015_06005.jpg,1,1,0,0
Motorbike_2015_06009.jpg,0,0,0,0
Motorbike_2015_06015.jpg,2,2,0,0
Motorbike_2015_06016.jpg,3,3,0,0
Motorbike_2015_06017.jpg,4,2,2,0
Motorbike_2015_06018.jpg,5,5,0,0
Motorbike_2015_06024.jpg,1,0,0,1
Motorbike_2015_06028.jpg,3,1,2,0
Motorbike_2015_06029.jpg,5,1,3,1
Motorbike_2015_06030.jpg,0,0,0,0
Motorbike_2015_06037.jpg,7,6,0,1
Motorbike_2015_06045.JPG,0,0,0,0
Motorbike_2015_06057.JPG,18,16,2,0
Motorbike_2015_06064.JPG,3,3,0,0
Motorbike_2015_06068.JPG,3,1,2,0
Motorbike_2015_06070.jpg,0,0,0,0
Motorbike_2015_06071.jpg,1,1,0,0
Motorbike_2015_06073.jpg,7,1,6,0
Motorbike_2015_06074.jpg,0,0,0,0
Motorbike_2015_06075.jpg,2,2,0,0
Motorbike_2015_06076.jpg,3,3,0,0
Motorbike_2015_06078.jpg,0,0,0,0
Motorbike_2015_06082.jpg,1,0,1,0
Motorbike_2015_06087.jpg,13,10,3,0
Motorbike_2015_06088.jpg,1,0,1,0
Motorbike_2015_06095.jpg,4,4,0,0
Motorbike_2015_06098.jpg,1,0,1,0
Motorbike_2015_06099.jpg,1,0,0,1
Motorbike_2015_06100.jpg,2,0,1,1
Motorbike_2015_06102.jpg,0,0,0,0
Motorbike_2015_06104.jpg,3,0,3,0
Motorbike_2015_06105.jpg,0,0,0,0
Motorbike_2015_06106.jpg,3,1,2,0
Motorbike_2015_06107.jpg,4,1,3,0
Motorbike_2015_06108.jpg,5,5,0,0
Motorbike_2015_06109.jpg,3,1,2,0
Motorbike_2015_06110.jpg,10,6,4,0
Motorbike_2015_06111.jpg,5,0,5,0
Motorbike_2015_06112.jpg,13,0,4,9
Motorbike_2015_06113.jpg,6,1,4,1
Motorbike_2015_06117.jpg,4,0,4,0
Motorbike_2015_06119.jpg,4,4,0,0
Motorbike_2015_06122.jpg,1,1,0,0
Motorbike_2015_06123.jpg,35,0,12,23
Motorbike_2015_06125.jpg,1,1,0,0
Motorbike_2015_06130.jpg,0,0,0,0
Motorbike_2015_06134.jpg,4,4,0,0
Motorbike_2015_06135.jpg,1,1,0,0
Motorbike_2015_06136.jpg,0,0,0,0
Motorbike_2015_06139.JPEG,4,4,0,0
Motorbike_2015_06142.JPEG,2,2,0,0
Motorbike_2015_06145.JPEG,8,4,2,2
Motorbike_2015_06147.JPEG,18,3,8,7
Motorbike_2015_06153.JPEG,0,0,0,0
Motorbike_2015_06159.jpg,0,0,0,0
Motorbike_2015_06164.jpg,0,0,0,0
Motorbike_2015_06168.png,2,0,0,2
Motorbike_2015_06172.jpg,10,8,2,0
Motorbike_2015_06173.jpg,1,0,1,0
Motorbike_2015_06176.jpg,5,0,4,1
Motorbike_2015_06179.jpg,9,3,5,1
Motorbike_2015_06182.jpg,0,0,0,0
Motorbike_2015_06184.jpg,1,1,0,0
Motorbike_2015_06185.jpg,0,0,0,0
Motorbike_2015_06187.jpg,5,3,2,0
Motorbike_2015_06189.jpg,0,0,0,0
Motorbike_2015_06191.jpg,2,2,0,0
Motorbike_2015_06197.png,0,0,0,0
Motorbike_2015_06205.png,1,0,1,0
Motorbike_2015_06212.png,0,0,0,0
Motorbike_2015_06214.png,1,0,0,1
Motorbike_2015_06220.png,0,0,0,0
Motorbike_2015_06222.png,3,0,1,2
Motorbike_2015_06224.png,4,1,0,3
Motorbike_2015_06225.png,0,0,0,0
Motorbike_2015_06227.png,4,0,0,4
Motorbike_2015_06229.png,4,0,0,4
Motorbike_2015_06230.png,2,0,0,2
Motorbike_2015_06231.png,2,0,0,2
Motorbike_2015_06237.png,3,0,2,1
Motorbike_2015_06242.jpg,0,0,0,0
Motorbike_2015_06244.jpg,0,0,0,0
Motorbike_2015_06245.jpg,1,1,0,0
Motorbike_2017_07361.jpg,0,0,0,0
