grid_id,mean_thermal,canopy_cover_pct,priority_cell,hotspot_score,hotspot_score_v2,cluster,cluster_improved,cluster_label
0,255.0,0.0,True,255.0,1.0,0,0,High thermal / Low canopy (C0)
1,255.0,0.0,True,255.0,1.0,0,0,High thermal / Low canopy (C0)
2,255.0,0.0,True,255.0,1.0,0,0,High thermal / Low canopy (C0)
3,255.0,0.0,True,255.0,1.0,0,0,High thermal / Low canopy (C0)
4,255.0,0.0,True,255.0,1.0,0,0,High thermal / Low canopy (C0)
5,255.0,0.0,True,255.0,1.0,0,0,High thermal / Low canopy (C0)
6,255.0,0.0,True,255.0,1.0,0,0,High thermal / Low canopy (C0)
7,255.0,0.0,True,255.0,1.0,0,0,High thermal / Low canopy (C0)
8,255.0,0.0,True,255.0,1.0,0,0,High thermal / Low canopy (C0)
9,255.0,0.0,True,255.0,1.0,0,0,High thermal / Low canopy (C0)
10,255.0,0.0,True,255.0,1.0,0,0,High thermal / Low canopy (C0)
11,255.0,0.0,True,255.0,1.0,0,0,High thermal / Low canopy (C0)
12,255.0,0.0,True,255.0,1.0,0,0,High thermal / Low canopy (C0)
13,255.0,0.0,True,255.0,1.0,0,0,High thermal / Low canopy (C0)
14,255.0,0.0,True,255.0,1.0,0,0,High thermal / Low canopy (C0)
15,255.0,0.0,True,255.0,1.0,0,0,High thermal / Low canopy (C0)
16,255.0,0.0,True,255.0,1.0,0,0,High thermal / Low canopy (C0)
17,255.0,0.0,True,255.0,1.0,0,0,High thermal / Low canopy (C0)
18,255.0,0.0,True,255.0,1.0,0,0,High thermal / Low canopy (C0)
19,255.0,0.0,True,255.0,1.0,0,0,High thermal / Low canopy (C0)
20,255.0,0.0,True,255.0,1.0,0,0,High thermal / Low canopy (C0)
21,255.0,0.0,True,255.0,1.0,0,0,High thermal / Low canopy (C0)
22,255.0,0.0,True,255.0,1.0,0,0,High thermal / Low canopy (C0)
23,255.0,0.0,True,255.0,1.0,0,0,High thermal / Low canopy (C0)
24,255.0,0.0,True,255.0,1.0,0,0,High thermal / Low canopy (C0)
25,255.0,0.0,True,255.0,1.0,0,0,High thermal / Low canopy (C0)
26,255.0,0.0,True,255.0,1.0,0,0,High thermal / Low canopy (C0)
27,255.0,0.0,True,255.0,1.0,0,0,High thermal / Low canopy (C0)
28,255.0,0.0,True,255.0,1.0,0,0,High thermal / Low canopy (C0)
29,255.0,0.0,True,255.0,1.0,0,0,High thermal / Low canopy (C0)
30,255.0,0.0,True,255.0,1.0,0,0,High thermal / Low canopy (C0)
31,255.0,0.0,True,255.0,1.0,0,0,High thermal / Low canopy (C0)
32,255.0,0.0,True,255.0,1.0,0,0,High thermal / Low canopy (C0)
33,255.0,0.0,True,255.0,1.0,0,0,High thermal / Low canopy (C0)
34,255.0,0.0,True,255.0,1.0,0,0,High thermal / Low canopy (C0)
35,255.0,0.0,True,255.0,1.0,0,0,High thermal / Low canopy (C0)
36,255.0,0.0,True,255.0,1.0,0,0,High thermal / Low canopy (C0)
37,255.0,0.0,True,255.0,1.0,0,0,High thermal / Low canopy (C0)
38,255.0,0.0,True,255.0,1.0,0,0,High thermal / Low canopy (C0)
39,255.0,0.0,True,255.0,1.0,0,0,High thermal / Low canopy (C0)
40,255.0,0.0,True,255.0,1.0,0,0,High thermal / Low canopy (C0)
41,255.0,0.0,True,255.0,1.0,0,0,High thermal / Low canopy (C0)
42,255.0,0.0,True,255.0,1.0,0,0,High thermal / Low canopy (C0)
43,255.0,0.0,True,255.0,1.0,0,0,High thermal / Low canopy (C0)
44,255.0,0.0,True,255.0,1.0,0,0,High thermal / Low canopy (C0)
45,255.0,0.0,True,255.0,1.0,0,0,High thermal / Low canopy (C0)
46,255.0,0.0,True,255.0,1.0,0,0,High thermal / Low canopy (C0)
47,255.0,0.0,True,255.0,1.0,0,0,High thermal / Low canopy (C0)
48,255.0,0.0,True,255.0,1.0,0,0,High thermal / Low canopy (C0)
49,255.0,0.0,True,255.0,1.0,0,0,High thermal / Low canopy (C0)
50,255.0,0.0,True,255.0,1.0,0,0,High thermal / Low canopy (C0)
51,255.0,0.0,True,255.0,1.0,0,0,High thermal / Low canopy (C0)
52,255.0,0.0,True,255.0,1.0,0,0,High thermal / Low canopy (C0)
53,255.0,0.0,True,255.0,1.0,0,0,High thermal / Low canopy (C0)
54,255.0,0.0,True,255.0,1.0,0,0,High thermal / Low canopy (C0)
55,255.0,0.0,True,255.0,1.0,0,0,High thermal / Low canopy (C0)
56,255.0,0.0,True,255.0,1.0,0,0,High thermal / Low canopy (C0)
57,255.0,0.0,True,255.0,1.0,0,0,High thermal / Low canopy (C0)
58,255.0,0.0,True,255.0,1.0,0,0,High thermal / Low canopy (C0)
59,255.0,0.0,True,255.0,1.0,0,0,High thermal / Low canopy (C0)
60,255.0,0.0,True,255.0,1.0,0,0,High thermal / Low canopy (C0)
61,255.0,0.0,True,255.0,1.0,0,0,High thermal / Low canopy (C0)
62,255.0,0.0,True,255.0,1.0,0,0,High thermal / Low canopy (C0)
63,255.0,0.0,True,255.0,1.0,0,0,High thermal / Low canopy (C0)
64,255.0,0.0,True,255.0,1.0,0,0,High thermal / Low canopy (C0)
65,255.0,0.0,True,255.0,1.0,0,0,High thermal / Low canopy (C0)
66,255.0,0.0,True,255.0,1.0,0,0,High thermal / Low canopy (C0)
67,255.0,0.0,True,255.0,1.0,0,0,High thermal / Low canopy (C0)
68,255.0,0.0,True,255.0,1.0,0,0,High thermal / Low canopy (C0)
69,255.0,0.0,True,255.0,1.0,0,0,High thermal / Low canopy (C0)
70,255.0,0.0,True,255.0,1.0,0,0,High thermal / Low canopy (C0)
71,255.0,0.0,True,255.0,1.0,0,0,High thermal / Low canopy (C0)
72,255.0,0.0,True,255.0,1.0,0,0,High thermal / Low canopy (C0)
73,255.0,0.0,True,255.0,1.0,0,0,High thermal / Low canopy (C0)
74,255.0,0.0,True,255.0,1.0,0,0,High thermal / Low canopy (C0)
75,255.0,0.0,True,255.0,1.0,0,0,High thermal / Low canopy (C0)
76,255.0,0.0,True,255.0,1.0,0,0,High thermal / Low canopy (C0)
77,255.0,0.0,True,255.0,1.0,0,0,High thermal / Low canopy (C0)
78,255.0,0.0,True,255.0,1.0,0,0,High thermal / Low canopy (C0)
79,255.0,0.0,True,255.0,1.0,0,0,High thermal / Low canopy (C0)
80,255.0,0.0,True,255.0,1.0,0,0,High thermal / Low canopy (C0)
81,255.0,0.0,True,255.0,1.0,0,0,High thermal / Low canopy (C0)
82,255.0,0.0,True,255.0,1.0,0,0,High thermal / Low canopy (C0)
83,255.0,0.0,True,255.0,1.0,0,0,High thermal / Low canopy (C0)
84,255.0,0.0,True,255.0,1.0,0,0,High thermal / Low canopy (C0)
85,255.0,0.0,True,255.0,1.0,0,0,High thermal / Low canopy (C0)
86,255.0,0.0,True,255.0,1.0,0,0,High thermal / Low canopy (C0)
87,255.0,0.0,True,255.0,1.0,0,0,High thermal / Low canopy (C0)
88,255.0,0.0,True,255.0,1.0,0,0,High thermal / Low canopy (C0)
89,255.0,0.0,True,255.0,1.0,0,0,High thermal / Low canopy (C0)
90,255.0,0.0,True,255.0,1.0,0,0,High thermal / Low canopy (C0)
91,255.0,0.0,True,255.0,1.0,0,0,High thermal / Low canopy (C0)
92,255.0,0.0,True,255.0,1.0,0,0,High thermal / Low canopy (C0)
93,255.0,0.0,True,255.0,1.0,0,0,High thermal / Low canopy (C0)
94,255.0,0.0,True,255.0,1.0,0,0,High thermal / Low canopy (C0)
95,255.0,0.0,True,255.0,1.0,0,0,High thermal / Low canopy (C0)
96,255.0,0.0,True,255.0,1.0,0,0,High thermal / Low canopy (C0)
97,255.0,0.0,True,255.0,1.0,0,0,High thermal / Low canopy (C0)
98,255.0,0.0,True,255.0,1.0,0,0,High thermal / Low canopy (C0)
99,255.0,0.0,True,255.0,1.0,0,0,High thermal / Low canopy (C0)
100,255.0,0.0,True,255.0,1.0,0,0,High thermal / Low canopy (C0)
101,255.0,0.0,True,255.0,1.0,0,0,High thermal / Low canopy (C0)
102,255.0,0.0,True,255.0,1.0,0,0,High thermal / Low canopy (C0)
103,255.0,0.0,True,255.0,1.0,0,0,High thermal / Low canopy (C0)
104,255.0,0.0,True,255.0,1.0,0,0,High thermal / Low canopy (C0)
105,255.0,0.0,True,255.0,1.0,0,0,High thermal / Low canopy (C0)
106,255.0,0.0,True,255.0,1.0,0,0,High thermal / Low canopy (C0)
107,255.0,0.0,True,255.0,1.0,0,0,High thermal / Low canopy (C0)
108,255.0,0.0,True,255.0,1.0,0,0,High thermal / Low canopy (C0)
109,255.0,0.0,True,255.0,1.0,0,0,High thermal / Low canopy (C0)
110,255.0,0.0,True,255.0,1.0,0,0,High thermal / Low canopy (C0)
111,255.0,0.0,True,255.0,1.0,0,0,High thermal / Low canopy (C0)
112,255.0,0.0,True,255.0,1.0,0,0,High thermal / Low canopy (C0)
113,255.0,0.0,True,255.0,1.0,0,0,High thermal / Low canopy (C0)
114,255.0,0.0,True,255.0,1.0,0,0,High thermal / Low canopy (C0)
115,255.0,0.0,True,255.0,1.0,0,0,High thermal / Low canopy (C0)
116,255.0,0.0,True,255.0,1.0,0,0,High thermal / Low canopy (C0)
117,255.0,0.0,True,255.0,1.0,0,0,High thermal / Low canopy (C0)
118,255.0,0.0,True,255.0,1.0,0,0,High thermal / Low canopy (C0)
119,255.0,0.0,True,255.0,1.0,0,0,High thermal / Low canopy (C0)
120,255.0,0.0,True,255.0,1.0,0,0,High thermal / Low canopy (C0)
121,255.0,0.0,True,255.0,1.0,0,0,High thermal / Low canopy (C0)
122,255.0,0.0,True,255.0,1.0,0,0,High thermal / Low canopy (C0)
123,255.0,0.0,True,255.0,1.0,0,0,High thermal / Low canopy (C0)
124,255.0,0.0,True,255.0,1.0,0,0,High thermal / Low canopy (C0)
125,255.0,0.0,True,255.0,1.0,0,0,High thermal / Low canopy (C0)
126,255.0,0.0,True,255.0,1.0,0,0,High thermal / Low canopy (C0)
127,255.0,0.0,True,255.0,1.0,0,0,High thermal / Low canopy (C0)
128,255.0,0.0,True,255.0,1.0,0,0,High thermal / Low canopy (C0)
129,255.0,0.0,True,255.0,1.0,0,0,High thermal / Low canopy (C0)
130,255.0,0.0,True,255.0,1.0,0,0,High thermal / Low canopy (C0)
131,255.0,0.0,True,255.0,1.0,0,0,High thermal / Low canopy (C0)
132,255.0,0.0,True,255.0,1.0,0,0,High thermal / Low canopy (C0)
133,255.0,0.0,True,255.0,1.0,0,0,High thermal / Low canopy (C0)
134,255.0,0.0,True,255.0,1.0,0,0,High thermal / Low canopy (C0)
135,255.0,0.0,True,255.0,1.0,0,0,High thermal / Low canopy (C0)
136,255.0,0.0,True,255.0,1.0,0,0,High thermal / Low canopy (C0)
137,255.0,0.0,True,255.0,1.0,0,0,High thermal / Low canopy (C0)
138,255.0,0.0,True,255.0,1.0,0,0,High thermal / Low canopy (C0)
139,255.0,0.0,True,255.0,1.0,0,0,High thermal / Low canopy (C0)
140,255.0,0.0,True,255.0,1.0,0,0,High thermal / Low canopy (C0)
141,255.0,0.0,True,255.0,1.0,0,0,High thermal / Low canopy (C0)
142,255.0,0.0,True,255.0,1.0,0,0,High thermal / Low canopy (C0)
143,255.0,0.0,True,255.0,1.0,0,0,High thermal / Low canopy (C0)
144,255.0,0.0,True,255.0,1.0,0,0,High thermal / Low canopy (C0)
145,255.0,0.0,True,255.0,1.0,0,0,High thermal / Low canopy (C0)
146,255.0,0.0,True,255.0,1.0,0,0,High thermal / Low canopy (C0)
147,255.0,0.0,True,255.0,1.0,0,0,High thermal / Low canopy (C0)
148,255.0,0.0,True,255.0,1.0,0,0,High thermal / Low canopy (C0)
149,255.0,0.0,True,255.0,1.0,0,0,High thermal / Low canopy (C0)
150,255.0,0.0,True,255.0,1.0,0,0,High thermal / Low canopy (C0)
151,255.0,0.0,True,255.0,1.0,0,0,High thermal / Low canopy (C0)
152,255.0,0.0,True,255.0,1.0,0,0,High thermal / Low canopy (C0)
153,255.0,0.0,True,255.0,1.0,0,0,High thermal / Low canopy (C0)
154,255.0,0.0,True,255.0,1.0,0,0,High thermal / Low canopy (C0)
155,255.0,0.0,True,255.0,1.0,0,0,High thermal / Low canopy (C0)
156,255.0,0.0,True,255.0,1.0,0,0,High thermal / Low canopy (C0)
157,255.0,0.0,True,255.0,1.0,0,0,High thermal / Low canopy (C0)
158,255.0,0.0,True,255.0,1.0,0,0,High thermal / Low canopy (C0)
159,255.0,0.0,True,255.0,1.0,0,0,High thermal / Low canopy (C0)
160,255.0,0.0,True,255.0,1.0,0,0,High thermal / Low canopy (C0)
161,255.0,0.0,True,255.0,1.0,0,0,High thermal / Low canopy (C0)
162,255.0,0.0,True,255.0,1.0,0,0,High thermal / Low canopy (C0)
163,255.0,0.0,True,255.0,1.0,0,0,High thermal / Low canopy (C0)
164,255.0,0.0,True,255.0,1.0,0,0,High thermal / Low canopy (C0)
165,255.0,0.0,True,255.0,1.0,0,0,High thermal / Low canopy (C0)
166,255.0,0.0,True,255.0,1.0,0,0,High thermal / Low canopy (C0)
167,255.0,0.0,True,255.0,1.0,0,0,High thermal / Low canopy (C0)
168,255.0,0.0,True,255.0,1.0,0,0,High thermal / Low canopy (C0)
169,255.0,0.0,True,255.0,1.0,0,0,High thermal / Low canopy (C0)
170,255.0,0.0,True,255.0,1.0,0,0,High thermal / Low canopy (C0)
171,255.0,0.0,True,255.0,1.0,0,0,High thermal / Low canopy (C0)
172,255.0,0.0,True,255.0,1.0,0,0,High thermal / Low canopy (C0)
173,255.0,0.0,True,255.0,1.0,0,0,High thermal / Low canopy (C0)
174,255.0,0.0,True,255.0,1.0,0,0,High thermal / Low canopy (C0)
175,255.0,0.0,True,255.0,1.0,0,0,High thermal / Low canopy (C0)
176,255.0,0.0,True,255.0,1.0,0,0,High thermal / Low canopy (C0)
177,255.0,0.0,True,255.0,1.0,0,0,High thermal / Low canopy (C0)
178,255.0,0.0,True,255.0,1.0,0,0,High thermal / Low canopy (C0)
179,255.0,0.0,True,255.0,1.0,0,0,High thermal / Low canopy (C0)
180,255.0,0.0,True,255.0,1.0,0,0,High thermal / Low canopy (C0)
181,255.0,0.0,True,255.0,1.0,0,0,High thermal / Low canopy (C0)
182,255.0,0.0,True,255.0,1.0,0,0,High thermal / Low canopy (C0)
183,255.0,0.0,True,255.0,1.0,0,0,High thermal / Low canopy (C0)
184,255.0,0.0,True,255.0,1.0,0,0,High thermal / Low canopy (C0)
185,255.0,0.0,True,255.0,1.0,0,0,High thermal / Low canopy (C0)
186,255.0,0.0,True,255.0,1.0,0,0,High thermal / Low canopy (C0)
187,255.0,0.0,True,255.0,1.0,0,0,High thermal / Low canopy (C0)
188,255.0,0.0,True,255.0,1.0,0,0,High thermal / Low canopy (C0)
189,255.0,0.0,True,255.0,1.0,0,0,High thermal / Low canopy (C0)
190,255.0,0.0,True,255.0,1.0,0,0,High thermal / Low canopy (C0)
191,255.0,0.0,True,255.0,1.0,0,0,High thermal / Low canopy (C0)
192,255.0,0.0,True,255.0,1.0,0,0,High thermal / Low canopy (C0)
193,255.0,0.0,True,255.0,1.0,0,0,High thermal / Low canopy (C0)
194,255.0,0.0,True,255.0,1.0,0,0,High thermal / Low canopy (C0)
195,255.0,0.0,True,255.0,1.0,0,0,High thermal / Low canopy (C0)
196,255.0,0.0,True,255.0,1.0,0,0,High thermal / Low canopy (C0)
197,255.0,0.0,True,255.0,1.0,0,0,High thermal / Low canopy (C0)
198,255.0,0.0,True,255.0,1.0,0,0,High thermal / Low canopy (C0)
199,255.0,0.0,True,255.0,1.0,0,0,High thermal / Low canopy (C0)
200,255.0,0.0,True,255.0,1.0,0,0,High thermal / Low canopy (C0)
201,255.0,0.0,True,255.0,1.0,0,0,High thermal / Low canopy (C0)
202,255.0,0.0,True,255.0,1.0,0,0,High thermal / Low canopy (C0)
203,255.0,0.0,True,255.0,1.0,0,0,High thermal / Low canopy (C0)
204,255.0,0.0,True,255.0,1.0,0,0,High thermal / Low canopy (C0)
205,255.0,0.0,True,255.0,1.0,0,0,High thermal / Low canopy (C0)
206,255.0,0.0,True,255.0,1.0,0,0,High thermal / Low canopy (C0)
207,255.0,0.0,True,255.0,1.0,0,0,High thermal / Low canopy (C0)
208,255.0,0.0,True,255.0,1.0,0,0,High thermal / Low canopy (C0)
209,255.0,0.0,True,255.0,1.0,0,0,High thermal / Low canopy (C0)
210,255.0,0.0,True,255.0,1.0,0,0,High thermal / Low canopy (C0)
211,255.0,0.0,True,255.0,1.0,0,0,High thermal / Low canopy (C0)
212,255.0,0.0,True,255.0,1.0,0,0,High thermal / Low canopy (C0)
213,255.0,0.0,True,255.0,1.0,0,0,High thermal / Low canopy (C0)
214,255.0,0.0,True,255.0,1.0,0,0,High thermal / Low canopy (C0)
215,255.0,0.0,True,255.0,1.0,0,0,High thermal / Low canopy (C0)
216,255.0,0.0,True,255.0,1.0,0,0,High thermal / Low canopy (C0)
217,255.0,0.0,True,255.0,1.0,0,0,High thermal / Low canopy (C0)
218,255.0,0.0,True,255.0,1.0,0,0,High thermal / Low canopy (C0)
219,255.0,0.0,True,255.0,1.0,0,0,High thermal / Low canopy (C0)
220,255.0,0.0,True,255.0,1.0,0,0,High thermal / Low canopy (C0)
221,255.0,0.0,True,255.0,1.0,0,0,High thermal / Low canopy (C0)
222,255.0,0.0,True,255.0,1.0,0,0,High thermal / Low canopy (C0)
223,255.0,0.0,True,255.0,1.0,0,0,High thermal / Low canopy (C0)
224,255.0,0.0,True,255.0,1.0,0,0,High thermal / Low canopy (C0)
225,255.0,0.0,True,255.0,1.0,0,0,High thermal / Low canopy (C0)
226,255.0,0.0,True,255.0,1.0,0,0,High thermal / Low canopy (C0)
227,255.0,0.0,True,255.0,1.0,0,0,High thermal / Low canopy (C0)
228,255.0,0.0,True,255.0,1.0,0,0,High thermal / Low canopy (C0)
229,255.0,0.0,True,255.0,1.0,0,0,High thermal / Low canopy (C0)
230,255.0,0.0,True,255.0,1.0,0,0,High thermal / Low canopy (C0)
231,255.0,0.0,True,255.0,1.0,0,0,High thermal / Low canopy (C0)
232,255.0,0.0,True,255.0,1.0,0,0,High thermal / Low canopy (C0)
233,255.0,0.0,True,255.0,1.0,0,0,High thermal / Low canopy (C0)
234,255.0,0.0,True,255.0,1.0,0,0,High thermal / Low canopy (C0)
235,255.0,0.0,True,255.0,1.0,0,0,High thermal / Low canopy (C0)
236,255.0,0.0,True,255.0,1.0,0,0,High thermal / Low canopy (C0)
237,255.0,0.0,True,255.0,1.0,0,0,High thermal / Low canopy (C0)
238,255.0,0.0,True,255.0,1.0,0,0,High thermal / Low canopy (C0)
239,255.0,0.0,True,255.0,1.0,0,0,High thermal / Low canopy (C0)
240,255.0,0.0,True,255.0,1.0,0,0,High thermal / Low canopy (C0)
241,255.0,0.0,True,255.0,1.0,0,0,High thermal / Low canopy (C0)
242,255.0,0.0,True,255.0,1.0,0,0,High thermal / Low canopy (C0)
243,255.0,0.0,True,255.0,1.0,0,0,High thermal / Low canopy (C0)
244,255.0,0.0,True,255.0,1.0,0,0,High thermal / Low canopy (C0)
245,255.0,0.0,True,255.0,1.0,0,0,High thermal / Low canopy (C0)
246,255.0,0.0,True,255.0,1.0,0,0,High thermal / Low canopy (C0)
247,255.0,0.0,True,255.0,1.0,0,0,High thermal / Low canopy (C0)
248,255.0,0.0,True,255.0,1.0,0,0,High thermal / Low canopy (C0)
249,255.0,0.0,True,255.0,1.0,0,0,High thermal / Low canopy (C0)
250,255.0,0.0,True,255.0,1.0,0,0,High thermal / Low canopy (C0)
251,255.0,0.0,True,255.0,1.0,0,0,High thermal / Low canopy (C0)
252,255.0,0.0,True,255.0,1.0,0,0,High thermal / Low canopy (C0)
253,255.0,0.0,True,255.0,1.0,0,0,High thermal / Low canopy (C0)
254,255.0,0.0,True,255.0,1.0,0,0,High thermal / Low canopy (C0)
255,255.0,0.0,True,255.0,1.0,0,0,High thermal / Low canopy (C0)
260,255.0,0.0,True,255.0,1.0,0,0,High thermal / Low canopy (C0)
261,255.0,0.0,True,255.0,1.0,0,0,High thermal / Low canopy (C0)
262,255.0,0.0,True,255.0,1.0,0,0,High thermal / Low canopy (C0)
263,255.0,0.0,True,255.0,1.0,0,0,High thermal / Low canopy (C0)
264,255.0,0.0,True,255.0,1.0,0,0,High thermal / Low canopy (C0)
265,255.0,0.0,True,255.0,1.0,0,0,High thermal / Low canopy (C0)
266,255.0,0.0,True,255.0,1.0,0,0,High thermal / Low canopy (C0)
267,255.0,0.0,True,255.0,1.0,0,0,High thermal / Low canopy (C0)
268,255.0,0.0,True,255.0,1.0,0,0,High thermal / Low canopy (C0)
269,255.0,0.0,True,255.0,1.0,0,0,High thermal / Low canopy (C0)
270,255.0,0.0,True,255.0,1.0,0,0,High thermal / Low canopy (C0)
271,255.0,0.0,True,255.0,1.0,0,0,High thermal / Low canopy (C0)
272,255.0,0.0,True,255.0,1.0,0,0,High thermal / Low canopy (C0)
273,255.0,0.0,True,255.0,1.0,0,0,High thermal / Low canopy (C0)
274,255.0,0.0,True,255.0,1.0,0,0,High thermal / Low canopy (C0)
275,255.0,0.0,True,255.0,1.0,0,0,High thermal / Low canopy (C0)
276,255.0,0.0,True,255.0,1.0,0,0,High thermal / Low canopy (C0)
277,255.0,0.0,True,255.0,1.0,0,0,High thermal / Low canopy (C0)
278,255.0,0.0,True,255.0,1.0,0,0,High thermal / Low canopy (C0)
279,255.0,0.0,True,255.0,1.0,0,0,High thermal / Low canopy (C0)
280,255.0,0.0,True,255.0,1.0,0,0,High thermal / Low canopy (C0)
281,255.0,0.0,True,255.0,1.0,0,0,High thermal / Low canopy (C0)
282,255.0,0.0,True,255.0,1.0,0,0,High thermal / Low canopy (C0)
283,255.0,0.0,True,255.0,1.0,0,0,High thermal / Low canopy (C0)
284,255.0,0.0,True,255.0,1.0,0,0,High thermal / Low canopy (C0)
285,255.0,0.0,True,255.0,1.0,0,0,High thermal / Low canopy (C0)
286,255.0,0.0,True,255.0,1.0,0,0,High thermal / Low canopy (C0)
287,255.0,0.0,True,255.0,1.0,0,0,High thermal / Low canopy (C0)
288,255.0,0.0,True,255.0,1.0,0,0,High thermal / Low canopy (C0)
289,255.0,0.0,True,255.0,1.0,0,0,High thermal / Low canopy (C0)
298,255.0,0.0,True,255.0,1.0,0,0,High thermal / Low canopy (C0)
299,255.0,0.0,True,255.0,1.0,0,0,High thermal / Low canopy (C0)
300,255.0,0.0,True,255.0,1.0,0,0,High thermal / Low canopy (C0)
301,255.0,0.0,True,255.0,1.0,0,0,High thermal / Low canopy (C0)
302,255.0,0.0,True,255.0,1.0,0,0,High thermal / Low canopy (C0)
303,255.0,0.0,True,255.0,1.0,0,0,High thermal / Low canopy (C0)
304,255.0,0.0,True,255.0,1.0,0,0,High thermal / Low canopy (C0)
305,255.0,0.0,True,255.0,1.0,0,0,High thermal / Low canopy (C0)
306,255.0,0.0,True,255.0,1.0,0,0,High thermal / Low canopy (C0)
307,255.0,0.0,True,255.0,1.0,0,0,High thermal / Low canopy (C0)
308,255.0,0.0,True,255.0,1.0,0,0,High thermal / Low canopy (C0)
309,255.0,0.0,True,255.0,1.0,0,0,High thermal / Low canopy (C0)
310,255.0,0.0,True,255.0,1.0,0,0,High thermal / Low canopy (C0)
311,255.0,0.0,True,255.0,1.0,0,0,High thermal / Low canopy (C0)
312,255.0,0.0,True,255.0,1.0,0,0,High thermal / Low canopy (C0)
315,255.0,0.0,True,255.0,1.0,0,0,High thermal / Low canopy (C0)
316,255.0,0.0,True,255.0,1.0,0,0,High thermal / Low canopy (C0)
317,255.0,0.0,True,255.0,1.0,0,0,High thermal / Low canopy (C0)
318,255.0,0.0,True,255.0,1.0,0,0,High thermal / Low canopy (C0)
319,255.0,0.0,True,255.0,1.0,0,0,High thermal / Low canopy (C0)
320,255.0,0.0,True,255.0,1.0,0,0,High thermal / Low canopy (C0)
321,255.0,0.0,True,255.0,1.0,0,0,High thermal / Low canopy (C0)
322,255.0,0.0,True,255.0,1.0,0,0,High thermal / Low canopy (C0)
323,255.0,0.0,True,255.0,1.0,0,0,High thermal / Low canopy (C0)
324,255.0,0.0,True,255.0,1.0,0,0,High thermal / Low canopy (C0)
335,255.0,0.0,True,255.0,1.0,0,0,High thermal / Low canopy (C0)
336,255.0,0.0,True,255.0,1.0,0,0,High thermal / Low canopy (C0)
337,255.0,0.0,True,255.0,1.0,0,0,High thermal / Low canopy (C0)
338,255.0,0.0,True,255.0,1.0,0,0,High thermal / Low canopy (C0)
339,255.0,0.0,True,255.0,1.0,0,0,High thermal / Low canopy (C0)
342,255.0,0.0,True,255.0,1.0,0,0,High thermal / Low canopy (C0)
343,255.0,0.0,True,255.0,1.0,0,0,High thermal / Low canopy (C0)
344,255.0,0.0,True,255.0,1.0,0,0,High thermal / Low canopy (C0)
345,255.0,0.0,True,255.0,1.0,0,0,High thermal / Low canopy (C0)
346,255.0,0.0,True,255.0,1.0,0,0,High thermal / Low canopy (C0)
347,255.0,0.0,True,255.0,1.0,0,0,High thermal / Low canopy (C0)
348,255.0,0.0,True,255.0,1.0,0,0,High thermal / Low canopy (C0)
353,255.0,0.0,True,255.0,1.0,0,0,High thermal / Low canopy (C0)
354,255.0,0.0,True,255.0,1.0,0,0,High thermal / Low canopy (C0)
355,255.0,0.0,True,255.0,1.0,0,0,High thermal / Low canopy (C0)
356,255.0,0.0,True,255.0,1.0,0,0,High thermal / Low canopy (C0)
357,255.0,0.0,True,255.0,1.0,0,0,High thermal / Low canopy (C0)
358,255.0,0.0,True,255.0,1.0,0,0,High thermal / Low canopy (C0)
359,255.0,0.0,True,255.0,1.0,0,0,High thermal / Low canopy (C0)
372,255.0,0.0,True,255.0,1.0,0,0,High thermal / Low canopy (C0)
381,255.0,0.0,True,255.0,1.0,0,0,High thermal / Low canopy (C0)
382,255.0,0.0,True,255.0,1.0,0,0,High thermal / Low canopy (C0)
383,255.0,0.0,True,255.0,1.0,0,0,High thermal / Low canopy (C0)
391,255.0,0.0,True,255.0,1.0,0,0,High thermal / Low canopy (C0)
392,255.0,0.0,True,255.0,1.0,0,0,High thermal / Low canopy (C0)
393,255.0,0.0,True,255.0,1.0,0,0,High thermal / Low canopy (C0)
394,255.0,0.0,True,255.0,1.0,0,0,High thermal / Low canopy (C0)
395,255.0,0.0,True,255.0,1.0,0,0,High thermal / Low canopy (C0)
396,255.0,0.0,True,255.0,1.0,0,0,High thermal / Low canopy (C0)
419,255.0,0.0,True,255.0,1.0,0,0,High thermal / Low canopy (C0)
428,255.0,0.0,True,255.0,1.0,0,0,High thermal / Low canopy (C0)
429,255.0,0.0,True,255.0,1.0,0,0,High thermal / Low canopy (C0)
430,255.0,0.0,True,255.0,1.0,0,0,High thermal / Low canopy (C0)
431,255.0,0.0,True,255.0,1.0,0,0,High thermal / Low canopy (C0)
464,255.0,0.0,True,255.0,1.0,0,0,High thermal / Low canopy (C0)
465,255.0,0.0,True,255.0,1.0,0,0,High thermal / Low canopy (C0)
466,255.0,0.0,True,255.0,1.0,0,0,High thermal / Low canopy (C0)
467,255.0,0.0,True,255.0,1.0,0,0,High thermal / Low canopy (C0)
499,255.0,0.0,True,255.0,1.0,0,0,High thermal / Low canopy (C0)
500,255.0,0.0,True,255.0,1.0,0,0,High thermal / Low canopy (C0)
501,255.0,0.0,True,255.0,1.0,0,0,High thermal / Low canopy (C0)
502,255.0,0.0,True,255.0,1.0,0,0,High thermal / Low canopy (C0)
503,255.0,0.0,True,255.0,1.0,0,0,High thermal / Low canopy (C0)
506,255.0,0.0,True,255.0,1.0,0,0,High thermal / Low canopy (C0)
507,255.0,0.0,True,255.0,1.0,0,0,High thermal / Low canopy (C0)
509,255.0,0.0,True,255.0,1.0,0,0,High thermal / Low canopy (C0)
510,255.0,0.0,True,255.0,1.0,0,0,High thermal / Low canopy (C0)
534,255.0,0.0,True,255.0,1.0,0,0,High thermal / Low canopy (C0)
535,255.0,0.0,True,255.0,1.0,0,0,High thermal / Low canopy (C0)
536,255.0,0.0,True,255.0,1.0,0,0,High thermal / Low canopy (C0)
537,255.0,0.0,True,255.0,1.0,0,0,High thermal / Low canopy (C0)
538,255.0,0.0,True,255.0,1.0,0,0,High thermal / Low canopy (C0)
539,255.0,0.0,True,255.0,1.0,0,0,High thermal / Low canopy (C0)
540,255.0,0.0,True,255.0,1.0,0,0,High thermal / Low canopy (C0)
541,255.0,0.0,True,255.0,1.0,0,0,High thermal / Low canopy (C0)
542,255.0,0.0,True,255.0,1.0,0,0,High thermal / Low canopy (C0)
543,255.0,0.0,True,255.0,1.0,0,0,High thermal / Low canopy (C0)
544,255.0,0.0,True,255.0,1.0,0,0,High thermal / Low canopy (C0)
545,255.0,0.0,True,255.0,1.0,0,0,High thermal / Low canopy (C0)
546,255.0,0.0,True,255.0,1.0,0,0,High thermal / Low canopy (C0)
547,255.0,0.0,True,255.0,1.0,0,0,High thermal / Low canopy (C0)
569,255.0,0.0,True,255.0,1.0,0,0,High thermal / Low canopy (C0)
570,255.0,0.0,True,255.0,1.0,0,0,High thermal / Low canopy (C0)
571,255.0,0.0,True,255.0,1.0,0,0,High thermal / Low canopy (C0)
572,255.0,0.0,True,255.0,1.0,0,0,High thermal / Low canopy (C0)
573,255.0,0.0,True,255.0,1.0,0,0,High thermal / Low canopy (C0)
574,255.0,0.0,True,255.0,1.0,0,0,High thermal / Low canopy (C0)
575,255.0,0.0,True,255.0,1.0,0,0,High thermal / Low canopy (C0)
576,255.0,0.0,True,255.0,1.0,0,0,High thermal / Low canopy (C0)
577,255.0,0.0,True,255.0,1.0,0,0,High thermal / Low canopy (C0)
578,255.0,0.0,True,255.0,1.0,0,0,High thermal / Low canopy (C0)
579,255.0,0.0,True,255.0,1.0,0,0,High thermal / Low canopy (C0)
580,255.0,0.0,True,255.0,1.0,0,0,High thermal / Low canopy (C0)
581,255.0,0.0,True,255.0,1.0,0,0,High thermal / Low canopy (C0)
582,255.0,0.0,True,255.0,1.0,0,0,High thermal / Low canopy (C0)
583,255.0,0.0,True,255.0,1.0,0,0,High thermal / Low canopy (C0)
584,255.0,0.0,True,255.0,1.0,0,0,High thermal / Low canopy (C0)
604,255.0,0.0,True,255.0,1.0,0,0,High thermal / Low canopy (C0)
605,255.0,0.0,True,255.0,1.0,0,0,High thermal / Low canopy (C0)
606,255.0,0.0,True,255.0,1.0,0,0,High thermal / Low canopy (C0)
607,255.0,0.0,True,255.0,1.0,0,0,High thermal / Low canopy (C0)
608,255.0,0.0,True,255.0,1.0,0,0,High thermal / Low canopy (C0)
609,255.0,0.0,True,255.0,1.0,0,0,High thermal / Low canopy (C0)
610,255.0,0.0,True,255.0,1.0,0,0,High thermal / Low canopy (C0)
611,255.0,0.0,True,255.0,1.0,0,0,High thermal / Low canopy (C0)
612,255.0,0.0,True,255.0,1.0,0,0,High thermal / Low canopy (C0)
613,255.0,0.0,True,255.0,1.0,0,0,High thermal / Low canopy (C0)
614,255.0,0.0,True,255.0,1.0,0,0,High thermal / Low canopy (C0)
615,255.0,0.0,True,255.0,1.0,0,0,High thermal / Low canopy (C0)
616,255.0,0.0,True,255.0,1.0,0,0,High thermal / Low canopy (C0)
617,255.0,0.0,True,255.0,1.0,0,0,High thermal / Low canopy (C0)
618,255.0,0.0,True,255.0,1.0,0,0,High thermal / Low canopy (C0)
619,255.0,0.0,True,255.0,1.0,0,0,High thermal / Low canopy (C0)
620,255.0,0.0,True,255.0,1.0,0,0,High thermal / Low canopy (C0)
640,255.0,0.0,True,255.0,1.0,0,0,High thermal / Low canopy (C0)
641,255.0,0.0,True,255.0,1.0,0,0,High thermal / Low canopy (C0)
642,255.0,0.0,True,255.0,1.0,0,0,High thermal / Low canopy (C0)
643,255.0,0.0,True,255.0,1.0,0,0,High thermal / Low canopy (C0)
644,255.0,0.0,True,255.0,1.0,0,0,High thermal / Low canopy (C0)
645,255.0,0.0,True,255.0,1.0,0,0,High thermal / Low canopy (C0)
646,255.0,0.0,True,255.0,1.0,0,0,High thermal / Low canopy (C0)
647,255.0,0.0,True,255.0,1.0,0,0,High thermal / Low canopy (C0)
648,255.0,0.0,True,255.0,1.0,0,0,High thermal / Low canopy (C0)
649,255.0,0.0,True,255.0,1.0,0,0,High thermal / Low canopy (C0)
650,255.0,0.0,True,255.0,1.0,0,0,High thermal / Low canopy (C0)
651,255.0,0.0,True,255.0,1.0,0,0,High thermal / Low canopy (C0)
652,255.0,0.0,True,255.0,1.0,0,0,High thermal / Low canopy (C0)
653,255.0,0.0,True,255.0,1.0,0,0,High thermal / Low canopy (C0)
654,255.0,0.0,True,255.0,1.0,0,0,High thermal / Low canopy (C0)
655,255.0,0.0,True,255.0,1.0,0,0,High thermal / Low canopy (C0)
656,255.0,0.0,True,255.0,1.0,0,0,High thermal / Low canopy (C0)
661,255.0,0.0,True,255.0,1.0,0,0,High thermal / Low canopy (C0)
676,255.0,0.0,True,255.0,1.0,0,0,High thermal / Low canopy (C0)
677,255.0,0.0,True,255.0,1.0,0,0,High thermal / Low canopy (C0)
678,255.0,0.0,True,255.0,1.0,0,0,High thermal / Low canopy (C0)
679,255.0,0.0,True,255.0,1.0,0,0,High thermal / Low canopy (C0)
680,255.0,0.0,True,255.0,1.0,0,0,High thermal / Low canopy (C0)
681,255.0,0.0,True,255.0,1.0,0,0,High thermal / Low canopy (C0)
682,255.0,0.0,True,255.0,1.0,0,0,High thermal / Low canopy (C0)
683,255.0,0.0,True,255.0,1.0,0,0,High thermal / Low canopy (C0)
684,255.0,0.0,True,255.0,1.0,0,0,High thermal / Low canopy (C0)
685,255.0,0.0,True,255.0,1.0,0,0,High thermal / Low canopy (C0)
686,255.0,0.0,True,255.0,1.0,0,0,High thermal / Low canopy (C0)
687,255.0,0.0,True,255.0,1.0,0,0,High thermal / Low canopy (C0)
688,255.0,0.0,True,255.0,1.0,0,0,High thermal / Low canopy (C0)
689,255.0,0.0,True,255.0,1.0,0,0,High thermal / Low canopy (C0)
690,255.0,0.0,True,255.0,1.0,0,0,High thermal / Low canopy (C0)
691,255.0,0.0,True,255.0,1.0,0,0,High thermal / Low canopy (C0)
692,255.0,0.0,True,255.0,1.0,0,0,High thermal / Low canopy (C0)
693,255.0,0.0,True,255.0,1.0,0,0,High thermal / Low canopy (C0)
712,255.0,0.0,True,255.0,1.0,0,0,High thermal / Low canopy (C0)
713,255.0,0.0,True,255.0,1.0,0,0,High thermal / Low canopy (C0)
714,255.0,0.0,True,255.0,1.0,0,0,High thermal / Low canopy (C0)
715,255.0,0.0,True,255.0,1.0,0,0,High thermal / Low canopy (C0)
716,255.0,0.0,True,255.0,1.0,0,0,High thermal / Low canopy (C0)
717,255.0,0.0,True,255.0,1.0,0,0,High thermal / Low canopy (C0)
718,255.0,0.0,True,255.0,1.0,0,0,High thermal / Low canopy (C0)
719,255.0,0.0,True,255.0,1.0,0,0,High thermal / Low canopy (C0)
720,255.0,0.0,True,255.0,1.0,0,0,High thermal / Low canopy (C0)
721,255.0,0.0,True,255.0,1.0,0,0,High thermal / Low canopy (C0)
722,255.0,0.0,True,255.0,1.0,0,0,High thermal / Low canopy (C0)
723,255.0,0.0,True,255.0,1.0,0,0,High thermal / Low canopy (C0)
724,255.0,0.0,True,255.0,1.0,0,0,High thermal / Low canopy (C0)
725,255.0,0.0,True,255.0,1.0,0,0,High thermal / Low canopy (C0)
726,255.0,0.0,True,255.0,1.0,0,0,High thermal / Low canopy (C0)
727,255.0,0.0,True,255.0,1.0,0,0,High thermal / Low canopy (C0)
728,255.0,0.0,True,255.0,1.0,0,0,High thermal / Low canopy (C0)
729,255.0,0.0,True,255.0,1.0,0,0,High thermal / Low canopy (C0)
748,255.0,0.0,True,255.0,1.0,0,0,High thermal / Low canopy (C0)
749,255.0,0.0,True,255.0,1.0,0,0,High thermal / Low canopy (C0)
750,255.0,0.0,True,255.0,1.0,0,0,High thermal / Low canopy (C0)
753,255.0,0.0,True,255.0,1.0,0,0,High thermal / Low canopy (C0)
754,255.0,0.0,True,255.0,1.0,0,0,High thermal / Low canopy (C0)
755,255.0,0.0,True,255.0,1.0,0,0,High thermal / Low canopy (C0)
756,255.0,0.0,True,255.0,1.0,0,0,High thermal / Low canopy (C0)
757,255.0,0.0,True,255.0,1.0,0,0,High thermal / Low canopy (C0)
758,255.0,0.0,True,255.0,1.0,0,0,High thermal / Low canopy (C0)
759,255.0,0.0,True,255.0,1.0,0,0,High thermal / Low canopy (C0)
760,255.0,0.0,True,255.0,1.0,0,0,High thermal / Low canopy (C0)
761,255.0,0.0,True,255.0,1.0,0,0,High thermal / Low canopy (C0)
762,255.0,0.0,True,255.0,1.0,0,0,High thermal / Low canopy (C0)
763,255.0,0.0,True,255.0,1.0,0,0,High thermal / Low canopy (C0)
764,255.0,0.0,True,255.0,1.0,0,0,High thermal / Low canopy (C0)
765,255.0,0.0,True,255.0,1.0,0,0,High thermal / Low canopy (C0)
790,255.0,0.0,True,255.0,1.0,0,0,High thermal / Low canopy (C0)
791,255.0,0.0,True,255.0,1.0,0,0,High thermal / Low canopy (C0)
792,255.0,0.0,True,255.0,1.0,0,0,High thermal / Low canopy (C0)
793,255.0,0.0,True,255.0,1.0,0,0,High thermal / Low canopy (C0)
794,255.0,0.0,True,255.0,1.0,0,0,High thermal / Low canopy (C0)
795,255.0,0.0,True,255.0,1.0,0,0,High thermal / Low canopy (C0)
796,255.0,0.0,True,255.0,1.0,0,0,High thermal / Low canopy (C0)
797,255.0,0.0,True,255.0,1.0,0,0,High thermal / Low canopy (C0)
798,255.0,0.0,True,255.0,1.0,0,0,High thermal / Low canopy (C0)
799,255.0,0.0,True,255.0,1.0,0,0,High thermal / Low canopy (C0)
800,255.0,0.0,True,255.0,1.0,0,0,High thermal / Low canopy (C0)
