Date	Daily global solar exposure (MJ/m*m)	Covid Restrictions	Rainfall amount (millimetres)	Public_Holiday	Maximum temperature (Degree C)	Minimum temperature (Degree C)	Total_Pedestrian_Count_per_day
01-01-2015	23.6	0	0.0	1	26.9	13.3	471563
01-02-2015	26.8	0	0.0	0	38.8	15.4	389048
01-03-2015	26.5	0	0.0	0	38.2	20.0	291761
01-04-2015	25.2	0	4.6	0	21.4	16.3	382364
01-05-2015	30.7	0	0.0	0	22.0	15.0	487220
01-06-2015	31.6	0	0.0	0	26.0	17.7	485340
01-07-2015	20.7	0	0.0	0	37.4	18.9	427142
01-08-2015	13.5	0	21.6	0	28.2	23.1	474146
01-09-2015	3.1	0	1.8	0	18.0	16.5	493430
01-10-2015	5.6	0	7.4	0	21.7	13.6	425481
01-11-2015	29.9	0	0.0	0	27.5	15.6	388144
01-12-2015	31.6	0	0.0	0	31.3	16.1	484633
01-13-2015	4.2	0	0.0	0	25.6	20.2	428901
01-14-2015	15.2	0	17.8	0	22.7	18.3	469651
01-15-2015	14.6	0	0.0	0	20.0	15.8	484780
01-16-2015	30.3	0	0.0	0	27.3	13.1	578750
01-17-2015	27.5	0	0.0	0	25.0	15.9	441219
01-18-2015	23.4	0	0.0	0	19.5	15.3	434167
01-19-2015	29.0	0	0.0	0	23.6	13.5	528505
01-20-2015	19.6	0	0.0	0	30.4	13.0	565802
01-21-2015	25.8	0	0.0	0	33.1	19.7	586215
01-22-2015	23.1	0	0.0	0	35.8	18.7	562570
01-23-2015	28.6	0	0.0	0	25.0	20.2	647374
01-24-2015	30.3	0	0.0	0	26.3	15.8	551271
01-25-2015	25.4	0	0.0	0	22.0	14.7	483016
01-26-2015	19.9	0	3.0	1	19.8	11.6	583404
01-27-2015	17.7	0	0.6	0	19.1	11.7	506995
01-28-2015	27.0	0	0.0	0	25.4	13.3	554508
01-29-2015	28.9	0	0.0	0	22.2	12.8	549153
01-30-2015	27.6	0	0.0	0	21.0	13.1	611914
01-31-2015	26.2	0	0.0	0	20.2	14.3	454552
02-01-2015	17.3	0	11.8	0	19.0	13.2	359600
02-02-2015	23.9	0	2.6	0	21.1	13.5	497991
02-03-2015	22.7	0	0.0	0	20.0	16.1	519223
02-04-2015	21.2	0	0.0	0	19.0	14.8	531553
02-05-2015	28.8	0	0.0	0	24.2	13.3	553957
02-06-2015	28.4	0	0.0	0	35.7	14.5	598130
02-07-2015	16.1	0	0.0	0	35.0	18.8	456256
02-08-2015	16.6	0	0.0	0	21.5	18.9	393458
02-09-2015	28.6	0	0.0	0	28.3	13.6	516238
02-10-2015	27.7	0	0.0	0	27.8	16.4	533244
02-11-2015	24.1	0	0.0	0	26.8	18.1	518877
02-12-2015	23.8	0	0.0	0	21.9	17.8	566425
02-13-2015	14.9	0	0.0	0	32.4	16.1	577716
02-14-2015	20.8	0	20.8	0	25.1	19.0	601566
02-15-2015	25.7	0	0.4	0	34.4	18.2	458469
02-16-2015	26.3	0	0.0	0	24.6	17.4	522039
02-17-2015	8.3	0	0.0	0	20.6	17.6	554552
02-18-2015	7.8	0	0.0	0	21.2	17.7	629421
02-19-2015	24.7	0	0.0	0	26.9	18.2	641733
02-20-2015	24.7	0	0.0	0	25.3	17.4	696494
02-21-2015	20.0	0	0.0	0	36.1	18.1	711394
02-22-2015	11.7	0	2.2	0	35.3	20.3	703631
02-23-2015	4.7	0	0.0	0	29.3	21.1	546358
02-24-2015	21.4	0	3.6	0	20.1	15.9	614174
02-25-2015	24.1	0	0.0	0	27.0	14.0	639207
02-26-2015	18.5	0	0.0	0	23.2	16.0	631904
02-27-2015	21.7	0	0.0	0	24.3	14.8	698009
02-28-2015	6.9	0	0.0	0	32.3	17.9	515919
03-01-2015	23.3	0	16.4	0	20.8	15.2	477727
03-02-2015	22.0	0	0.4	0	23.0	11.6	572045
03-03-2015	21.2	0	0.0	0	22.7	15.5	601851
03-04-2015	23.0	0	0.0	0	23.5	15.4	636763
03-05-2015	22.5	0	0.8	0	18.6	12.6	613915
03-06-2015	10.8	0	0.8	0	21.1	14.1	653812
03-07-2015	10.8	0	0.8	0	22.6	15.4	656325
03-08-2015	20.4	0	0.2	0	24.4	16.2	749645
03-09-2015	18.6	0	0.0	0	23.8	14.4	625386
03-10-2015	22.1	0	0.0	0	21.7	16.2	573615
03-11-2015	22.3	0	0.0	0	23.8	11.2	620929
03-12-2015	18.7	0	0.0	0	19.9	13.0	617938
03-13-2015	21.2	0	0.0	0	20.4	14.4	728920
03-14-2015	20.0	0	0.0	1	30.1	9.4	573160
03-15-2015	17.5	0	0.0	0	18.3	13.1	490759
03-16-2015	14.5	0	0.0	0	25.5	10.5	594026
03-17-2015	4.8	0	0.0	0	26.2	13.0	579477
03-18-2015	9.4	0	2.4	0	24.4	17.8	613218
03-19-2015	15.1	0	2.4	0	33.5	16.5	623515
03-20-2015	19.9	0	2.4	0	19.6	14.2	692880
03-21-2015	20.8	0	2.4	0	22.7	11.9	577248
03-22-2015	19.9	0	0.0	0	28.8	11.3	555312
03-23-2015	3.9	0	0.0	0	27.0	13.6	536966
03-24-2015	3.8	0	2.8	0	15.3	12.6	548713
03-25-2015	13.8	0	1.4	1	20.4	13.0	618004
03-26-2015	9.9	0	1.4	1	18.0	9.8	617469
03-27-2015	11.2	0	0.0	1	18.1	11.6	699092
03-28-2015	14.4	0	0.0	1	19.1	12.7	620811
03-29-2015	18.6	0	0.0	0	22.7	8.5	599990
03-30-2015	18.1	0	0.0	0	23.1	10.6	647490
03-31-2015	18.1	0	0.0	0	25.3	11.2	652023
04-01-2015	10.7	0	0.0	0	29.0	13.3	621352
04-02-2015	17.5	0	0.4	0	17.2	12.8	671795
04-03-2015	17.4	0	0.0	0	20.9	8.0	476397
04-04-2015	16.2	0	0.0	0	23.5	8.5	575694
04-05-2015	9.8	0	0.0	0	18.5	10.2	465305
04-06-2015	13.0	0	0.0	0	18.4	11.2	422131
04-07-2015	3.9	0	0.0	0	17.3	12.4	512383
04-08-2015	12.6	0	6.2	0	17.7	13.3	621442
04-09-2015	10.9	0	0.0	0	19.1	8.7	660311
04-10-2015	15.9	0	0.0	0	18.7	8.6	769697
04-11-2015	14.9	0	0.0	0	23.7	11.6	583589
04-12-2015	13.4	0	0.0	0	18.3	12.1	458808
04-13-2015	14.9	0	0.0	0	19.1	7.3	562914
04-14-2015	8.4	0	1.8	0	24.7	10.5	576960
04-15-2015	12.8	0	7.0	0	27.6	13.9	629175
04-16-2015	10.9	0	7.0	0	17.8	15.6	648782
04-17-2015	7.5	0	7.0	0	17.1	10.1	703342
04-18-2015	9.9	0	7.0	0	21.9	13.5	558398
04-19-2015	11.0	0	7.4	0	14.7	9.7	387304
04-20-2015	12.7	0	2.2	0	16.2	7.0	554574
04-21-2015	13.8	0	0.0	0	17.7	6.5	556354
04-22-2015	7.1	0	0.0	0	19.5	9.1	570779
04-23-2015	7.5	0	0.0	0	19.2	12.2	602834
04-24-2015	7.8	0	0.0	0	21.1	14.4	687369
04-25-2015	3.5	0	0.0	1	15.0	11.6	617257
04-26-2015	5.9	0	0.225	0	15.4	10.4	402903
04-27-2015	8.3	0	0.0	0	15.1	10.5	519381
04-28-2015	8.9	0	1.8	0	16.0	10.1	536691
04-29-2015	12.6	0	0.0	0	17.1	7.4	580872
04-30-2015	12.3	0	0.2	0	19.6	6.4	600746
05-01-2015	12.1	0	0.0	0	23.1	7.9	746219
05-02-2015	6.1	0	0.0	0	22.2	11.6	557177
05-03-2015	11.2	0	0.0	0	18.2	9.7	452820
05-04-2015	11.6	0	0.2	0	22.3	7.5	544844
05-05-2015	7.1	0	1.4	0	18.1	9.2	506962
05-06-2015	7.6	0	1.6	0	16.2	9.5	543673
05-07-2015	6.9	0	2.6	0	15.6	10.3	556631
05-08-2015	5.9	0	0.2	0	15.9	10.5	662573
05-09-2015	7.3	0	0.0	0	18.7	12.8	512580
05-10-2015	5.9	0	10.6	0	16.6	12.8	394815
05-11-2015	7.9	0	2.6	0	15.9	12.4	508168
05-12-2015	5.9	0	0.2	0	17.4	12.8	514329
05-13-2015	8.7	0	6.2	0	12.8	6.3	533158
05-14-2015	6.7	0	4.2	0	14.6	7.3	567567
05-15-2015	6.2	0	2.0	0	14.5	11.5	665396
05-16-2015	10.4	0	0.0	0	16.2	11.3	556646
05-17-2015	10.3	0	0.0	0	20.5	7.4	468310
05-18-2015	10.2	0	0.0	0	20.4	7.2	566187
05-19-2015	3.2	0	0.0	0	16.2	9.9	535738
05-20-2015	6.0	0	3.4	0	18.1	13.6	564353
05-21-2015	3.5	0	7.0	0	13.6	10.3	564108
05-22-2015	6.7	0	0.4	0	14.1	9.1	671844
05-23-2015	7.7	0	0.0	0	13.3	10.4	544407
05-24-2015	8.6	0	0.0	0	15.6	6.0	418867
05-25-2015	8.1	0	0.0	0	17.1	7.4	537110
05-26-2015	6.8	0	0.0	0	15.6	5.4	554730
05-27-2015	7.4	0	0.2	0	18.7	7.9	577867
05-28-2015	8.4	0	0.0	0	19.7	13.1	598827
05-29-2015	6.6	0	0.0	0	15.8	9.5	658994
05-30-2015	8.0	0	0.0	0	17.3	11.0	528365
05-31-2015	4.9	0	0.0	0	16.8	12.3	356804
06-01-2015	8.1	0	7.4	0	12.2	5.2	524373
06-02-2015	4.6	0	4.2	0	11.4	7.1	528939
06-03-2015	8.2	0	0.8	0	13.6	8.1	579905
06-04-2015	5.5	0	0.0	0	11.3	4.4	540945
06-05-2015	7.0	0	4.2	0	15.0	7.0	682471
06-06-2015	6.4	0	0.4	0	16.6	9.2	637017
06-07-2015	6.9	0	0.0	0	14.5	11.2	540196
06-08-2015	8.2	0	0.0	0	18.5	11.1	463457
06-09-2015	8.6	0	0.6000000000000001	0	13.5	10.3	541621
06-10-2015	7.1	0	0.0	0	13.4	7.5	565075
06-11-2015	8.3	0	0.0	0	14.0	5.7	596107
06-12-2015	6.9	0	0.2	0	13.1	5.2	661425
06-13-2015	8.0	0	0.0	1	18.2	6.0	517094
06-14-2015	8.0	0	0.0	0	17.4	5.8	423527
06-15-2015	6.6	0	0.0	0	16.9	7.1	551739
06-16-2015	3.3	0	4.8	0	16.1	9.5	563991
06-17-2015	4.7	0	0.0	0	13.8	11.7	635634
06-18-2015	4.2	0	1.2	0	12.7	10.7	612668
06-19-2015	7.9	0	0.0	0	12.4	7.0	693785
06-20-2015	7.1	0	0.0	0	11.6	4.1	553100
06-21-2015	8.6	0	0.0	0	12.9	2.2	449758
06-22-2015	6.2	0	0.2	0	14.1	3.6	530660
06-23-2015	5.8	0	0.0	0	17.6	9.6	571451
06-24-2015	7.7	0	0.0	0	16.0	12.2	600935
06-25-2015	6.3	0	0.0	0	14.0	9.6	610346
06-26-2015	7.1	0	0.0	0	16.9	10.5	684873
06-27-2015	5.0	0	0.0	0	14.1	8.0	556124
06-28-2015	4.1	0	0.0	0	14.5	9.6	457401
06-29-2015	5.6	0	0.0	0	12.3	6.9	581072
06-30-2015	7.9	0	0.0	0	14.2	5.0	610646
07-01-2015	6.9	0	0.0	0	15.0	7.4	626970
07-02-2015	7.0	0	0.8	0	11.9	10.3	603980
07-03-2015	5.0	0	4.2	0	12.0	5.9	715618
07-04-2015	2.8	0	1.6	0	10.6	7.3	474642
07-05-2015	8.2	0	0.0	0	14.9	8.2	478331
07-06-2015	4.4	0	2.6	0	11.5	7.5	516569
07-07-2015	7.0	0	0.0	0	14.2	7.4	590907
07-08-2015	8.5	0	0.0	0	14.8	4.9	629963
07-09-2015	3.5	0	0.0	0	13.4	6.5	608373
07-10-2015	5.8	0	0.0	0	14.3	7.6	697116
07-11-2015	3.7	0	0.6	0	13.1	10.9	474872
07-12-2015	2.9	0	4.2	0	12.3	3.4	280439
07-13-2015	4.2	0	29.6	0	12.7	6.1	480004
07-14-2015	4.8	0	4.4	0	9.8	8.1	487003
07-15-2015	7.4	0	4.4	0	10.5	5.8	553158
07-16-2015	8.1	0	0.2	0	12.3	6.6	576055
07-17-2015	6.5	0	2.6	0	12.3	7.3	644910
07-18-2015	9.5	0	0.8	0	11.5	6.1	620441
07-19-2015	9.7	0	0.0	0	12.1	0.6	477802
07-20-2015	9.7	0	0.0	0	14.7	1.8	572470
07-21-2015	8.6	0	0.0	0	17.0	4.2	590831
07-22-2015	6.0	0	1.8	0	16.6	11.4	588069
07-23-2015	9.5	0	2.6	0	16.1	5.1	645141
07-24-2015	4.4	0	2.6	0	15.0	7.6	780257
07-25-2015	7.7	0	2.6	0	13.3	9.4	604165
07-26-2015	8.5	0	3.6	0	11.6	8.1	510636
07-27-2015	9.6	0	1.0	0	13.9	6.2	542400
07-28-2015	10.2	0	0.0	0	14.4	7.9	577472
07-29-2015	9.0	0	0.0	0	14.0	8.4	582154
07-30-2015	4.5	0	0.0	0	12.3	8.6	548916
07-31-2015	10.8	0	0.0	0	14.0	4.1	725399
08-01-2015	4.2	0	0.8	0	11.4	6.5	531705
08-02-2015	8.3	0	0.2	0	14.9	7.8	429088
08-03-2015	9.4	0	6.8	0	10.8	7.3	526778
08-04-2015	7.1	0	0.0	0	11.3	3.5	555977
08-05-2015	8.0	0	1.0	0	10.8	6.6	571195
08-06-2015	7.0	0	2.2	0	12.8	7.1	574158
08-07-2015	9.0	0	1.2	0	13.1	9.0	687929
08-08-2015	6.6	0	0.0	0	12.6	8.8	540401
08-09-2015	6.9	0	0.0	0	13.3	7.7	479401
08-10-2015	10.7	0	0.6	0	16.0	8.3	536809
08-11-2015	11.7	0	0.0	0	14.8	7.8	553589
08-12-2015	9.2	0	0.0	0	14.8	9.3	558721
08-13-2015	7.0	0	0.0	0	13.0	8.4	576497
08-14-2015	7.3	0	0.0	0	15.3	10.4	627460
08-15-2015	10.9	0	0.0	0	14.9	10.0	579764
08-16-2015	9.5	0	0.0	0	17.0	4.7	450525
08-17-2015	9.9	0	2.6	0	12.2	6.8	481734
08-18-2015	9.8	0	1.0	0	11.1	6.1	497840
08-19-2015	10.2	0	0.0	0	12.7	5.5	555653
08-20-2015	12.7	0	0.0	0	17.1	6.1	581304
08-21-2015	4.1	0	0.0	0	18.7	10.9	640856
08-22-2015	11.8	0	0.0	0	18.8	11.8	555865
08-23-2015	13.1	0	0.0	0	16.3	7.9	428762
08-24-2015	9.6	0	0.0	0	14.5	8.5	513507
08-25-2015	8.1	0	0.0	0	14.3	9.5	526970
08-26-2015	7.8	0	0.0	0	14.6	9.2	551127
08-27-2015	2.7	0	1.4	0	11.7	9.8	545685
08-28-2015	12.2	0	17.6	0	13.2	8.1	720700
08-29-2015	9.1	0	3.2	0	11.7	6.3	500014
08-30-2015	14.3	0	2.4	0	12.5	7.9	457752
08-31-2015	11.5	0	0.0	0	13.0	8.1	529808
09-01-2015	15.7	0	0.0	0	16.2	5.1	577875
09-02-2015	10.5	0	0.0	0	18.8	8.0	557953
09-03-2015	8.0	0	5.2	0	14.0	10.6	573593
09-04-2015	13.0	0	0.0	0	13.7	8.7	650902
09-05-2015	14.8	0	0.0	0	14.0	10.2	545985
09-06-2015	11.8	0	0.0	0	16.6	5.8	398715
09-07-2015	9.2	0	3.4	0	13.6	8.9	509763
09-08-2015	11.1	0	2.0	0	12.8	8.8	541648
09-09-2015	11.4	0	0.0	0	15.3	10.0	572380
09-10-2015	17.3	0	0.0	0	15.7	10.0	633522
09-11-2015	17.7	0	0.0	0	20.1	5.1	699897
09-12-2015	10.2	0	0.0	0	21.7	12.2	559732
09-13-2015	17.1	0	0.0	0	25.5	13.2	538052
09-14-2015	17.8	0	0.0	0	26.7	15.4	578139
09-15-2015	15.0	0	16.6	0	15.9	10.8	549311
09-16-2015	17.6	0	0.0	0	14.8	8.9	592421
09-17-2015	12.4	0	1.6	0	14.3	9.0	571835
09-18-2015	8.1	0	1.6	0	14.7	10.5	690363
09-19-2015	17.0	0	0.0	0	21.3	6.5	578018
09-20-2015	17.3	0	0.0	0	22.9	8.5	494670
09-21-2015	6.7	0	0.0	0	18.1	14.0	543834
09-22-2015	17.4	0	4.4	0	12.7	7.6	581181
09-23-2015	20.3	0	0.0	0	12.6	8.5	608995
09-24-2015	18.2	0	0.0	0	14.3	5.1	654599
09-25-2015	20.2	0	0.0	0	19.1	5.8	745368
09-26-2015	20.1	0	0.0	0	17.9	6.6	610241
09-27-2015	19.6	0	0.0	0	20.2	9.8	528627
09-28-2015	13.6	0	0.0	0	21.4	8.3	633387
09-29-2015	13.5	0	0.0	0	16.9	9.0	653089
09-30-2015	16.8	0	0.0	1	15.9	11.5	651814
10-01-2015	21.7	0	0.0	0	21.6	6.0	777692
10-02-2015	21.7	0	0.0	0	28.6	9.9	652706
10-03-2015	22.2	0	0.0	0	31.3	16.3	542282
10-04-2015	22.2	0	0.0	0	24.9	13.9	451117
10-05-2015	22.0	0	0.0	0	34.4	12.7	561247
10-06-2015	18.9	0	0.0	0	35.8	15.5	534950
10-07-2015	23.6	0	0.0	0	16.2	11.8	587563
10-08-2015	23.3	0	0.0	0	18.6	7.6	629696
10-09-2015	22.0	0	0.0	0	29.9	10.9	701303
10-10-2015	11.9	0	0.0	0	29.2	17.5	530790
10-11-2015	19.6	0	0.8	0	19.2	16.9	440025
10-12-2015	13.4	0	0.8	0	16.1	11.3	515737
10-13-2015	24.3	0	0.2	0	17.6	7.9	578092
10-14-2015	24.4	0	0.0	0	28.6	11.2	607247
10-15-2015	22.2	0	0.0	0	34.0	14.4	609690
10-16-2015	8.4	0	0.2	0	23.8	17.0	663558
10-17-2015	20.4	0	0.0	0	20.5	11.5	575503
10-18-2015	24.2	0	0.0	0	17.7	12.6	503192
10-19-2015	25.8	0	0.0	0	26.7	8.3	578945
10-20-2015	14.4	0	0.0	0	31.8	12.9	568350
10-21-2015	7.3	0	8.8	0	18.3	17.6	538916
10-22-2015	8.5	0	8.8	0	16.7	11.4	572714
10-23-2015	21.0	0	0.0	0	16.4	11.8	682460
10-24-2015	25.1	0	0.0	0	19.5	9.2	543271
10-25-2015	20.1	0	0.0	0	31.3	10.2	467092
10-26-2015	14.5	0	0.6	0	15.9	14.0	508264
10-27-2015	28.1	0	0.4	0	23.3	10.4	583522
10-28-2015	27.6	0	0.0	0	26.8	10.1	583618
10-29-2015	26.8	0	0.0	0	26.1	13.7	610892
10-30-2015	22.6	0	0.0	0	27.4	12.6	698115
10-31-2015	13.5	0	0.0	0	25.9	15.7	480908
11-01-2015	10.0	0	4.8	1	26.0	16.4	446762
11-02-2015	8.2	0	0.0	0	16.0	14.5	597289
11-03-2015	25.4	0	0.6	0	17.9	8.0	395150
11-04-2015	19.6	0	0.0	0	27.2	10.9	573447
11-05-2015	16.4	0	11.4	0	24.7	16.2	533293
11-06-2015	3.7	0	18.6	0	18.7	16.6	611397
11-07-2015	25.2	0	2.4	0	16.8	11.9	545573
11-08-2015	25.1	0	0.0	0	24.8	8.5	465766
11-09-2015	26.4	0	0.0	0	33.1	13.6	550326
11-10-2015	5.3	0	0.0	0	16.4	15.2	592849
11-11-2015	16.0	0	2.8	0	20.1	11.5	640890
11-12-2015	19.2	0	0.0	0	21.2	13.7	688901
11-13-2015	26.1	0	0.4	0	18.2	13.5	767005
11-14-2015	27.5	0	0.2	0	18.3	12.1	597169
11-15-2015	27.6	0	0.2	0	18.5	13.0	540609
11-16-2015	29.4	0	0.0	0	26.3	11.4	652123
11-17-2015	24.0	0	0.0	0	33.3	15.7	649510
11-18-2015	29.2	0	0.0	0	29.5	14.7	686578
11-19-2015	20.6	0	0.0	0	31.5	15.6	696855
11-20-2015	6.4	0	1.0	0	19.1	15.4	692160
11-21-2015	20.9	0	3.4	0	17.5	12.2	566248
11-22-2015	27.3	0	0.0	0	20.0	13.5	499809
11-23-2015	27.3	0	0.0	0	20.7	13.8	641411
11-24-2015	30.0	0	0.0	0	24.5	13.6	653772
11-25-2015	9.3	0	0.0	0	33.3	13.5	652086
11-26-2015	23.3	0	0.0	0	17.4	10.8	628438
11-27-2015	16.8	0	0.6	0	18.2	9.0	775820
11-28-2015	27.1	0	0.0	0	20.1	12.0	651564
11-29-2015	23.4	0	0.0	0	20.3	12.6	527324
11-30-2015	26.6	0	0.0	0	32.2	10.0	615659
12-01-2015	24.4	0	1.8	0	24.6	14.5	625150
12-02-2015	32.4	0	0.0	0	17.5	9.2	649315
12-03-2015	30.1	0	0.0	0	21.3	12.2	668547
12-04-2015	32.2	0	0.0	0	30.8	11.3	776975
12-05-2015	27.9	0	0.0	0	25.3	15.5	665767
12-06-2015	13.5	0	0.0	0	29.8	15.3	619551
12-07-2015	8.7	0	0.0	0	27.3	18.1	639904
12-08-2015	19.8	0	1.0	0	35.4	20.3	659590
12-09-2015	27.0	0	0.0	0	24.6	15.4	706915
12-10-2015	32.0	0	0.0	0	26.0	13.1	739517
12-11-2015	13.0	0	0.0	0	19.2	14.2	744363
12-12-2015	27.9	0	2.4	0	18.3	10.1	643844
12-13-2015	28.6	0	0.0	0	28.3	10.3	554435
12-14-2015	31.6	0	0.0	0	22.7	11.9	673310
12-15-2015	30.3	0	0.0	0	24.6	14.4	690976
12-16-2015	32.5	0	0.0	0	27.5	15.6	734011
12-17-2015	33.1	0	0.0	0	37.2	16.9	687276
12-18-2015	31.2	0	0.0	0	35.4	19.4	729509
12-19-2015	20.5	0	0.0	0	41.2	19.2	483554
12-20-2015	10.4	0	0.0	0	37.8	25.9	432209
12-21-2015	25.4	0	0.0	0	20.2	15.0	702929
12-22-2015	32.9	0	0.0	0	22.8	12.0	744859
12-23-2015	32.4	0	0.0	0	26.0	15.1	755818
12-24-2015	32.8	0	0.0	0	34.6	16.7	601562
12-25-2015	33.3	0	0.0	1	34.1	21.7	354165
12-26-2015	19.2	0	28.6	1	20.0	12.7	598849
12-27-2015	27.6	0	4.0	1	19.4	11.9	577904
12-28-2015	33.2	0	0.0	0	20.8	12.8	578703
12-29-2015	33.0	0	0.0	0	23.9	12.4	564212
12-30-2015	32.8	0	0.0	0	34.7	13.9	490025
12-31-2015	29.6	0	0.0	0	39.7	19.7	540633
01-01-2016	22.0	0	0.0	1	24.2	19.8	518947
01-02-2016	25.1	0	0.0	0	27.6	17.1	509571
01-03-2016	25.7	0	0.0	0	27.1	17.5	451123
01-04-2016	15.3	0	0.0	0	26.0	16.3	547916
01-05-2016	25.8	0	0.0	0	25.7	17.1	592005
01-06-2016	18.1	0	0.0	0	25.7	17.3	621087
01-07-2016	30.4	0	0.0	0	21.3	16.3	631680
01-08-2016	25.4	0	0.0	0	20.6	16.2	655083
01-09-2016	21.3	0	0.0	0	21.4	16.8	559456
01-10-2016	31.3	0	0.0	0	31.5	15.7	443611
01-11-2016	15.8	0	0.0	0	36.4	17.2	545443
01-12-2016	29.1	0	1.0	0	24.8	17.1	634227
01-13-2016	25.0	0	0.0	0	42.2	16.8	526676
01-14-2016	3.9	0	0.0	0	18.1	16.1	612574
01-15-2016	19.7	0	1.0	0	19.2	13.6	724970
01-16-2016	32.6	0	0.0	0	22.3	11.9	589346
01-17-2016	31.5	0	0.0	0	32.7	14.9	550697
01-18-2016	30.4	0	0.0	0	35.3	18.6	629602
01-19-2016	27.2	0	0.0	0	30.9	17.9	653133
01-20-2016	18.6	0	1.4	0	29.1	19.3	698114
01-21-2016	14.9	0	0.4	0	26.7	19.0	720653
01-22-2016	6.5	0	1.0	0	22.8	17.5	702372
01-23-2016	23.2	0	12.0	0	21.9	17.3	613211
01-24-2016	23.4	0	5.6	0	22.2	16.2	560510
01-25-2016	25.7	0	0.4	0	20.9	16.7	675173
01-26-2016	28.7	0	0.0	1	29.4	16.5	705826
01-27-2016	22.2	0	0.0	0	29.5	19.3	627095
01-28-2016	19.0	0	5.6	0	27.5	20.3	632468
01-29-2016	14.3	0	13.0	0	18.3	14.4	680938
01-30-2016	24.0	0	1.2	0	22.4	12.3	594194
01-31-2016	26.3	0	10.8	0	21.8	13.9	494393
02-01-2016	29.4	0	0.0	0	23.6	12.5	625500
02-02-2016	25.5	0	0.0	0	31.5	15.4	605189
02-03-2016	11.0	0	1.2	0	21.0	18.1	601768
02-04-2016	21.7	0	2.8	0	20.9	17.3	662164
02-05-2016	29.0	0	0.0	0	29.4	15.3	735889
02-06-2016	28.8	0	0.0	0	32.6	16.5	648512
02-07-2016	28.5	0	0.0	0	27.7	19.1	543115
02-08-2016	23.3	0	0.0	0	22.9	19.2	665405
02-09-2016	27.7	0	0.0	0	22.7	17.4	664340
02-10-2016	25.3	0	0.0	0	23.3	17.4	686251
02-11-2016	27.6	0	0.0	0	23.8	18.0	698865
02-12-2016	27.9	0	0.0	0	24.9	16.7	790800
02-13-2016	23.4	0	0.0	0	30.3	17.7	669691
02-14-2016	22.9	0	0.0	0	24.5	16.4	682517
02-15-2016	25.4	0	0.0	0	26.1	14.0	659351
02-16-2016	14.5	0	2.6	0	18.4	13.7	640697
02-17-2016	16.2	0	2.2	0	21.1	12.7	682152
02-18-2016	20.6	0	2.2	0	22.6	15.5	707372
02-19-2016	11.2	0	2.2	0	22.0	15.8	736845
02-20-2016	23.8	0	0.0	0	20.8	15.8	885831
02-21-2016	26.5	0	0.0	0	24.7	12.6	721722
02-22-2016	8.4	0	0.0	0	29.5	15.6	633825
02-23-2016	19.4	0	0.0	0	39.4	18.1	625435
02-24-2016	15.8	0	0.0	0	25.6	22.4	670560
02-25-2016	13.8	0	0.4	0	26.4	19.6	691181
02-26-2016	19.3	0	0.0	0	23.5	15.5	770028
02-27-2016	17.7	0	0.0	0	22.2	17.7	641641
02-28-2016	21.5	0	0.0	0	22.7	17.7	591838
02-29-2016	18.2	0	0.0	0	23.7	15.0	676451
03-01-2016	23.4	0	0.0	0	33.7	17.3	679965
03-02-2016	22.6	0	0.0	0	34.7	17.6	693302
03-03-2016	21.8	0	0.0	0	23.9	17.4	708544
03-04-2016	21.2	0	0.0	0	33.0	16.5	764925
03-05-2016	11.4	0	1.6	0	23.7	20.4	610640
03-06-2016	21.3	0	0.0	0	25.2	17.4	518443
03-07-2016	7.9	0	2.8	0	24.9	18.6	672423
03-08-2016	20.8	0	0.2	0	38.9	19.9	651878
03-09-2016	10.8	0	9.6	0	28.5	20.8	659926
03-10-2016	3.9	0	9.6	0	22.1	18.1	669617
03-11-2016	19.6	0	9.6	0	26.1	18.8	827051
03-12-2016	7.0	0	0.0	0	22.3	18.7	730844
03-13-2016	13.8	0	0.0	0	23.2	17.7	746962
03-14-2016	10.6	0	0.0	1	21.3	18.4	650464
03-15-2016	20.7	0	0.0	0	26.8	15.1	671662
03-16-2016	18.9	0	0.0	0	31.4	15.3	703152
03-17-2016	19.6	0	0.0	0	32.5	18.3	724483
03-18-2016	6.7	0	16.2	0	19.5	15.2	730517
03-19-2016	10.7	0	6.0	0	18.8	12.0	625400
03-20-2016	19.0	0	0.0	0	23.3	10.1	646783
03-21-2016	19.7	0	0.0	0	23.5	11.2	712722
03-22-2016	21.1	0	0.0	0	24.3	11.4	695215
03-23-2016	12.7	0	0.0	0	28.8	13.7	698421
03-24-2016	10.4	0	0.0	0	21.2	16.3	743790
03-25-2016	14.4	0	0.0	1	20.4	15.9	579290
03-26-2016	8.2	0	0.4	1	20.2	14.1	624207
03-27-2016	14.0	0	1.4	1	19.9	14.3	558092
03-28-2016	13.0	0	0.0	1	19.2	9.4	481791
03-29-2016	5.7	0	0.0	0	17.9	14.5	641119
03-30-2016	8.5	0	0.0	0	18.7	15.5	683511
03-31-2016	17.1	0	0.0	0	22.7	11.3	724658
04-01-2016	16.7	0	0.0	0	26.5	13.1	826348
04-02-2016	8.3	0	0.0	0	19.5	15.5	643351
04-03-2016	15.4	0	0.0	0	18.8	11.3	555798
04-04-2016	18.4	0	0.0	0	21.2	9.7	682296
04-05-2016	17.1	0	0.0	0	29.0	12.3	710886
04-06-2016	3.9	0	12.8	0	15.6	13.6	645838
04-07-2016	13.1	0	7.0	0	18.4	8.3	750392
04-08-2016	9.6	0	0.0	0	20.0	11.9	808149
04-09-2016	13.0	0	0.0	0	22.3	10.4	649474
04-10-2016	9.6	0	0.0	0	23.5	13.6	514709
04-11-2016	14.1	0	0.2	0	20.1	14.5	634527
04-12-2016	13.5	0	0.0	0	18.7	14.0	718101
04-13-2016	12.6	0	0.0	0	20.0	11.3	723817
04-14-2016	12.7	0	0.0	0	27.0	11.6	745662
04-15-2016	15.9	0	0.0	0	27.0	13.4	881389
04-16-2016	8.3	0	0.0	0	20.3	14.0	668218
04-17-2016	14.7	0	0.0	0	19.8	13.1	570963
04-18-2016	15.0	0	0.0	0	25.0	9.8	677515
04-19-2016	14.5	0	0.0	0	27.4	13.6	699771
04-20-2016	14.0	0	0.0	0	28.0	15.3	718849
04-21-2016	5.6	0	0.0	0	24.2	17.1	661643
04-22-2016	7.9	0	21.0	0	16.7	14.6	792029
04-23-2016	8.5	0	0.0	0	18.6	12.3	654288
04-24-2016	14.8	0	0.0	0	20.0	9.1	620641
04-25-2016	14.8	0	0.0	1	25.0	9.9	593911
04-26-2016	14.6	0	0.0	0	25.6	11.3	655080
04-27-2016	13.5	0	0.0	0	25.4	13.0	672944
04-28-2016	5.3	0	0.0	0	24.9	19.8	706881
04-29-2016	3.7	0	0.2	0	20.6	16.9	742317
04-30-2016	12.7	0	8.5	0	24.1	16.4	641027
05-01-2016	9.0	0	9.8	0	17.0	14.4	426266
05-02-2016	12.3	0	0.4	0	18.4	9.0	639079
05-03-2016	8.8	0	0.6	0	20.1	12.3	615311
05-04-2016	11.8	0	0.6	0	18.2	9.8	691508
05-05-2016	12.3	0	0.6	0	20.5	12.6	725166
05-06-2016	13.2	0	0.6	0	24.7	15.9	837827
05-07-2016	12.6	0	0.6	0	25.7	11.4	667976
05-08-2016	3.5	0	6.8	0	20.4	15.5	468801
05-09-2016	6.7	0	0.8	0	22.2	15.4	577666
05-10-2016	7.6	0	12.2	0	17.2	13.7	641085
05-11-2016	6.3	0	0.6	0	17.4	12.2	652510
05-12-2016	6.1	0	0.4	0	21.4	14.1	688501
05-13-2016	9.9	0	0.6	0	21.6	15.9	793290
05-14-2016	12.6	0	0.2	0	21.7	14.5	674512
05-15-2016	6.7	0	0.0	0	22.0	15.0	527120
05-16-2016	8.9	0	0.0	0	19.6	7.7	644614
05-17-2016	5.4	0	0.0	0	17.1	11.4	661532
05-18-2016	7.2	0	0.0	0	19.3	13.0	694125
05-19-2016	2.2	0	0.0	0	18.4	14.6	667355
05-20-2016	8.3	0	1.2	0	17.4	11.6	821240
05-21-2016	8.9	0	0.0	0	18.5	8.1	676442
05-22-2016	8.5	0	0.0	0	22.2	9.2	472177
05-23-2016	7.1	0	3.6	0	17.2	12.8	611441
05-24-2016	7.3	0	3.6	0	15.8	10.7	662503
05-25-2016	4.9	0	0.0	0	15.6	7.6	618063
05-26-2016	3.1	0	13.6	0	12.5	10.3	615087
05-27-2016	8.0	0	5.2	0	14.4	9.2	764344
05-28-2016	6.2	0	0.6	0	13.2	5.7	565827
05-29-2016	6.5	0	3.4	0	13.9	8.7	498899
05-30-2016	9.5	0	0.0	0	15.4	7.2	609693
05-31-2016	9.5	0	0.2	0	17.4	3.6	626519
06-01-2016	8.2	0	0.0	0	17.0	4.8	646611
06-02-2016	9.2	0	0.0	0	12.8	4.8	650569
06-03-2016	8.5	0	0.0	0	14.1	6.8	713045
06-04-2016	3.7	0	7.0	0	13.4	9.8	524250
06-05-2016	3.3	0	4.4	0	14.1	10.5	433985
06-06-2016	7.1	0	1.6	0	14.5	8.9	622563
06-07-2016	4.7	0	0.0	0	15.3	10.5	607044
06-08-2016	4.7	0	1.8	0	14.7	9.7	619490
06-09-2016	6.0	0	1.8	0	17.5	10.8	627753
06-10-2016	6.6	0	0.4	0	15.8	10.4	695730
06-11-2016	6.5	0	2.6	0	13.5	9.0	568372
06-12-2016	7.3	0	0.8	0	13.8	5.0	585804
06-13-2016	9.0	0	0.2	1	13.4	3.8	443408
06-14-2016	8.3	0	0.0	0	15.6	8.6	579709
06-15-2016	9.2	0	0.0	0	17.9	6.0	618458
06-16-2016	5.1	0	0.0	0	14.3	7.8	584295
06-17-2016	3.5	0	5.4	0	15.1	9.3	661837
06-18-2016	5.3	0	9.7	0	12.7	10.0	558896
06-19-2016	7.2	0	0.0	0	13.5	7.3	447823
06-20-2016	3.4	0	8.0	0	13.2	9.1	522406
06-21-2016	7.0	0	4.6	0	14.7	10.4	592111
06-22-2016	6.6	0	0.0	0	15.4	11.2	616462
06-23-2016	7.2	0	0.0	0	14.8	10.4	567242
06-24-2016	5.8	0	16.8	0	10.7	6.9	649802
06-25-2016	8.8	0	3.0	0	12.7	5.6	581475
06-26-2016	7.7	0	2.0	0	11.1	3.0	471132
06-27-2016	4.7	0	0.4	0	10.6	4.8	569997
06-28-2016	7.8	0	0.0	0	17.0	5.0	647604
06-29-2016	8.9	0	0.8	0	15.8	8.9	684755
06-30-2016	5.6	0	0.0	0	11.7	10.3	596083
07-01-2016	7.1	0	7.8	0	14.1	7.3	740660
07-02-2016	6.7	0	0.8	0	16.5	9.9	607997
07-03-2016	7.8	0	0.0	0	16.7	10.9	529165
07-04-2016	3.6	0	0.0	0	12.7	10.4	627915
07-05-2016	1.8	0	28.0	0	12.8	8.2	540622
07-06-2016	4.6	0	28.0	0	13.0	9.8	637720
07-07-2016	4.1	0	28.0	0	13.7	10.5	671555
07-08-2016	7.4	0	1.2	0	15.3	9.7	826329
07-09-2016	9.5	0	0.2	0	15.2	5.3	659317
07-10-2016	3.6	0	0.2	0	14.2	6.5	445675
07-11-2016	7.6	0	4.6	0	16.0	8.3	611912
07-12-2016	8.1	0	0.0	0	13.7	10.7	593788
07-13-2016	9.0	0	0.6	0	12.0	4.5	616785
07-14-2016	7.8	0	0.0	0	14.0	6.6	675597
07-15-2016	7.2	0	0.0	0	14.1	8.8	786006
07-16-2016	10.2	0	0.0	0	13.7	7.8	694441
07-17-2016	10.3	0	0.0	0	16.1	3.1	555681
07-18-2016	8.8	0	0.0	0	17.7	9.6	635296
07-19-2016	5.7	0	0.0	0	16.0	12.6	625272
07-20-2016	9.2	0	1.8	0	16.1	9.8	683684
07-21-2016	7.4	0	0.0	0	18.1	6.9	678339
07-22-2016	5.1	0	8.2	0	18.3	9.2	726369
07-23-2016	9.0	0	4.0	0	11.6	7.5	589744
07-24-2016	10.3	0	1.2	0	11.4	4.7	571103
07-25-2016	7.5	0	0.2	0	14.3	6.3	601066
07-26-2016	7.2	0	5.4	0	11.0	6.5	630216
07-27-2016	6.9	0	0.0	0	12.9	7.5	662617
07-28-2016	6.3	0	0.0	0	15.2	6.9	689170
07-29-2016	5.0	0	0.0	0	15.3	10.2	780026
07-30-2016	8.5	0	2.2	0	13.8	9.1	705653
07-31-2016	11.3	0	2.2	0	17.0	10.3	572172
08-01-2016	5.2	0	2.8	0	14.4	11.2	565804
08-02-2016	11.2	0	16.0	0	13.4	8.5	641344
08-03-2016	8.4	0	2.8	0	12.8	8.7	623707
08-04-2016	11.1	0	1.0	0	14.6	4.9	697515
08-05-2016	8.7	0	0.0	0	14.6	3.4	826425
08-06-2016	7.0	0	0.0	0	14.4	5.8	638545
08-07-2016	10.4	0	0.0	0	16.6	7.6	539168
08-08-2016	8.0	0	0.0	0	14.2	5.0	624989
08-09-2016	7.8	0	0.0	0	18.9	9.7	641444
08-10-2016	11.3	0	0.0	0	15.3	9.6	632576
08-11-2016	10.3	0	8.4	0	15.7	6.8	668770
08-12-2016	11.7	0	0.0	0	14.1	7.7	744288
08-13-2016	9.5	0	2.2	0	15.1	7.9	629893
08-14-2016	11.6	0	0.6	0	18.7	8.5	568123
08-15-2016	13.4	0	0.0	0	18.1	10.2	632880
08-16-2016	13.5	0	0.0	0	18.2	10.0	646232
08-17-2016	9.6	0	0.0	0	15.6	12.5	633978
08-18-2016	13.1	0	0.0	0	21.6	7.1	685000
08-19-2016	2.7	0	0.0	0	16.4	15.3	637766
08-20-2016	9.7	0	13.0	0	13.6	6.9	582975
08-21-2016	7.0	0	2.0	0	14.8	9.5	462621
08-22-2016	8.7	0	6.4	0	16.0	7.8	542477
08-23-2016	14.2	0	10.8	0	13.4	7.0	654375
08-24-2016	14.0	0	0.0	0	12.7	3.7	626727
08-25-2016	13.5	0	1.2	0	13.0	6.5	638187
08-26-2016	8.8	0	0.6	0	14.4	7.2	766552
08-27-2016	11.7	0	0.2	0	16.3	9.3	627006
08-28-2016	12.2	0	0.0	0	19.0	10.5	511846
08-29-2016	14.2	0	0.0	0	20.4	8.7	610634
08-30-2016	5.2	0	0.0	0	16.8	10.2	564418
08-31-2016	10.1	0	1.4	0	20.2	12.8	645301
09-01-2016	8.8	0	0.0	0	15.5	11.6	617364
09-02-2016	9.6	0	0.4	0	15.0	9.6	724798
09-03-2016	12.9	0	0.2	0	15.7	10.0	597883
09-04-2016	10.0	0	0.2	0	16.9	10.1	471979
09-05-2016	11.7	0	0.0	0	18.4	12.8	604882
09-06-2016	15.8	0	0.0	0	21.5	9.2	635962
09-07-2016	16.7	0	0.0	0	21.0	9.6	673933
09-08-2016	16.0	0	0.0	0	23.3	13.1	668405
09-09-2016	5.9	0	0.6	0	16.7	16.0	707459
09-10-2016	7.9	0	12.6	0	14.3	11.5	559170
09-11-2016	11.8	0	2.6	0	17.0	7.3	486926
09-12-2016	7.0	0	2.6	0	13.6	9.9	590649
09-13-2016	2.8	0	10.2	0	14.6	9.6	578316
09-14-2016	13.2	0	22.0	0	16.1	10.5	622864
09-15-2016	6.9	0	2.8	0	14.6	8.7	611888
09-16-2016	12.5	0	15.2	0	15.7	9.0	785093
09-17-2016	18.8	0	0.2	0	19.8	11.1	627683
09-18-2016	5.5	0	0.8	0	12.5	10.8	446666
09-19-2016	16.2	0	0.2	0	16.3	8.5	655191
09-20-2016	18.5	0	0.2	0	18.8	9.1	683102
09-21-2016	8.8	0	2.0	0	15.2	10.9	643293
09-22-2016	9.9	0	1.8	0	13.4	9.6	660788
09-23-2016	16.5	0	0.6	0	16.5	9.8	816853
09-24-2016	18.4	0	0.2	0	20.1	10.0	607646
09-25-2016	17.1	0	7.2	0	14.7	9.5	499081
09-26-2016	13.6	0	1.2	0	16.9	8.1	618782
09-27-2016	13.4	0	15.6	0	14.8	7.4	658744
09-28-2016	19.6	0	1.2	0	19.3	7.5	731979
09-29-2016	16.2	0	2.2	0	16.7	12.5	719781
09-30-2016	16.6	0	1.8	1	16.4	9.3	655850
10-01-2016	11.9	0	0.0	0	18.6	11.6	541152
10-02-2016	18.7	0	11.0	0	24.0	12.1	406619
10-03-2016	13.7	0	11.0	0	15.9	11.1	528461
10-04-2016	13.2	0	5.6	0	17.1	10.6	516578
10-05-2016	7.5	0	5.6	0	17.1	8.0	582804
10-06-2016	22.6	0	0.0	0	27.2	9.7	661015
10-07-2016	7.8	0	0.0	0	22.5	14.1	651828
10-08-2016	23.0	0	0.0	0	16.9	9.7	573688
10-09-2016	14.1	0	0.0	0	22.0	9.5	375432
10-10-2016	18.4	0	1.4	0	16.8	13.0	521080
10-11-2016	16.7	0	1.2	0	15.1	7.5	564163
10-12-2016	12.9	0	0.0	0	15.4	10.2	553275
10-13-2016	22.8	0	3.6	0	14.6	6.8	610406
10-14-2016	24.5	0	0.0	0	22.7	5.2	713823
10-15-2016	21.8	0	0.0	0	24.8	9.4	542013
10-16-2016	8.0	0	0.0	0	23.1	17.4	444736
10-17-2016	14.8	0	10.8	0	18.9	9.8	543250
10-18-2016	16.5	0	1.0	0	16.6	9.6	519380
10-19-2016	22.1	0	3.6	0	16.5	7.5	583126
10-20-2016	25.6	0	0.0	0	21.8	6.8	620526
10-21-2016	1.9	0	0.0	0	17.6	14.8	578488
10-22-2016	16.9	0	19.2	0	13.2	6.9	448476
10-23-2016	18.7	0	10.8	0	14.1	7.9	423038
10-24-2016	20.3	0	0.0	0	17.1	9.4	570076
10-25-2016	23.1	0	0.0	0	25.7	9.6	604235
10-26-2016	9.0	0	0.0	0	18.5	16.5	556234
10-27-2016	25.8	0	0.4	0	15.4	10.1	603235
10-28-2016	26.5	0	0.0	0	16.6	6.3	684156
10-29-2016	25.8	0	0.0	0	25.6	9.3	538461
10-30-2016	19.5	0	0.0	0	28.0	12.7	402352
10-31-2016	19.0	0	1.6	0	17.5	7.9	613210
11-01-2016	17.7	0	0.8	1	18.4	9.4	350967
11-02-2016	13.3	0	0.8	0	18.5	9.7	576381
11-03-2016	28.0	0	0.0	0	19.1	10.0	624483
11-04-2016	24.9	0	0.0	0	29.2	10.2	686466
11-05-2016	10.8	0	0.0	0	16.8	10.0	470935
11-06-2016	25.2	0	0.0	0	21.4	11.5	436948
11-07-2016	15.9	0	0.0	0	25.9	14.6	542015
11-08-2016	28.9	0	0.2	0	18.2	11.0	592874
11-09-2016	22.0	0	0.0	0	17.4	9.2	576560
11-10-2016	20.3	0	0.0	0	17.5	11.9	632071
11-11-2016	29.1	0	0.0	0	23.8	8.4	730145
11-12-2016	17.0	0	2.2	0	25.5	13.2	552046
11-13-2016	9.7	0	2.4	0	19.0	11.7	401012
11-14-2016	14.8	0	9.2	0	15.9	11.5	540300
11-15-2016	17.1	0	0.0	0	19.2	11.0	595708
11-16-2016	25.8	0	0.0	0	21.6	11.9	634224
11-17-2016	28.8	0	0.0	0	31.4	12.0	695865
11-18-2016	15.6	0	0.0	0	18.9	15.3	698643
11-19-2016	29.9	0	0.0	0	19.4	11.7	603565
11-20-2016	22.1	0	0.0	0	33.3	11.9	489189
11-21-2016	19.8	0	0.0	0	35.0	17.9	526122
11-22-2016	1.5	0	9.8	0	14.9	14.5	525429
11-23-2016	16.9	0	8.4	0	16.8	11.0	591795
11-24-2016	21.6	0	8.4	0	17.0	10.3	628981
11-25-2016	15.7	0	1.2	0	17.9	10.9	703727
11-26-2016	18.8	0	0.0	0	17.4	12.2	596664
11-27-2016	10.1	0	0.8	0	16.3	11.6	472314
11-28-2016	24.4	0	0.4	0	19.6	12.2	641418
11-29-2016	31.0	0	0.2	0	20.0	10.4	625369
11-30-2016	9.6	0	0.0	0	18.9	13.3	616452
12-01-2016	28.0	0	0.0	0	21.9	12.9	646101
12-02-2016	29.7	0	0.0	0	21.6	13.0	719944
12-03-2016	31.2	0	0.0	0	23.9	9.9	602893
12-04-2016	14.1	0	0.0	0	31.7	12.7	420349
12-05-2016	21.6	0	2.8	0	21.5	16.9	590254
12-06-2016	24.2	0	2.6	0	20.8	12.8	631488
12-07-2016	30.8	0	0.0	0	28.3	10.5	704094
12-08-2016	11.6	0	2.6	0	23.2	15.4	679139
12-09-2016	23.2	0	7.2	0	17.3	10.0	768011
12-10-2016	24.2	0	0.6	0	18.8	11.2	643880
12-11-2016	27.0	0	1.2	0	19.3	12.9	545013
12-12-2016	30.0	0	0.0	0	32.8	10.7	647059
12-13-2016	14.1	0	0.0	0	36.3	16.5	615701
12-14-2016	21.3	0	0.0	0	19.3	15.7	655230
12-15-2016	30.8	0	0.0	0	18.6	11.7	691219
12-16-2016	20.5	0	0.0	0	25.5	9.7	761279
12-17-2016	22.5	0	0.0	0	20.9	15.1	578366
12-18-2016	30.3	0	0.0	0	17.5	10.0	504656
12-19-2016	29.3	0	0.0	0	30.2	8.8	641861
12-20-2016	26.0	0	3.4	0	21.5	14.4	658083
12-21-2016	28.8	0	0.0	0	19.9	13.5	716383
12-22-2016	29.6	0	0.0	0	20.0	14.6	730382
12-23-2016	28.7	0	0.0	0	26.3	12.5	688455
12-24-2016	26.3	0	1.1	0	34.9	16.2	444984
12-25-2016	32.3	0	0.0	1	36.3	16.4	308541
12-26-2016	10.2	0	0.0	1	29.3	25.4	499610
12-27-2016	5.8	0	2.0	1	29.8	18.0	459541
12-28-2016	15.1	0	1.4	0	38.2	20.3	505524
12-29-2016	15.7	0	0.0	0	33.5	27.0	423814
12-30-2016	28.8	0	22.8	0	27.8	20.1	529935
12-31-2016	30.8	0	0.0	0	23.8	17.3	626809
01-01-2017	8.5	0	0.0	1	21.1	16.8	492152
01-02-2017	7.8	0	0.8	1	17.8	14.8	355156
01-03-2017	25.9	0	0.4	0	19.5	14.6	529411
01-04-2017	31.6	0	0.0	0	29.3	13.3	539839
01-05-2017	29.7	0	0.0	0	31.7	18.5	530787
01-06-2017	30.1	0	0.0	0	35.2	18.3	483188
01-07-2017	28.5	0	0.0	0	36.7	20.9	347200
01-08-2017	29.3	0	0.0	0	33.1	28.0	326441
01-09-2017	14.3	0	0.0	0	24.4	18.5	497620
01-10-2017	28.6	0	0.0	0	26.2	17.7	503211
01-11-2017	25.9	0	0.0	0	24.3	16.6	527067
01-12-2017	30.7	0	0.0	0	26.5	14.9	564571
01-13-2017	1.3	0	1.8	0	28.8	17.5	532048
01-14-2017	16.5	0	3.2	0	23.5	15.2	456663
01-15-2017	22.7	0	0.0	0	21.5	15.2	465708
01-16-2017	30.5	0	0.0	0	32.7	12.2	543821
01-17-2017	25.5	0	0.0	0	37.8	16.4	526535
01-18-2017	27.5	0	0.0	0	20.8	15.6	600457
01-19-2017	29.7	0	0.0	0	23.4	11.0	620063
01-20-2017	13.2	0	22.6	0	20.8	16.1	642266
01-21-2017	25.1	0	0.6	0	22.6	15.3	539631
01-22-2017	30.3	0	0.0	0	29.6	12.7	445390
01-23-2017	19.2	0	0.0	0	36.7	17.8	514257
01-24-2017	27.6	0	0.8	0	22.0	19.1	567696
01-25-2017	29.8	0	0.0	0	21.1	13.5	632096
01-26-2017	16.9	0	0.0	1	21.2	16.4	512310
01-27-2017	29.3	0	0.0	0	23.6	17.0	587002
01-28-2017	29.2	0	0.0	0	29.2	15.0	533550
01-29-2017	29.4	0	0.0	0	27.0	15.1	482085
01-30-2017	3.7	0	0.0	0	30.0	17.8	478125
01-31-2017	26.8	0	3.0	0	22.1	16.5	530324
02-01-2017	9.3	0	0.0	0	20.6	14.3	528084
02-02-2017	28.2	0	0.0	0	24.1	14.2	554782
02-03-2017	28.1	0	0.0	0	27.6	15.4	616024
02-04-2017	27.3	0	0.0	0	35.9	14.6	446105
02-05-2017	9.3	0	0.0	0	30.7	18.5	327077
02-06-2017	3.9	0	38.4	0	18.0	15.1	467318
02-07-2017	27.9	0	0.0	0	27.6	15.4	535170
02-08-2017	27.7	0	0.0	0	36.0	16.5	523366
02-09-2017	24.4	0	0.0	0	36.0	20.3	493460
02-10-2017	21.3	0	0.0	0	27.1	18.7	603611
02-11-2017	21.0	0	0.0	0	24.6	18.5	475673
02-12-2017	12.6	0	2.2	0	19.9	15.1	370499
02-13-2017	20.5	0	0.0	0	21.0	14.0	514714
02-14-2017	15.6	0	0.4	0	19.5	14.5	594850
02-15-2017	26.0	0	0.0	0	31.5	10.0	574688
02-16-2017	23.2	0	0.0	0	23.6	14.9	565850
02-17-2017	18.4	0	0.0	0	25.5	13.7	640067
02-18-2017	16.1	0	0.0	0	18.9	13.3	634328
02-19-2017	9.9	0	0.0	0	17.3	11.7	451979
02-20-2017	22.4	0	4.4	0	20.3	11.6	543044
02-21-2017	25.0	0	0.0	0	24.0	10.1	587453
02-22-2017	23.1	0	0.0	0	33.3	12.8	586389
02-23-2017	23.5	0	0.0	0	25.0	15.9	609664
02-24-2017	13.2	0	1.6	0	20.0	15.8	632265
02-25-2017	23.9	0	0.0	0	19.4	13.7	533816
02-26-2017	24.2	0	0.0	0	29.8	13.2	482188
02-27-2017	23.9	0	0.0	0	33.1	15.6	565819
02-28-2017	23.6	0	0.0	0	33.6	17.3	585790
03-01-2017	23.7	0	0.0	0	30.5	16.6	589251
03-02-2017	22.0	0	0.0	0	23.3	17.7	607676
03-03-2017	18.1	0	0.0	0	28.6	18.1	656703
03-04-2017	23.0	0	0.0	0	27.4	16.1	500791
03-05-2017	16.8	0	0.4	0	25.4	17.6	389513
03-06-2017	22.3	0	0.0	0	27.4	17.7	577509
03-07-2017	22.4	0	0.0	0	28.2	15.0	602277
03-08-2017	22.1	0	0.0	0	31.5	14.2	610525
03-09-2017	21.1	0	0.0	0	32.3	15.0	609418
03-10-2017	19.4	0	0.0	0	23.8	18.5	724976
03-11-2017	13.9	0	0.0	0	26.4	18.0	620789
03-12-2017	19.6	0	0.0	0	27.1	17.9	629251
03-13-2017	20.7	0	0.0	1	24.3	15.7	566090
03-14-2017	20.8	0	0.0	0	32.7	18.8	558199
03-15-2017	18.9	0	0.0	0	33.2	20.8	536590
03-16-2017	4.8	0	2.4	0	23.0	21.7	552435
03-17-2017	20.1	0	0.0	0	22.1	15.8	665697
03-18-2017	19.9	0	0.0	0	30.8	12.4	534489
03-19-2017	19.7	0	0.0	0	33.5	14.5	425861
03-20-2017	11.3	0	0.0	0	28.0	19.3	511016
03-21-2017	6.1	0	4.6	0	26.1	19.9	506996
03-22-2017	7.3	0	10.4	0	21.8	17.8	528266
03-23-2017	17.2	0	0.0	0	25.1	16.2	606242
03-24-2017	16.1	0	0.0	0	24.7	13.9	678432
03-25-2017	13.5	0	0.0	0	29.7	15.3	538991
03-26-2017	14.6	0	0.0	0	26.7	19.3	422543
03-27-2017	7.6	0	0.0	0	31.9	19.3	491361
03-28-2017	17.8	0	5.8	0	24.3	11.9	555793
03-29-2017	14.7	0	0.0	0	27.2	13.9	546584
03-30-2017	13.0	0	2.8	0	17.9	10.2	568509
03-31-2017	12.3	0	2.8	0	17.9	10.1	676940
04-01-2017	13.5	0	0.0	0	19.0	10.0	542796
04-02-2017	10.1	0	0.2	0	18.2	11.7	486547
04-03-2017	16.8	0	0.0	0	21.5	8.2	601181
04-04-2017	16.4	0	0.0	0	24.4	10.0	662872
04-05-2017	15.8	0	0.0	0	25.4	11.0	670232
04-06-2017	13.5	0	0.0	0	26.6	12.0	695848
04-07-2017	15.6	0	0.0	0	26.2	12.7	760918
04-08-2017	13.8	0	0.0	0	28.1	18.6	505220
04-09-2017	6.5	0	14.2	0	15.2	11.7	424488
04-10-2017	3.0	0	25.6	0	17.0	9.0	511858
04-11-2017	13.5	0	14.4	0	18.5	12.3	623054
04-12-2017	14.0	0	0.0	0	19.3	10.8	656443
04-13-2017	13.9	0	0.0	0	22.2	10.9	699563
04-14-2017	8.9	0	0.0	1	17.9	13.0	471177
04-15-2017	9.7	0	0.0	1	17.3	11.8	539783
04-16-2017	10.1	0	0.0	1	22.6	9.9	472596
04-17-2017	10.9	0	0.0	1	18.3	11.1	401430
04-18-2017	13.7	0	0.0	0	20.4	9.5	563015
04-19-2017	12.7	0	0.0	0	26.9	13.0	580933
04-20-2017	12.4	0	0.0	0	26.5	14.6	622035
04-21-2017	3.6	0	9.8	0	20.9	16.5	611644
04-22-2017	11.8	0	5.5	0	22.5	16.9	556652
04-23-2017	11.9	0	5.4	0	21.8	14.4	490646
04-24-2017	9.9	0	0.4	0	24.7	15.9	584798
04-25-2017	5.8	0	27.8	1	17.7	16.2	416005
04-26-2017	6.4	0	20.6	0	14.5	10.1	518284
04-27-2017	7.1	0	18.0	0	15.6	8.3	534711
04-28-2017	6.0	0	0.8	0	19.8	9.4	636174
04-29-2017	7.9	0	0.0	0	18.1	14.9	507620
04-30-2017	7.3	0	0.0	0	17.8	13.6	427828
05-01-2017	8.7	0	0.0	0	20.4	13.6	500172
05-02-2017	9.4	0	2.8	0	15.2	10.4	521670
05-03-2017	10.8	0	1.2	0	15.3	7.4	559569
05-04-2017	12.0	0	0.0	0	16.9	5.8	600993
05-05-2017	10.6	0	0.0	0	20.5	6.2	668528
05-06-2017	6.1	0	0.0	0	20.0	9.6	491693
05-07-2017	9.4	0	2.0	0	14.8	8.9	402430
05-08-2017	7.2	0	2.6	0	15.8	10.1	492725
05-09-2017	7.3	0	1.2	0	15.9	10.9	538218
05-10-2017	11.3	0	0.0	0	17.7	8.1	568189
05-11-2017	8.6	0	0.0	0	16.5	6.1	567444
05-12-2017	9.9	0	0.0	0	19.5	5.9	642942
05-13-2017	10.1	0	0.0	0	15.6	8.4	532369
05-14-2017	7.7	0	0.0	0	15.1	6.4	454015
05-15-2017	8.2	0	0.0	0	16.9	6.3	510207
05-16-2017	9.0	0	0.0	0	18.2	5.6	540831
05-17-2017	3.8	0	0.4	0	17.0	7.6	572565
05-18-2017	9.8	0	0.0	0	20.2	10.7	577407
05-19-2017	2.5	0	1.0	0	17.8	10.2	616429
05-20-2017	9.8	0	0.2	0	19.3	10.2	550704
05-21-2017	6.8	0	0.0	0	18.7	10.8	425269
05-22-2017	10.1	0	0.0	0	20.3	10.4	530489
05-23-2017	7.4	0	0.0	0	19.3	12.8	532285
05-24-2017	8.0	0	0.0	0	17.1	11.7	553415
05-25-2017	5.7	0	0.0	0	18.5	13.7	558028
05-26-2017	8.2	0	0.0	0	18.0	13.1	639163
05-27-2017	8.3	0	0.0	0	17.8	11.9	511893
05-28-2017	7.6	0	8.0	0	15.3	10.2	361337
05-29-2017	8.0	0	1.6	0	14.8	7.7	494117
05-30-2017	6.9	0	3.0	0	13.1	9.3	490358
05-31-2017	8.5	0	5.6	0	13.0	6.7	474685
06-01-2017	4.7	0	1.2	0	13.9	7.9	509074
06-02-2017	7.3	0	0.0	0	14.7	8.0	625069
06-03-2017	8.3	0	1.0	0	14.3	9.9	515674
06-04-2017	9.3	0	0.0	0	15.8	4.4	409450
06-05-2017	5.0	0	0.0	0	17.5	5.6	510095
06-06-2017	6.3	0	6.4	0	13.9	8.7	518925
06-07-2017	9.2	0	0.0	0	14.3	5.9	570696
06-08-2017	7.2	0	0.0	0	15.0	3.6	553586
06-09-2017	7.8	0	2.4	0	15.0	6.6	720789
06-10-2017	8.9	0	0.0	0	15.8	7.0	575576
06-11-2017	8.6	0	0.0	0	15.5	3.4	518019
06-12-2017	5.1	0	0.0	1	15.9	6.0	387743
06-13-2017	6.6	0	0.0	0	15.1	8.8	530279
06-14-2017	8.9	0	0.0	0	17.4	4.0	548934
06-15-2017	7.4	0	0.0	0	19.0	7.7	558423
06-16-2017	8.9	0	0.0	0	17.1	6.6	658843
06-17-2017	9.2	0	0.0	0	15.5	4.2	519084
06-18-2017	7.9	0	0.0	0	16.3	5.4	396715
06-19-2017	6.0	0	0.0	0	16.1	7.1	508138
06-20-2017	9.2	0	0.0	0	15.8	6.4	542160
06-21-2017	5.0	0	1.0	0	13.5	7.8	531468
06-22-2017	6.7	0	0.4	0	14.1	6.7	559088
06-23-2017	8.2	0	0.0	0	14.9	7.4	623355
06-24-2017	7.3	0	1.2	0	12.3	8.3	502193
06-25-2017	5.3	0	0.2	0	14.3	8.6	385792
06-26-2017	7.8	0	2.0	0	12.6	8.8	496982
06-27-2017	4.4	0	0.0	0	12.1	6.0	507611
06-28-2017	5.4	0	0.0	0	14.1	6.8	519149
06-29-2017	5.0	0	0.0	0	13.7	9.2	464468
06-30-2017	8.4	0	5.6	0	12.3	7.1	590486
07-01-2017	9.3	0	0.2	0	12.7	1.1	616019
07-02-2017	9.2	0	0.0	0	14.3	0.8	537761
07-03-2017	3.9	0	0.0	0	13.9	3.8	579373
07-04-2017	6.4	0	3.6	0	16.2	9.0	626490
07-05-2017	6.5	0	0.0	0	15.8	10.1	658694
07-06-2017	8.7	0	0.0	0	15.0	4.8	686601
07-07-2017	9.4	0	0.0	0	14.2	8.0	784079
07-08-2017	5.1	0	0.0	0	13.5	5.3	586585
07-09-2017	7.3	0	1.0	0	14.6	7.3	507736
07-10-2017	5.7	0	0.0	0	16.0	7.0	604159
07-11-2017	9.7	0	0.4	0	14.3	6.9	644573
07-12-2017	9.8	0	0.0	0	15.1	3.2	659620
07-13-2017	5.5	0	0.0	0	13.3	4.8	629153
07-14-2017	8.6	0	2.6	0	15.9	9.9	679518
07-15-2017	9.4	0	0.1	0	12.0	4.5	574596
07-16-2017	7.8	0	0.1	0	12.5	3.0	406334
07-17-2017	6.3	0	0.0	0	15.3	5.7	523005
07-18-2017	5.8	0	0.0	0	14.5	9.7	540192
07-19-2017	7.7	0	5.6	0	13.2	8.9	555027
07-20-2017	5.9	0	0.6	0	10.7	7.9	547041
07-21-2017	10.3	0	3.4	0	13.8	3.3	681935
07-22-2017	7.0	0	0.2	0	12.4	5.4	495025
07-23-2017	5.4	0	0.0	0	14.1	8.4	405805
07-24-2017	8.3	0	10.6	0	16.1	8.1	577529
07-25-2017	9.0	0	0.0	0	17.2	9.8	575038
07-26-2017	8.7	0	1.6	0	15.0	10.9	596492
07-27-2017	8.7	0	1.2	0	14.2	4.4	608917
07-28-2017	9.8	0	3.4	0	14.3	6.2	757744
07-29-2017	10.1	0	1.0	0	17.9	9.7	558579
07-30-2017	8.3	0	0.0	0	18.1	11.3	539554
07-31-2017	11.5	0	0.0	0	14.8	6.7	538126
08-01-2017	11.5	0	0.0	0	15.5	3.5	567873
08-02-2017	7.5	0	0.0	0	12.9	3.4	581568
08-03-2017	4.4	0	0.0	0	9.0	3.1	541575
08-04-2017	7.2	0	7.6	0	12.1	4.3	678298
08-05-2017	11.7	0	0.0	0	14.2	8.8	566359
08-06-2017	8.2	0	0.2	0	13.0	9.0	407353
08-07-2017	7.3	0	5.0	0	12.3	7.7	536863
08-08-2017	7.5	0	3.0	0	15.0	7.9	596215
08-09-2017	11.5	0	0.0	0	16.8	8.9	611458
08-10-2017	8.4	0	0.0	0	18.8	11.4	613531
08-11-2017	9.3	0	0.0	0	16.4	10.3	693400
08-12-2017	9.9	0	0.0	0	17.9	10.3	539856
08-13-2017	11.1	0	0.0	0	18.7	9.4	505625
08-14-2017	12.6	0	0.2	0	20.1	12.3	586612
08-15-2017	3.2	0	0.0	0	17.5	10.4	565622
08-16-2017	10.9	0	1.4	0	18.1	12.1	600683
08-17-2017	9.1	0	4.8	0	15.6	9.3	575320
08-18-2017	9.4	0	4.8	0	12.2	8.0	617533
08-19-2017	11.6	0	7.0	0	11.8	5.9	559997
08-20-2017	13.9	0	1.8	0	13.3	5.1	515892
08-21-2017	7.9	0	1.2	0	12.7	6.8	524362
08-22-2017	11.1	0	2.2	0	16.8	5.7	588137
08-23-2017	9.7	0	0.0	0	18.1	8.3	559107
08-24-2017	13.0	0	8.8	0	13.3	5.2	599851
08-25-2017	13.3	0	0.0	0	15.0	4.9	723943
08-26-2017	8.5	0	0.0	0	15.3	9.9	633871
08-27-2017	11.8	0	1.3250000000000002	0	10.7	5.8	437941
08-28-2017	14.6	0	0.8	0	11.8	5.8	588781
08-29-2017	9.1	0	0.0	0	12.9	5.4	584852
08-30-2017	12.3	0	1.0	0	13.8	7.7	604017
08-31-2017	15.9	0	0.0	0	16.7	4.0	639756
09-01-2017	14.4	0	0.0	0	17.0	3.7	705140
09-02-2017	6.3	0	3.0	0	18.4	7.3	536908
09-03-2017	6.3	0	0.4	0	17.2	13.4	413123
09-04-2017	13.4	0	0.0	0	13.7	8.8	504647
09-05-2017	11.0	0	5.4	0	13.3	6.5	516970
09-06-2017	11.0	0	5.4	0	15.1	6.7	529974
09-07-2017	9.5	0	4.6	0	15.2	7.9	545018
09-08-2017	13.1	0	4.6	0	13.5	8.0	665810
09-09-2017	15.9	0	1.6	0	14.9	7.1	540443
09-10-2017	12.3	0	0.0	0	16.1	5.3	455550
09-11-2017	7.0	0	0.0	0	18.1	8.1	548230
09-12-2017	3.5	0	1.6	0	19.9	12.2	569329
09-13-2017	8.2	0	2.8	0	16.4	13.3	585817
09-14-2017	10.8	0	1.2	0	15.3	5.8	610491
09-15-2017	7.0	0	0.0	0	16.7	9.6	667928
09-16-2017	16.7	0	21.9	0	13.3	7.4	542549
09-17-2017	19.0	0	0.2	0	18.1	4.0	520078
09-18-2017	15.7	0	0.0	0	22.0	10.5	603385
09-19-2017	16.6	0	0.0	0	13.9	9.0	645505
09-20-2017	17.3	0	0.0	0	19.2	6.0	682738
09-21-2017	13.0	0	0.0	0	23.6	11.6	693047
09-22-2017	15.6	0	0.0	0	25.6	12.8	811585
09-23-2017	17.3	0	0.0	0	30.6	14.8	674681
09-24-2017	12.0	0	0.0	0	19.9	12.9	510931
09-25-2017	10.9	0	1.8	0	14.2	10.3	633979
09-26-2017	20.4	0	0.0	0	15.1	5.0	722429
09-27-2017	11.7	0	0.0	0	24.6	9.6	749021
09-28-2017	12.8	0	0.0	0	18.5	10.4	741544
09-29-2017	14.5	0	0.8	1	18.4	10.6	629526
09-30-2017	16.1	0	1.4	0	15.4	11.0	591288
10-01-2017	9.2	0	0.0	0	17.2	9.7	491805
10-02-2017	16.4	0	0.0	0	16.4	9.5	650927
10-03-2017	21.8	0	0.0	0	22.3	6.8	700162
10-04-2017	21.6	0	0.0	0	20.8	8.5	743727
10-05-2017	10.4	0	0.0	0	19.4	11.7	673736
10-06-2017	16.8	0	2.6	0	15.0	10.1	763346
10-07-2017	17.3	0	0.2	0	23.7	7.2	637972
10-08-2017	19.5	0	0.0	0	25.3	11.1	499737
10-09-2017	16.7	0	2.8	0	18.7	14.0	586012
10-10-2017	23.6	0	0.0	0	18.8	8.0	660856
10-11-2017	7.5	0	0.0	0	25.6	9.8	614791
10-12-2017	15.6	0	10.6	0	19.2	10.5	677026
10-13-2017	12.5	0	0.0	0	16.7	13.1	746482
10-14-2017	23.6	0	0.0	0	16.1	8.2	684670
10-15-2017	24.5	0	0.0	0	17.6	6.8	609065
10-16-2017	23.8	0	0.0	0	28.6	11.3	645915
10-17-2017	24.9	0	0.0	0	30.2	12.8	684129
10-18-2017	25.1	0	0.0	0	30.9	14.5	677324
10-19-2017	9.8	0	0.0	0	25.6	21.7	631220
10-20-2017	24.0	0	0.0	0	16.2	11.3	781822
10-21-2017	12.8	0	0.4	0	15.4	11.0	562875
10-22-2017	13.0	0	0.2	0	16.0	11.1	505697
10-23-2017	21.8	0	0.2	0	19.0	11.9	661345
10-24-2017	18.7	0	0.0	0	20.5	12.1	667831
10-25-2017	12.5	0	12.6	0	18.5	13.3	672694
10-26-2017	12.2	0	0.0	0	16.8	12.9	700640
10-27-2017	26.1	0	0.0	0	27.4	10.3	874039
10-28-2017	16.8	0	1.0	0	21.4	15.0	672376
10-29-2017	27.1	0	0.0	0	28.6	11.5	549042
10-30-2017	17.0	0	5.0	0	17.0	8.8	592647
10-31-2017	24.8	0	7.8	0	16.4	8.1	654102
11-01-2017	14.2	0	0.0	0	18.0	11.9	693424
11-02-2017	17.0	0	0.0	0	17.4	11.3	720055
11-03-2017	20.5	0	2.8	0	16.6	9.4	801824
11-04-2017	24.6	0	0.0	0	15.8	8.3	728442
11-05-2017	24.1	0	0.0	0	17.6	6.4	588898
11-06-2017	18.9	0	0.0	0	16.1	10.9	793972
11-07-2017	18.8	0	0.0	1	15.8	10.0	476315
11-08-2017	25.4	0	0.0	0	16.9	12.1	765526
11-09-2017	28.8	0	0.0	0	21.8	8.7	770028
11-10-2017	23.7	0	0.0	0	27.2	12.1	883232
11-11-2017	28.8	0	0.0	0	24.7	14.8	715955
11-12-2017	25.0	0	0.0	0	23.3	13.2	608434
11-13-2017	29.5	0	0.0	0	33.0	13.7	722374
11-14-2017	29.5	0	0.0	0	33.9	18.2	728995
11-15-2017	16.9	0	0.0	0	31.4	21.5	753974
11-16-2017	4.8	0	4.2	0	21.3	18.1	735935
11-17-2017	22.9	0	5.0	0	26.8	16.4	945058
11-18-2017	20.1	0	0.6	0	28.1	16.1	656106
11-19-2017	27.5	0	25.5	0	29.3	15.1	650402
11-20-2017	28.6	0	0.0	0	30.8	16.6	714372
11-21-2017	29.5	0	0.0	0	32.9	17.8	745748
11-22-2017	30.6	0	0.0	0	32.6	18.7	762627
11-23-2017	18.9	0	0.0	0	31.9	16.2	773689
11-24-2017	13.8	0	0.8	0	30.7	18.6	912074
11-25-2017	17.0	0	1.0	0	32.5	19.3	690502
11-26-2017	20.025	0	4.5	0	28.3	19.4	607425
11-27-2017	20.5	0	1.8	0	21.2	16.5	743658
11-28-2017	31.1	0	0.0	0	31.0	13.7	763721
11-29-2017	28.3	0	0.0	0	35.8	18.5	716277
11-30-2017	23.1	0	0.0	0	34.9	22.5	729566
12-01-2017	1.6	0	0.0	0	23.5	21.5	633222
12-02-2017	0.7	0	27.0	0	16.4	14.7	413507
12-03-2017	14.4	0	35.0	0	17.1	11.5	481926
12-04-2017	7.9	0	5.8	0	17.5	12.4	668895
12-05-2017	22.9	0	2.2	0	22.8	10.8	757394
12-06-2017	23.6	0	0.0	0	21.3	13.6	826142
12-07-2017	19.8	0	0.0	0	21.9	11.6	742048
12-08-2017	28.5	0	30.6	0	18.7	11.4	913806
12-09-2017	19.2	0	0.0	0	23.0	12.7	759334
12-10-2017	31.4	0	0.0	0	22.2	14.5	668967
12-11-2017	26.3	0	0.0	0	20.7	16.4	793143
12-12-2017	31.3	0	0.0	0	26.4	15.8	822951
12-13-2017	32.0	0	0.0	0	37.6	15.8	783137
12-14-2017	21.7	0	0.0	0	23.1	20.5	829057
12-15-2017	32.1	0	0.0	0	26.4	14.1	943607
12-16-2017	31.0	0	0.0	0	24.6	13.8	767175
12-17-2017	30.5	0	0.0	0	24.5	15.7	655180
12-18-2017	22.1	0	0.0	0	33.0	17.1	764671
12-19-2017	12.1	0	0.0	0	37.4	19.7	707022
12-20-2017	19.0	0	18.6	0	24.5	15.8	823697
12-21-2017	31.9	0	0.0	0	23.7	12.3	886626
12-22-2017	26.6	0	0.0	0	27.7	13.6	861717
12-23-2017	21.2	0	0.0	0	30.2	14.7	661876
12-24-2017	25.7	0	0.0	0	19.4	15.8	637262
12-25-2017	29.0	0	0.0	1	21.4	15.1	481360
12-26-2017	31.9	0	0.0	1	30.5	12.5	751337
12-27-2017	30.6	0	0.0	0	34.5	17.3	642740
12-28-2017	13.5	0	0.0	0	32.8	24.0	647191
12-29-2017	9.3	0	0.0	0	24.4	18.6	631413
12-30-2017	13.6	0	0.0	0	21.3	15.6	627593
12-31-2017	31.7	0	0.0	0	25.7	12.0	799773
01-01-2018	31.4	0	0.0	1	25.3	16.6	613780
01-02-2018	29.7	0	0.0	0	21.8	16.4	651270
01-03-2018	27.2	0	0.0	0	21.0	14.6	689742
01-04-2018	31.8	0	0.0	0	23.6	14.1	682054
01-05-2018	31.7	0	0.0	0	30.7	14.7	701721
01-06-2018	31.5	0	0.0	0	41.7	18.8	457430
01-07-2018	11.0	0	0.0	0	21.8	18.7	532960
01-08-2018	17.5	0	0.0	0	21.9	17.3	657417
01-09-2018	30.0	0	0.0	0	22.5	15.7	717619
01-10-2018	23.5	0	0.0	0	25.6	13.6	753870
01-11-2018	28.6	0	0.0	0	34.5	15.5	678177
01-12-2018	1.7	0	1.8	0	30.0	20.4	674893
01-13-2018	10.7	0	6.8	0	20.9	16.0	535466
01-14-2018	27.5	0	15.8	0	19.5	12.7	634133
01-15-2018	21.1	0	0.0	0	20.9	14.6	718848
01-16-2018	31.1	0	0.4	0	26.9	12.9	805776
01-17-2018	30.9	0	0.0	0	30.3	12.4	797930
01-18-2018	30.8	0	0.0	0	40.0	16.6	697489
01-19-2018	30.6	0	0.0	0	40.3	22.5	723380
01-20-2018	20.2	0	0.0	0	24.6	20.3	748664
01-21-2018	14.9	0	0.0	0	28.2	21.0	607319
01-22-2018	27.3	0	0.0	0	23.9	20.5	749950
01-23-2018	28.3	0	0.0	0	23.6	18.0	798371
01-24-2018	27.5	0	0.0	0	23.3	14.8	830641
01-25-2018	28.1	0	0.0	0	26.6	17.1	844248
01-26-2018	19.9	0	0.0	1	28.4	19.4	670479
01-27-2018	27.5	0	7.0	0	33.2	21.2	624019
01-28-2018	28.5	0	0.0	0	38.1	22.7	448126
01-29-2018	7.3	0	0.0	0	33.5	27.8	534994
01-30-2018	14.1	0	41.8	0	21.0	15.6	658312
01-31-2018	19.6	0	0.0	0	19.1	14.6	691922
02-01-2018	28.9	0	0.0	0	22.5	12.1	737386
02-02-2018	28.4	0	0.0	0	22.1	13.4	807035
02-03-2018	26.7	0	0.0	0	28.1	15.8	678830
02-04-2018	28.5	0	0.0	0	25.7	14.7	566570
02-05-2018	24.0	0	0.0	0	25.7	17.0	706206
02-06-2018	27.6	0	0.0	0	29.9	17.7	730637
02-07-2018	27.1	0	0.0	0	37.4	18.7	709302
02-08-2018	15.8	0	0.0	0	27.5	20.6	740784
02-09-2018	17.2	0	0.0	0	24.9	20.4	852929
02-10-2018	6.6	0	0.0	0	30.3	18.7	711660
02-11-2018	18.5	0	0.0	0	21.2	15.5	604470
02-12-2018	22.2	0	0.0	0	23.6	16.3	742737
02-13-2018	26.0	0	0.0	0	29.0	13.6	776160
02-14-2018	22.8	0	0.0	0	23.3	17.5	835388
02-15-2018	18.4	0	0.0	0	24.2	13.5	817489
02-16-2018	24.8	0	0.0	0	22.2	15.7	922653
02-17-2018	24.1	0	0.0	0	25.3	12.4	989404
02-18-2018	20.5	0	0.0	0	24.0	13.6	872102
02-19-2018	20.9	0	1.2	0	25.4	17.6	759345
02-20-2018	25.5	0	0.0	0	29.5	14.1	796056
02-21-2018	16.0	0	0.0	0	29.3	16.0	801724
02-22-2018	16.8	0	0.0	0	31.0	20.3	819283
02-23-2018	13.4	0	0.0	0	33.5	21.2	868880
02-24-2018	4.8	0	0.0	0	31.6	22.7	680753
02-25-2018	10.0	0	0.0	0	19.8	16.2	628743
02-26-2018	24.3	0	0.0	0	26.5	14.3	789690
02-27-2018	24.0	0	0.0	0	31.3	14.9	795378
02-28-2018	19.6	0	0.0	0	30.9	20.0	793956
03-01-2018	17.7	0	0.0	0	20.5	16.2	817907
03-02-2018	19.6	0	0.0	0	22.8	14.5	912454
03-03-2018	21.8	0	0.0	0	32.7	13.9	702654
03-04-2018	22.2	0	0.0	0	21.0	15.8	582625
03-05-2018	16.6	0	0.0	0	21.1	14.9	741940
03-06-2018	22.6	0	0.0	0	27.6	12.5	800046
03-07-2018	22.4	0	0.0	0	28.5	14.4	819183
03-08-2018	22.1	0	0.0	0	30.5	14.9	852492
03-09-2018	21.9	0	0.0	0	28.8	14.6	959752
03-10-2018	21.6	0	0.0	0	35.1	14.3	839781
03-11-2018	14.3	0	0.0	0	22.8	17.0	887982
03-12-2018	10.2	0	0.0	1	20.9	16.7	743673
03-13-2018	18.8	0	2.8	0	20.5	14.6	754838
03-14-2018	17.7	0	0.0	0	21.3	12.8	794840
03-15-2018	13.9	0	0.0	0	20.8	15.3	795874
03-16-2018	15.0	0	0.0	0	24.4	12.5	900585
03-17-2018	15.1	0	0.0	0	32.0	15.4	741713
03-18-2018	13.4	0	0.0	0	23.1	22.6	664634
03-19-2018	17.8	0	0.0	0	28.0	13.2	754464
03-20-2018	9.5	0	0.0	0	19.2	15.4	767316
03-21-2018	18.3	0	0.0	0	25.1	11.2	821836
03-22-2018	19.0	0	0.0	0	28.1	12.3	880262
03-23-2018	18.8	0	0.0	0	29.4	15.2	930496
03-24-2018	5.4	0	0.6	0	24.2	20.2	667281
03-25-2018	11.6	0	15.0	0	25.4	17.8	639986
03-26-2018	11.9	0	6.2	0	18.5	10.7	733254
03-27-2018	14.0	0	0.0	0	22.6	9.6	757793
03-28-2018	17.8	0	0.0	0	30.3	11.3	775671
03-29-2018	14.2	0	0.0	0	21.8	16.5	832049
03-30-2018	14.3	0	0.0	1	23.3	12.2	638478
03-31-2018	16.7	0	0.0	1	22.4	13.2	770147
04-01-2018	11.0	0	0.0	1	27.7	13.0	650146
04-02-2018	14.4	0	0.0	1	20.9	14.9	583467
04-03-2018	13.9	0	0.0	0	19.8	13.4	764797
04-04-2018	16.6	0	0.0	0	20.6	13.3	819474
04-05-2018	9.0	0	0.0	0	18.7	13.3	824721
04-06-2018	14.8	0	0.0	0	21.2	13.8	943085
04-07-2018	16.0	0	0.0	0	21.6	9.8	774723
04-08-2018	14.7	0	0.0	0	29.9	11.8	636140
04-09-2018	13.6	0	0.0	0	25.7	15.9	783227
04-10-2018	5.9	0	0.0	0	28.8	14.8	823252
04-11-2018	10.9	0	0.2	0	27.3	18.1	843341
04-12-2018	7.4	0	0.0	0	26.5	15.9	838379
04-13-2018	14.4	0	0.0	0	25.9	11.9	945614
04-14-2018	3.1	0	1.4	0	16.1	13.5	597581
04-15-2018	4.9	0	15.0	0	19.1	9.7	531138
04-16-2018	7.1	0	1.6	0	21.0	13.1	702178
04-17-2018	8.9	0	0.8	0	16.6	13.2	783506
04-18-2018	14.2	0	0.0	0	19.4	6.2	797086
04-19-2018	13.0	0	0.0	0	22.3	11.0	814806
04-20-2018	13.7	0	0.0	0	20.2	8.9	917216
04-21-2018	11.3	0	0.0	0	22.8	11.9	760740
04-22-2018	12.6	0	0.0	0	20.4	11.2	625226
04-23-2018	13.0	0	0.0	0	26.9	11.9	727523
04-24-2018	5.2	0	0.0	0	24.6	13.7	798050
04-25-2018	7.7	0	0.0	1	20.1	15.7	684714
04-26-2018	7.9	0	0.0	0	17.5	11.9	749539
04-27-2018	8.8	0	0.0	0	17.8	11.6	827569
04-28-2018	11.7	0	0.0	0	18.3	7.7	688453
04-29-2018	9.6	0	0.0	0	18.0	10.5	560039
04-30-2018	12.3	0	0.0	0	19.6	8.8	686782
05-01-2018	12.3	0	0.0	0	23.4	7.2	725455
05-02-2018	7.2	0	0.0	0	23.2	10.2	736988
05-03-2018	4.4	0	0.0	0	24.4	14.5	737186
05-04-2018	7.8	0	7.2	0	17.2	11.5	803752
05-05-2018	6.5	0	2.2	0	21.6	12.1	701778
05-06-2018	11.0	0	0.0	0	21.7	9.9	581577
05-07-2018	6.2	0	0.2	0	19.5	12.0	674019
05-08-2018	10.6	0	0.3	0	17.9	13.4	714870
05-09-2018	7.5	0	0.0	0	18.4	8.0	803022
05-10-2018	8.5	0	8.8	0	12.8	9.0	724133
05-11-2018	3.7	0	19.6	0	15.1	7.4	618683
05-12-2018	9.0	0	8.4	0	16.9	11.0	639883
05-13-2018	10.8	0	3.7	0	16.2	13.0	566785
05-14-2018	8.2	0	0.0	0	15.9	6.8	662189
05-15-2018	4.6	0	0.0	0	14.6	8.9	664186
05-16-2018	7.6	0	2.2	0	14.3	9.4	692178
05-17-2018	6.9	0	0.0	0	15.0	11.7	698288
05-18-2018	8.0	0	0.6	0	17.7	12.3	785155
05-19-2018	6.5	0	3.6	0	15.5	10.6	668033
05-20-2018	1.7	0	0.2	0	16.2	11.8	482905
05-21-2018	5.0	0	2.6	0	16.7	12.6	642220
05-22-2018	3.6	0	6.2	0	17.0	13.0	660529
05-23-2018	6.5	0	6.2	0	15.3	11.8	686909
05-24-2018	5.1	0	0.2	0	16.1	12.9	721149
05-25-2018	9.5	0	0.0	0	14.9	9.4	832419
05-26-2018	9.9	0	0.0	0	20.5	5.2	666887
05-27-2018	8.0	0	0.0	0	20.7	7.3	526309
05-28-2018	6.0	0	1.2	0	20.5	12.9	651129
05-29-2018	8.1	0	1.2	0	17.9	13.7	677600
05-30-2018	7.9	0	0.0	0	15.1	7.7	656122
05-31-2018	7.6	0	5.0	0	14.8	9.6	687877
06-01-2018	9.6	0	0.0	0	13.3	4.1	785575
06-02-2018	9.6	0	0.0	0	13.6	3.5	682116
06-03-2018	8.5	0	0.0	0	13.8	4.3	518514
06-04-2018	9.3	0	0.0	0	14.4	4.5	638408
06-05-2018	8.8	0	2.0	0	15.0	7.5	666350
06-06-2018	9.4	0	0.0	0	19.1	5.6	778577
06-07-2018	5.7	0	0.0	0	17.8	7.7	697551
06-08-2018	3.3	0	1.0	0	13.6	12.4	717758
06-09-2018	8.0	0	4.0	0	15.6	11.3	712181
06-10-2018	9.3	0	0.2	0	15.3	4.1	674223
06-11-2018	8.9	0	0.0	1	17.6	5.3	529526
06-12-2018	6.7	0	0.8	0	16.6	7.9	631543
06-13-2018	7.1	0	0.2	0	14.1	9.5	647042
06-14-2018	7.8	0	6.6	0	14.5	8.6	675922
06-15-2018	4.4	0	3.4	0	14.0	9.6	724422
06-16-2018	7.1	0	2.2	0	13.1	6.9	643543
06-17-2018	5.1	0	18.8	0	13.1	8.0	378360
06-18-2018	5.9	0	6.2	0	12.0	9.5	628283
06-19-2018	9.0	0	0.6	0	14.5	3.0	682511
06-20-2018	8.0	0	0.0	0	15.3	4.3	706399
06-21-2018	9.1	0	0.0	0	15.1	4.0	720637
06-22-2018	8.5	0	0.0	0	15.0	4.3	782598
06-23-2018	3.9	0	0.0	0	12.8	6.0	596411
06-24-2018	5.7	0	0.0	0	13.1	9.0	515456
06-25-2018	7.8	0	0.0	0	12.6	8.4	642469
06-26-2018	6.6	0	0.0	0	14.1	8.4	660715
06-27-2018	6.0	0	0.0	0	11.2	4.8	686707
06-28-2018	5.2	0	0.0	0	10.6	5.3	687444
06-29-2018	6.1	0	0.0	0	12.5	6.1	791748
06-30-2018	4.9	0	1.2	0	14.2	9.4	623360
07-01-2018	8.8	0	0.6	0	14.7	3.5	586864
07-02-2018	9.4	0	0.0	0	14.6	2.4	691138
07-03-2018	6.7	0	0.0	0	14.3	4.1	697061
07-04-2018	6.0	0	0.0	0	17.1	10.4	740832
07-05-2018	2.8	0	0.0	0	18.7	12.7	751197
07-06-2018	8.3	0	0.0	0	15.2	12.5	893364
07-07-2018	6.5	0	0.0	0	12.9	9.6	622386
07-08-2018	6.2	0	0.0	0	13.9	9.3	572870
07-09-2018	8.1	0	0.0	0	13.8	10.1	715776
07-10-2018	5.4	0	0.0	0	11.5	9.3	737990
07-11-2018	6.0	0	0.0	0	11.6	6.6	772777
07-12-2018	7.5	0	0.0	0	11.3	4.3	776000
07-13-2018	9.3	0	0.0	0	13.9	5.8	897761
07-14-2018	10.0	0	0.0	0	15.5	4.4	725447
07-15-2018	9.8	0	0.0	0	13.8	6.0	566742
07-16-2018	4.5	0	0.4	0	12.6	7.9	685796
07-17-2018	9.2	0	0.0	0	17.5	9.1	699900
07-18-2018	10.3	0	1.6	0	15.2	6.2	763353
07-19-2018	8.5	0	0.0	0	17.6	8.7	725351
07-20-2018	7.2	0	5.4	0	12.1	7.2	844692
07-21-2018	7.2	0	0.8	0	14.0	6.7	691067
07-22-2018	10.5	0	0.0	0	14.8	8.0	574913
07-23-2018	6.9	0	0.6	0	15.4	8.4	659710
07-24-2018	7.1	0	0.0	0	15.6	8.6	688894
07-25-2018	9.3	0	7.6	0	15.7	8.3	782802
07-26-2018	8.9	0	0.0	0	15.1	7.7	771363
07-27-2018	10.3	0	0.0	0	19.5	9.2	925677
07-28-2018	9.3	0	0.8	0	18.6	8.4	780501
07-29-2018	10.0	0	3.4	0	14.6	10.8	604285
07-30-2018	7.3	0	0.8	0	12.6	8.2	681830
07-31-2018	10.2	0	0.0	0	16.2	8.3	710043
08-01-2018	11.4	0	1.4	0	14.8	9.9	805066
08-02-2018	11.7	0	0.0	0	16.1	4.9	816154
08-03-2018	6.3	0	0.0	0	18.4	7.8	868148
08-04-2018	8.7	0	2.2	0	15.3	8.0	743431
08-05-2018	11.2	0	0.2	0	17.6	10.6	615406
08-06-2018	8.5	0	0.0	0	13.8	9.4	691731
08-07-2018	9.6	0	0.0	0	14.8	7.3	742958
08-08-2018	7.2	0	1.6	0	16.0	9.6	734419
08-09-2018	8.6	0	3.4	0	15.4	5.6	747746
08-10-2018	11.8	0	0.0	0	20.0	9.4	868735
08-11-2018	7.4	0	10.2	0	14.7	8.1	645381
08-12-2018	10.4	0	6.8	0	14.8	5.4	605608
08-13-2018	8.6	0	0.4	0	14.9	7.9	695855
08-14-2018	13.2	0	0.0	0	16.7	9.4	749846
08-15-2018	10.1	0	0.0	0	18.4	11.5	758640
08-16-2018	9.2	0	0.0	0	14.7	8.7	777417
08-17-2018	12.2	0	1.0	0	15.9	7.7	913125
08-18-2018	10.4	0	0.4	0	13.8	8.9	625057
08-19-2018	9.3	0	10.8	0	11.9	6.7	496016
08-20-2018	6.5	0	2.4	0	12.4	5.5	662631
08-21-2018	7.7	0	1.6	0	12.4	8.6	687686
08-22-2018	8.5	0	1.0	0	14.0	8.7	714907
08-23-2018	11.1	0	0.0	0	16.0	5.6	741266
08-24-2018	14.7	0	0.0	0	15.4	4.8	874751
08-25-2018	14.9	0	0.0	0	15.2	3.9	716483
08-26-2018	12.3	0	0.0	0	14.7	4.9	548711
08-27-2018	12.4	0	3.6	0	12.9	6.8	689947
08-28-2018	11.7	0	0.0	0	11.2	1.9	720891
08-29-2018	15.5	0	0.0	0	12.5	0.8	762701
08-30-2018	5.1	0	0.0	0	16.7	4.8	688962
08-31-2018	6.8	0	2.4	0	16.0	8.9	826812
09-01-2018	7.4	0	3.0	0	13.4	10.5	631159
09-02-2018	11.2	0	3.4	0	12.3	5.0	534939
09-03-2018	14.7	0	0.2	0	13.1	5.0	709261
09-04-2018	14.7	0	0.0	0	19.5	3.4	769778
09-05-2018	14.5	0	0.0	0	20.2	8.1	792164
09-06-2018	9.5	0	0.2	0	20.6	13.8	774095
09-07-2018	14.7	0	3.6	0	15.1	8.7	938298
09-08-2018	16.2	0	0.0	0	17.5	4.2	703303
09-09-2018	7.3	0	0.0	0	18.1	8.6	528814
09-10-2018	10.2	0	0.2	0	18.0	13.4	737695
09-11-2018	17.7	0	0.0	0	24.2	9.1	803432
09-12-2018	15.8	0	0.0	0	18.5	11.7	800446
09-13-2018	18.2	0	0.0	0	19.7	7.1	824492
09-14-2018	18.2	0	0.0	0	22.7	10.9	941484
09-15-2018	6.3	0	0.6	0	13.7	10.2	563598
09-16-2018	15.3	0	2.5	0	14.0	5.5	524743
09-17-2018	18.7	0	0.0	0	18.1	6.7	751041
09-18-2018	8.0	0	0.0	0	20.3	11.0	745728
09-19-2018	16.1	0	3.0	0	14.7	8.5	768576
09-20-2018	18.5	0	0.4	0	17.4	3.8	822055
09-21-2018	16.6	0	0.0	0	18.9	8.3	954671
09-22-2018	19.7	0	0.0	0	17.3	6.8	720962
09-23-2018	11.6	0	0.2	0	13.7	10.4	567997
09-24-2018	17.2	0	0.0	0	14.9	4.6	791376
09-25-2018	12.2	0	0.0	0	13.6	8.6	797216
09-26-2018	20.8	0	0.0	0	17.6	6.4	873124
09-27-2018	20.8	0	0.0	0	24.2	9.2	919875
09-28-2018	10.2	0	0.0	1	15.2	10.7	649481
09-29-2018	17.0	0	1.7	0	14.0	5.5	656503
09-30-2018	19.8	0	0.0	0	16.5	6.8	564330
10-01-2018	21.4	0	0.0	0	23.3	4.7	812088
10-02-2018	13.4	0	0.0	0	25.8	11.4	819692
10-03-2018	10.9	0	0.0	0	18.1	14.7	795998
10-04-2018	12.5	0	0.0	0	14.6	10.9	828515
10-05-2018	22.5	0	0.0	0	20.5	9.1	934599
10-06-2018	22.7	0	0.0	0	23.8	8.3	719750
10-07-2018	21.2	0	0.0	0	24.7	10.3	547674
10-08-2018	22.7	0	0.0	0	28.2	13.5	709823
10-09-2018	7.2	0	0.4	0	17.9	16.1	633483
10-10-2018	20.0	0	3.4	0	16.5	10.1	742177
10-11-2018	23.7	0	0.0	0	20.7	6.4	797252
10-12-2018	23.9	0	0.0	0	22.7	8.7	898086
10-13-2018	23.2	0	0.0	0	24.9	10.5	693407
10-14-2018	22.1	0	0.0	0	27.3	12.4	593667
10-15-2018	19.4	0	0.0	0	27.5	19.5	691739
10-16-2018	6.1	0	0.6	0	23.1	20.0	658056
10-17-2018	15.1	0	5.2	0	22.6	16.1	723569
10-18-2018	10.5	0	2.8	0	20.7	14.7	733057
10-19-2018	23.0	0	0.0	0	27.4	12.8	853431
10-20-2018	9.8	0	10.0	0	16.1	11.7	581094
10-21-2018	22.7	0	2.3	0	19.2	7.6	557171
10-22-2018	25.7	0	0.0	0	27.0	8.9	695561
10-23-2018	16.7	0	0.0	0	18.8	13.0	684749
10-24-2018	19.7	0	0.0	0	15.5	9.2	707097
10-25-2018	25.0	0	0.2	0	19.5	6.4	753508
10-26-2018	23.7	0	0.0	0	18.3	9.6	903895
10-27-2018	20.5	0	0.0	0	19.6	11.3	611653
10-28-2018	22.8	0	0.0	0	15.9	9.3	524680
10-29-2018	25.6	0	0.0	0	17.0	9.1	691044
10-30-2018	25.8	0	0.0	0	25.2	8.3	707876
10-31-2018	16.7	0	0.0	0	19.5	13.0	689257
11-01-2018	14.2	0	0.0	0	34.3	12.8	741618
11-02-2018	13.4	0	0.6	0	31.6	16.3	775937
11-03-2018	19.9	0	0.2	0	20.9	12.6	616112
11-04-2018	19.7	0	0.0	0	20.9	9.2	536549
11-05-2018	15.8	0	3.0	0	28.6	14.5	755213
11-06-2018	7.8	0	0.0	1	21.4	16.3	386770
11-07-2018	18.2	0	0.8	0	17.2	11.1	684866
11-08-2018	22.7	0	3.8	0	17.0	7.7	749477
11-09-2018	14.8	0	0.0	0	20.0	8.0	790208
11-10-2018	27.3	0	4.0	0	20.3	9.0	663083
11-11-2018	29.1	0	0.0	0	19.6	9.3	563620
11-12-2018	17.5	0	0.0	0	30.2	10.9	717577
11-13-2018	18.4	0	0.0	0	30.5	16.9	725514
11-14-2018	7.2	0	7.2	0	17.3	14.8	732007
11-15-2018	23.8	0	0.0	0	18.1	13.7	813915
11-16-2018	29.8	0	0.0	0	19.0	8.3	936028
11-17-2018	29.9	0	0.0	0	18.1	9.6	723541
11-18-2018	30.1	0	0.0	0	26.6	9.8	634147
11-19-2018	27.5	0	0.0	0	30.9	15.4	650635
11-20-2018	5.5	0	0.0	0	27.6	22.5	612966
11-21-2018	24.2	0	25.6	0	23.2	12.3	693842
11-22-2018	20.3	0	7.0	0	16.4	9.7	693101
11-23-2018	3.5	0	7.2	0	14.5	11.0	715101
11-24-2018	15.8	0	8.2	0	16.9	11.1	632925
11-25-2018	20.5	0	0.8	0	18.8	12.7	572673
11-26-2018	25.5	0	0.2	0	18.6	11.9	717797
11-27-2018	23.3	0	0.0	0	20.0	14.4	716919
11-28-2018	18.0	0	0.0	0	20.8	14.4	725205
11-29-2018	21.1	0	1.0	0	18.7	13.9	778610
11-30-2018	28.0	0	0.0	0	20.8	14.7	906846
12-01-2018	30.8	0	0.0	0	31.7	10.3	747888
12-02-2018	18.9	0	12.2	0	19.5	12.2	556873
12-03-2018	13.4	0	0.0	0	23.6	13.3	719201
12-04-2018	28.2	0	0.0	0	20.5	13.4	777695
12-05-2018	31.1	0	0.0	0	25.2	13.4	841023
12-06-2018	31.3	0	0.0	0	35.5	14.5	767492
12-07-2018	27.1	0	0.0	0	38.0	25.1	737480
12-08-2018	11.0	0	0.0	0	30.3	22.7	656343
12-09-2018	11.8	0	0.0	0	20.1	16.0	550934
12-10-2018	28.5	0	0.0	0	20.6	15.8	792334
12-11-2018	31.6	0	0.0	0	23.6	13.0	831842
12-12-2018	29.4	0	0.0	0	33.6	16.0	815982
12-13-2018	6.0	0	21.2	0	21.1	16.9	696310
12-14-2018	13.7	0	15.0	0	22.7	16.4	828372
12-15-2018	17.5	0	47.0	0	24.8	17.2	687881
12-16-2018	16.3	0	4.5	0	23.5	15.8	536929
12-17-2018	23.2	0	2.0	0	21.8	15.6	749603
12-18-2018	21.1	0	0.0	0	20.8	16.7	772259
12-19-2018	16.6	0	0.0	0	26.9	16.8	794461
12-20-2018	14.8	0	0.0	0	21.2	16.9	808204
12-21-2018	9.6	0	1.0	0	20.9	15.4	743875
12-22-2018	27.8	0	11.0	0	19.1	14.1	671686
12-23-2018	32.3	0	0.0	0	26.9	11.5	678706
12-24-2018	32.3	0	0.0	0	34.2	14.3	604377
12-25-2018	32.2	0	0.0	1	23.9	15.8	425283
12-26-2018	32.3	0	0.0	1	23.8	13.3	699616
12-27-2018	29.3	0	0.0	0	37.4	16.2	537044
12-28-2018	19.1	0	0.0	0	36.4	21.9	592544
12-29-2018	5.7	0	1.6	0	23.9	21.0	579372
12-30-2018	9.9	0	1.6	0	22.7	18.2	525541
12-31-2018	31.3	0	0.2	0	23.5	17.3	742581
01-01-2019	31.7	0	0.0	1	26.2	15.5	551774
01-02-2019	26.3	0	0.0	0	22.2	18.4	614728
01-03-2019	27.6	0	0.0	0	29.5	15.9	608655
01-04-2019	27.4	0	0.0	0	42.6	18.0	474641
01-05-2019	12.9	0	0.8	0	21.2	17.4	545995
01-06-2019	30.9	0	1.8	0	22.1	14.6	486849
01-07-2019	30.2	0	0.0	0	23.1	17.1	626035
01-08-2019	28.9	0	0.0	0	24.1	16.7	635972
01-09-2019	28.4	0	0.6	0	20.5	16.1	723121
01-10-2019	25.8	0	0.0	0	21.4	13.5	704061
01-11-2019	31.5	0	0.0	0	30.4	12.9	754196
01-12-2019	28.6	0	0.0	0	24.7	17.7	586757
01-13-2019	31.3	0	0.0	0	30.5	14.4	503191
01-14-2019	31.1	0	0.0	0	32.3	18.7	618408
01-15-2019	22.3	0	0.0	0	30.4	19.4	638897
01-16-2019	17.5	0	0.0	0	26.7	19.8	676692
01-17-2019	6.0	0	0.0	0	32.5	20.7	702195
01-18-2019	2.6	0	0.0	0	28.7	22.3	784846
01-19-2019	30.2	0	3.2	0	23.5	16.5	670861
01-20-2019	29.2	0	0.0	0	22.9	15.2	542220
01-21-2019	28.2	0	0.0	0	25.1	18.4	663293
01-22-2019	29.3	0	0.0	0	26.8	19.0	686543
01-23-2019	27.4	0	0.0	0	23.9	18.7	728564
01-24-2019	30.0	0	0.0	0	40.8	17.3	608765
01-25-2019	25.3	0	0.0	0	42.8	21.1	574081
01-26-2019	27.7	0	0.0	0	26.1	19.9	611883
01-27-2019	21.1	0	0.0	0	27.8	18.4	466883
01-28-2019	29.4	0	0.0	1	34.5	15.5	365396
01-29-2019	27.7	0	0.0	0	36.8	17.5	585109
01-30-2019	19.9	0	0.0	0	38.1	18.0	563190
01-31-2019	27.8	0	6.2	0	21.5	17.2	600885
02-01-2019	28.8	0	0.0	0	24.2	12.6	708160
02-02-2019	27.5	0	0.0	0	34.4	15.0	502680
02-03-2019	26.1	0	0.0	0	38.2	19.1	373219
02-04-2019	9.3	0	0.0	0	22.7	20.0	607845
02-05-2019	14.6	0	0.0	0	26.9	17.7	660501
02-06-2019	22.8	0	0.0	0	34.7	18.5	608395
02-07-2019	25.1	0	11.2	0	28.3	20.7	670040
02-08-2019	21.1	0	0.0	0	23.1	18.1	741589
02-09-2019	13.6	0	4.9	0	19.7	14.6	567279
02-10-2019	23.5	0	1.0	0	23.3	13.0	561875
02-11-2019	18.6	0	0.0	0	27.5	14.4	626858
02-12-2019	12.4	0	0.0	0	21.5	18.4	593394
02-13-2019	23.7	0	3.2	0	19.2	11.8	714350
02-14-2019	24.2	0	0.0	0	23.2	12.3	754779
02-15-2019	23.1	0	0.0	0	22.8	14.8	827756
02-16-2019	24.2	0	0.0	0	23.2	16.1	632223
02-17-2019	20.0	0	0.0	0	29.0	15.0	556786
02-18-2019	16.9	0	0.0	0	23.6	18.0	689073
02-19-2019	21.4	0	0.0	0	20.2	13.7	715682
02-20-2019	20.8	0	0.0	0	23.2	13.5	749110
02-21-2019	16.2	0	0.0	0	20.4	14.0	751133
02-22-2019	23.9	0	0.0	0	21.2	15.5	865191
02-23-2019	24.0	0	0.0	0	25.8	16.4	682938
02-24-2019	24.6	0	0.0	0	32.9	13.8	593468
02-25-2019	24.4	0	0.0	0	34.2	18.0	712468
02-26-2019	21.0	0	0.0	0	22.3	17.9	769727
02-27-2019	24.0	0	0.0	0	25.7	12.9	805508
02-28-2019	23.4	0	0.0	0	36.8	16.3	774227
03-01-2019	22.3	0	0.0	0	38.1	22.6	784466
03-02-2019	23.4	0	0.0	0	36.3	22.3	550212
03-03-2019	14.4	0	0.0	0	36.0	25.1	457939
03-04-2019	21.8	0	0.0	0	24.6	19.0	779734
03-05-2019	15.5	0	0.0	0	24.3	18.0	812462
03-06-2019	19.5	0	2.0	0	17.2	13.2	805135
03-07-2019	21.2	0	1.4	0	22.1	9.7	857245
03-08-2019	10.2	0	0.0	0	26.8	11.3	908398
03-09-2019	20.0	0	0.0	0	24.7	13.9	760782
03-10-2019	10.1	0	0.0	0	23.7	14.3	706328
03-11-2019	18.6	0	0.4	1	21.8	15.9	659680
03-12-2019	10.8	0	0.0	0	19.2	15.8	772072
03-13-2019	15.1	0	0.4	0	18.6	11.9	824479
03-14-2019	20.6	0	0.0	0	20.8	12.1	846115
03-15-2019	18.7	0	0.0	0	22.2	11.7	949305
03-16-2019	20.1	0	0.0	0	25.6	12.2	726951
03-17-2019	19.2	0	0.0	0	25.6	14.2	582610
03-18-2019	18.9	0	0.0	0	28.2	16.5	785420
03-19-2019	12.7	0	0.0	0	23.4	16.9	761115
03-20-2019	11.1	0	0.0	0	23.4	19.3	771572
03-21-2019	12.5	0	0.0	0	24.3	18.2	816834
03-22-2019	15.3	0	0.0	0	28.6	18.7	895318
03-23-2019	13.6	0	5.0	0	31.3	19.9	697991
03-24-2019	16.9	0	1.2	0	29.3	16.5	597902
03-25-2019	13.6	0	0.0	0	19.0	14.8	693563
03-26-2019	15.9	0	0.0	0	20.3	12.3	758210
03-27-2019	17.8	0	0.0	0	21.7	11.1	794904
03-28-2019	17.8	0	0.0	0	27.9	11.6	848557
03-29-2019	4.9	0	0.0	0	28.5	14.6	838483
03-30-2019	11.4	0	2.2	0	15.6	9.1	608852
03-31-2019	8.0	0	2.0	0	18.5	9.4	528608
04-01-2019	6.6	0	0.2	0	17.1	13.0	733017
04-02-2019	16.6	0	0.0	0	25.9	7.4	820014
04-03-2019	10.9	0	0.0	0	24.7	9.4	799520
04-04-2019	13.9	0	0.0	0	21.9	13.3	828417
04-05-2019	15.3	0	0.0	0	28.5	14.4	914141
04-06-2019	12.4	0	0.0	0	20.1	16.5	766357
04-07-2019	15.9	0	0.0	0	26.5	9.5	711798
04-08-2019	9.0	0	0.0	0	23.1	12.5	800530
04-09-2019	13.9	0	2.2	0	16.3	11.1	821559
04-10-2019	4.8	0	1.8	0	15.8	10.7	857620
04-11-2019	14.4	0	0.0	0	17.3	11.3	875141
04-12-2019	15.3	0	0.0	0	24.9	6.7	980703
04-13-2019	10.0	0	0.0	0	20.7	10.5	751899
04-14-2019	14.4	0	0.0	0	22.5	11.8	647560
04-15-2019	10.9	0	0.0	0	27.4	12.9	817047
04-16-2019	14.4	0	0.0	0	30.3	17.1	836714
04-17-2019	12.8	0	0.0	0	30.0	22.1	814122
04-18-2019	12.8	0	0.4	0	17.7	13.2	901530
04-19-2019	14.0	0	0.0	1	22.1	8.6	689807
04-20-2019	13.9	0	0.0	1	30.2	10.2	802371
04-21-2019	7.5	0	0.0	1	27.0	14.8	662358
04-22-2019	6.0	0	1.0	1	17.6	13.7	531714
04-23-2019	8.0	0	0.0	0	18.5	11.1	726723
04-24-2019	8.2	0	0.0	0	23.2	14.6	798510
04-25-2019	10.6	0	0.0	1	21.5	10.2	653649
04-26-2019	6.9	0	0.0	0	15.8	11.9	711492
04-27-2019	8.5	0	4.0	0	16.2	8.7	629064
04-28-2019	5.2	0	2.0	0	17.4	12.4	466192
04-29-2019	8.4	0	1.275	0	18.1	11.5	702589
04-30-2019	11.7	0	1.459375	0	23.1	7.9	765962
05-01-2019	7.8	0	0.0	0	22.8	15.6	784033
05-02-2019	6.2	0	4.2	0	20.2	17.1	765930
05-03-2019	9.0	0	0.2	0	20.7	11.8	908436
05-04-2019	8.2	0	0.4	0	16.4	13.0	653393
05-05-2019	6.5	0	2.2	0	16.3	11.3	567776
05-06-2019	8.5	0	0.2	0	16.7	11.7	722955
05-07-2019	11.7	0	0.0	0	18.7	7.4	757758
05-08-2019	7.3	0	5.6	0	17.4	10.3	754208
05-09-2019	5.3	0	0.6	0	16.2	9.7	752630
05-10-2019	2.8	0	8.6	0	14.2	10.2	682392
05-11-2019	7.7	0	9.8	0	16.4	10.2	624718
05-12-2019	6.6	0	0.1	0	17.7	12.2	494330
05-13-2019	8.3	0	0.0	0	18.1	12.7	666884
05-14-2019	9.0	0	0.0	0	20.2	11.3	714440
05-15-2019	8.0	0	0.0	0	15.8	12.0	715327
05-16-2019	9.8	0	0.0	0	16.1	10.5	712607
05-17-2019	10.7	0	0.0	0	18.6	6.5	835289
05-18-2019	10.6	0	0.0	0	21.5	6.2	669255
05-19-2019	10.0	0	0.0	0	21.8	8.9	530895
05-20-2019	3.1	0	0.6	0	19.6	12.0	666502
05-21-2019	6.9	0	0.4	0	20.4	11.1	719499
05-22-2019	10.3	0	0.0	0	22.3	10.7	743855
05-23-2019	10.2	0	0.0	0	21.3	9.9	761547
05-24-2019	4.4	0	0.0	0	20.2	13.8	787885
05-25-2019	9.1	0	2.4	0	19.8	13.7	596920
05-26-2019	8.6	0	8.0	0	15.1	9.5	511598
05-27-2019	7.2	0	9.2	0	14.0	7.8	636803
05-28-2019	3.3	0	0.0	0	15.7	8.2	692927
05-29-2019	7.9	0	1.0	0	10.6	8.7	648699
05-30-2019	5.8	0	7.6	0	13.3	6.7	717259
05-31-2019	5.7	0	2.4	0	14.3	8.5	794170
06-01-2019	5.8	0	2.2	0	14.6	11.7	634415
06-02-2019	6.7	0	0.2	0	14.5	11.0	478463
06-03-2019	3.8	0	17.4	0	12.0	8.2	577484
06-04-2019	7.9	0	4.0	0	12.9	8.4	699422
06-05-2019	5.7	0	0.0	0	13.0	8.6	699449
06-06-2019	7.9	0	0.0	0	14.8	10.2	724353
06-07-2019	8.0	0	0.0	0	16.6	11.7	838457
06-08-2019	9.3	0	0.1	0	18.7	6.7	653638
06-09-2019	8.0	0	0.0	0	18.0	7.8	578906
06-10-2019	7.6	0	4.6	1	19.2	12.0	467719
06-11-2019	9.2	0	0.0	0	17.9	9.6	687995
06-12-2019	1.3	0	0.0	0	16.5	11.9	620081
06-13-2019	8.9	0	4.0	0	17.4	8.8	716824
06-14-2019	7.0	0	2.2	0	17.3	10.0	856939
06-15-2019	6.4	0	3.6	0	15.2	9.0	711919
06-16-2019	7.5	0	0.0	0	16.7	8.6	518919
06-17-2019	8.6	0	1.4	0	17.9	6.3	705515
06-18-2019	5.2	0	0.2	0	13.7	8.0	666366
06-19-2019	7.0	0	1.2	0	11.9	6.6	710708
06-20-2019	6.4	0	1.8	0	11.3	6.4	715860
06-21-2019	8.5	0	4.4	0	12.6	6.5	840373
06-22-2019	7.3	0	1.8	0	11.8	6.8	630400
06-23-2019	5.9	0	0.0	0	9.6	3.6	487369
06-24-2019	9.0	0	0.0	0	16.0	4.2	663138
06-25-2019	8.9	0	0.0	0	17.0	3.5	686634
06-26-2019	9.2	0	0.0	0	18.0	4.6	758899
06-27-2019	9.2	0	0.0	0	17.5	5.9	792935
06-28-2019	9.2	0	0.0	0	19.5	10.7	889613
06-29-2019	2.6	0	1.2	0	17.6	13.0	565418
06-30-2019	8.5	0	7.2	0	14.5	8.1	616011
07-01-2019	8.3	0	0.0	0	14.1	9.5	681065
07-02-2019	6.6	0	0.0	0	15.9	8.6	703669
07-03-2019	7.5	0	0.0	0	13.7	8.2	755056
07-04-2019	6.9	0	0.0	0	13.5	5.3	792842
07-05-2019	9.0	0	0.0	0	19.1	3.5	938219
07-06-2019	9.3	0	0.4	0	19.4	6.0	778021
07-07-2019	6.1	0	0.0	0	18.2	9.0	530542
07-08-2019	8.2	0	6.2	0	16.0	11.0	780253
07-09-2019	7.2	0	0.0	0	15.0	6.8	777528
07-10-2019	6.7	0	0.2	0	15.4	9.5	751076
07-11-2019	4.6	0	7.8	0	14.3	7.8	728401
07-12-2019	6.2	0	2.6	0	15.7	10.1	775136
07-13-2019	8.3	0	3.0	0	12.0	7.0	605764
07-14-2019	3.8	0	1.4	0	13.1	7.1	459148
07-15-2019	7.6	0	5.2	0	14.3	8.9	668542
07-16-2019	6.4	0	2.0	0	13.9	9.9	697076
07-17-2019	3.6	0	0.0	0	13.7	9.7	707474
07-18-2019	7.9	0	1.0	0	14.3	9.0	755984
07-19-2019	9.6	0	1.4	0	15.7	7.5	902692
07-20-2019	10.3	0	0.0	0	17.1	8.0	710178
07-21-2019	8.1	0	0.0	0	16.6	11.3	569077
07-22-2019	10.6	0	0.0	0	15.6	7.9	737444
07-23-2019	8.2	0	2.4	0	15.2	9.9	707541
07-24-2019	7.8	0	8.2	0	14.4	7.0	788301
07-25-2019	5.2	0	0.0	0	14.8	9.2	800217
07-26-2019	5.9	0	0.0	0	14.0	11.0	833216
07-27-2019	8.7	0	8.0	0	15.3	9.8	771097
07-28-2019	10.2	0	2.0	0	15.1	6.6	675054
07-29-2019	9.9	0	0.0	0	14.6	8.9	756779
07-30-2019	8.7	0	1.0	0	12.5	7.9	789533
07-31-2019	11.3	0	1.475	0	12.5	3.0	817760
08-01-2019	8.6	0	0.0	0	13.8	5.8	811276
08-02-2019	7.4	0	0.6	0	12.7	9.7	934717
08-03-2019	6.2	0	0.2	0	13.9	10.0	718078
08-04-2019	7.2	0	1.2	0	13.1	9.2	601593
08-05-2019	10.7	0	0.2	0	15.8	10.0	786616
08-06-2019	4.5	0	0.0	0	13.5	9.1	763354
08-07-2019	7.5	0	0.6	0	14.1	9.3	795837
08-08-2019	9.6	0	12.6	0	13.9	6.7	777973
08-09-2019	7.3	0	2.2	0	10.1	7.8	755990
08-10-2019	6.6	0	4.8	0	12.5	5.2	597888
08-11-2019	11.4	0	6.8	0	12.9	4.8	513596
08-12-2019	9.9	0	14.4	0	12.0	6.3	712837
08-13-2019	7.0	0	0.0	0	13.1	8.8	744991
08-14-2019	6.7	0	0.4	0	13.8	9.1	810382
08-15-2019	10.5	0	0.0	0	16.2	7.3	814376
08-16-2019	6.3	0	0.4	0	16.9	10.6	859268
08-17-2019	13.4	0	4.0	0	16.5	7.0	803517
08-18-2019	9.3	0	0.1	0	19.4	8.8	568923
08-19-2019	12.8	0	4.4	0	12.3	5.8	723336
08-20-2019	7.2	0	0.4	0	17.0	7.6	757905
08-21-2019	11.5	0	0.2	0	16.6	11.5	794772
08-22-2019	11.3	0	1.6	0	13.0	9.6	954658
08-23-2019	14.5	0	0.0	0	15.1	3.8	1149216
08-24-2019	13.0	0	0.6	0	18.0	7.9	941789
08-25-2019	13.9	0	1.2	0	12.9	6.5	633063
08-26-2019	14.7	0	0.0	0	14.4	5.3	757644
08-27-2019	12.9	0	0.0	0	15.3	4.2	758238
08-28-2019	5.0	0	0.0	0	13.4	8.3	673163
08-29-2019	13.2	0	7.4	0	13.0	6.1	770434
08-30-2019	15.6	0	0.0	0	15.3	2.3	914914
08-31-2019	15.8	0	0.0	0	18.2	5.0	696180
09-01-2019	9.4	0	0.0	0	19.6	11.1	509416
09-02-2019	13.8	0	2.4	0	17.6	10.2	733078
09-03-2019	16.4	0	1.0	0	19.6	9.2	796292
09-04-2019	15.1	0	0.0	0	18.7	8.2	780565
09-05-2019	14.8	0	3.2	0	21.2	8.7	805749
09-06-2019	10.4	0	3.0	0	16.0	11.3	891940
09-07-2019	11.3	0	2.2	0	12.9	8.8	613002
09-08-2019	9.5	0	4.0	0	15.1	8.2	465220
09-09-2019	14.4	0	5.8	0	12.8	6.8	686046
09-10-2019	16.1	0	2.2	0	14.8	7.7	740234
09-11-2019	17.8	0	0.0	0	20.8	5.0	776748
09-12-2019	11.8	0	0.0	0	20.8	11.1	781524
09-13-2019	14.0	0	0.0	0	18.6	7.7	911881
09-14-2019	18.3	0	0.2	0	20.0	9.3	707891
09-15-2019	8.4	0	2.0	0	21.8	12.4	477097
09-16-2019	17.7	0	16.8	0	12.8	9.7	716250
09-17-2019	19.0	0	0.0	0	14.8	3.6	719355
09-18-2019	19.2	0	0.0	0	18.9	4.3	755497
09-19-2019	19.4	0	0.0	0	24.0	8.2	774466
09-20-2019	14.4	0	0.0	0	26.2	15.7	952824
09-21-2019	10.5	0	0.2	0	19.4	14.5	566683
09-22-2019	13.6	0	4.4	0	15.5	7.9	514555
09-23-2019	13.9	0	2.8	0	15.2	8.9	675055
09-24-2019	13.3	0	1.2	0	15.1	8.3	730663
09-25-2019	13.1	0	0.0	0	16.6	8.7	775666
09-26-2019	19.6	0	0.0	0	20.3	8.3	924169
09-27-2019	7.4	0	0.0	1	18.8	12.3	564241
09-28-2019	17.7	0	0.0	0	14.9	7.2	586258
09-29-2019	19.0	0	0.0	0	15.8	9.1	508293
09-30-2019	14.4	0	0.0	0	14.1	10.1	667134
10-01-2019	21.7	0	0.0	0	20.5	4.2	820375
10-02-2019	18.5	0	0.0	0	26.5	9.3	850179
10-03-2019	22.0	0	0.0	0	29.7	15.1	885373
10-04-2019	11.0	0	0.0	0	15.2	12.5	838920
10-05-2019	17.4	0	2.1	0	24.3	7.6	775279
10-06-2019	17.4	0	0.0	0	24.8	12.9	659508
10-07-2019	15.1	0	0.0	0	16.4	11.6	813739
10-08-2019	17.0	0	3.2	0	14.2	9.5	762589
10-09-2019	19.3	0	6.2	0	15.0	8.5	811329
10-10-2019	12.6	0	0.6	0	14.7	10.2	837773
10-11-2019	17.5	0	0.0	0	18.9	9.5	1015001
10-12-2019	20.1	0	0.0	0	20.4	8.2	891714
10-13-2019	19.6	0	0.0	0	23.1	9.4	748319
10-14-2019	20.2	0	0.6	0	26.7	13.6	793265
10-15-2019	20.6	0	0.0	0	18.0	13.0	828278
10-16-2019	11.4	0	0.0	0	20.4	13.3	788110
10-17-2019	9.6	0	4.4	0	15.2	9.5	781214
10-18-2019	23.2	0	0.0	0	22.1	7.3	952819
10-19-2019	15.8	0	1.6	0	15.3	9.4	690292
10-20-2019	14.7	0	0.7	0	16.4	10.0	589576
10-21-2019	19.6	0	0.0	0	17.0	11.5	794146
10-22-2019	23.7	0	0.0	0	19.6	11.9	853214
10-23-2019	26.0	0	0.0	0	27.9	8.2	890755
10-24-2019	26.1	0	0.0	0	33.8	13.0	849250
10-25-2019	10.0	0	0.6	0	21.6	16.8	857501
10-26-2019	17.2	0	4.1	0	15.5	9.6	613391
10-27-2019	10.1	0	2.4	0	17.0	10.3	542059
10-28-2019	26.3	0	1.2	0	21.6	8.7	767990
10-29-2019	27.0	0	0.0	0	30.5	9.7	811981
10-30-2019	27.2	0	0.0	0	25.1	13.8	832623
10-31-2019	25.5	0	0.0	0	33.7	14.2	791985
11-01-2019	22.8	0	0.0	0	34.3	20.0	825948
11-02-2019	2.2	0	10.0	0	18.9	15.8	524477
11-03-2019	7.8	0	10.2	0	20.7	12.8	510692
11-04-2019	11.2	0	1.2	0	16.2	9.5	688207
11-05-2019	27.4	0	11.2	1	19.6	7.7	526734
11-06-2019	19.9	0	0.0	0	24.1	10.5	753064
11-07-2019	8.3	0	0.0	0	17.7	11.5	726160
11-08-2019	16.1	0	6.8	0	15.0	10.3	795093
11-09-2019	9.8	0	7.6	0	14.2	7.6	649751
11-10-2019	13.5	0	0.4	0	18.1	10.8	575873
11-11-2019	27.4	0	0.0	0	29.6	10.0	821511
11-12-2019	12.7	0	0.0	0	17.4	11.5	761853
11-13-2019	12.0	0	1.4	0	17.3	9.1	813262
11-14-2019	19.7	0	1.0	0	22.4	12.1	910529
11-15-2019	12.4	0	0.0	0	18.5	13.0	1006649
11-16-2019	23.9	0	0.0	0	17.2	9.2	784745
11-17-2019	24.1	0	0.0	0	16.2	10.8	666196
11-18-2019	29.9	0	0.0	0	26.9	8.5	844785
11-19-2019	27.9	0	0.0	0	18.6	11.4	875345
11-20-2019	30.1	0	0.0	0	34.7	9.4	923790
11-21-2019	18.8	0	0.0	0	40.9	14.0	826092
11-22-2019	28.3	0	0.0	0	20.0	13.6	982851
11-23-2019	24.6	0	0.0	0	23.8	10.1	802003
11-24-2019	30.6	0	0.0	0	23.7	11.9	704113
11-25-2019	18.0	0	0.0	0	27.4	11.4	806101
11-26-2019	22.2	0	1.8	0	16.4	11.4	777190
11-27-2019	31.0	0	0.0	0	24.8	8.6	885819
11-28-2019	30.7	0	0.0	0	21.1	11.4	941384
11-29-2019	21.9	0	0.0	0	19.7	11.9	997949
11-30-2019	26.7	0	9.2	0	18.4	10.3	779345
12-01-2019	9.8	0	0.0	0	16.8	12.2	546495
12-02-2019	18.2	0	3.6	0	15.5	9.8	749690
12-03-2019	19.2	0	0.0	0	22.2	11.0	808277
12-04-2019	20.3	0	0.0	0	23.0	12.1	855511
12-05-2019	20.4	0	0.0	0	23.9	12.3	919269
12-06-2019	18.2	0	0.0	0	20.8	13.3	974729
12-07-2019	30.3	0	0.0	0	21.0	11.2	852666
12-08-2019	30.8	0	0.0	0	27.6	13.8	720321
12-09-2019	28.6	0	0.0	0	38.0	16.3	790868
12-10-2019	22.2	0	0.0	0	17.2	14.3	855754
12-11-2019	21.8	0	0.0	0	18.1	13.4	881085
12-12-2019	22.7	0	0.0	0	18.4	13.4	912221
12-13-2019	24.8	0	0.0	0	20.9	11.4	987362
12-14-2019	10.4	0	0.2	0	20.1	14.1	813339
12-15-2019	16.4	0	0.0	0	21.7	15.1	714535
12-16-2019	21.7	0	0.0	0	22.6	13.0	872395
12-17-2019	29.5	0	0.6	0	26.3	12.6	899134
12-18-2019	29.3	0	0.0	0	40.1	15.9	866384
12-19-2019	29.3	0	0.0	0	23.3	17.2	949898
12-20-2019	31.4	0	0.0	0	43.5	13.7	743775
12-21-2019	28.3	0	0.0	0	20.2	16.9	747902
12-22-2019	31.5	0	0.0	0	19.6	13.1	743645
12-23-2019	29.2	0	0.0	0	20.0	12.1	879107
12-24-2019	31.4	0	0.0	0	24.5	14.1	812729
12-25-2019	32.0	0	0.0	1	27.9	14.0	526177
12-26-2019	26.2	0	0.0	1	20.5	16.5	856341
12-27-2019	31.6	0	0.0	0	23.9	13.6	796947
12-28-2019	20.6	0	0.0	0	28.4	16.7	707433
12-29-2019	31.9	0	0.0	0	33.2	16.8	661813
12-30-2019	18.8	0	0.0	0	40.8	19.7	534883
12-31-2019	29.3	0	0.0	0	21.2	15.3	950487
01-01-2020	31.6	0	0.0	1	24.9	11.8	710047
01-02-2020	31.6	0	0.0	0	25.0	12.8	761505
01-03-2020	30.7	0	0.0	0	36.6	13.7	706476
01-04-2020	22.8	0	0.0	0	26.8	18.6	638730
01-05-2020	5.1	0	6.0	0	16.7	12.7	509848
01-06-2020	2.7	0	7.4	0	18.0	11.9	674972
01-07-2020	7.7	0	1.4	0	20.1	12.6	757060
01-08-2020	26.9	0	0.0	0	23.8	16.8	848374
01-09-2020	29.8	0	0.0	0	31.9	17.9	795312
01-10-2020	10.1	0	0.0	0	32.9	20.1	765037
01-11-2020	18.2	0	18.0	0	19.3	13.5	678899
01-12-2020	21.9	0	0.0	0	19.9	14.2	594960
01-13-2020	28.1	0	0.0	0	32.2	12.7	776131
01-14-2020	27.4	0	0.0	0	33.8	16.7	732120
01-15-2020	20.8	0	0.0	0	36.8	19.5	678680
01-16-2020	18.6	0	21.8	0	19.6	15.7	826978
01-17-2020	24.4	0	0.0	0	24.8	14.4	925091
01-18-2020	27.2	0	0.0	0	29.4	13.9	748440
01-19-2020	23.9	0	0.0	0	25.5	17.5	641021
01-20-2020	8.8	0	1.0	0	21.8	19.1	705198
01-21-2020	28.4	0	47.6	0	23.5	14.8	930068
01-22-2020	12.4	0	0.0	0	31.7	14.1	863529
01-23-2020	13.4	0	24.8	0	22.6	12.9	863262
01-24-2020	20.6	0	1.4	0	24.1	11.7	995450
01-25-2020	30.0	0	0.0	0	27.4	13.0	804121
01-26-2020	24.0	0	0.0	0	23.6	15.8	742737
01-27-2020	26.1	0	0.0	1	23.1	12.8	543482
01-28-2020	26.5	0	0.0	0	25.4	13.6	789363
01-29-2020	29.5	0	0.0	0	31.5	15.2	769773
01-30-2020	29.3	0	0.0	0	39.4	16.4	742172
01-31-2020	18.3	0	0.0	0	42.9	21.5	670285
02-01-2020	1.8	0	1.0	0	29.3	23.5	486862
02-02-2020	21.0	0	16.2	0	25.1	14.2	569239
02-03-2020	22.7	0	0.2	0	17.7	13.2	722177
02-04-2020	28.6	0	0.0	0	19.7	11.3	749447
02-05-2020	27.1	0	0.0	0	20.1	10.8	780769
02-06-2020	25.0	0	0.0	0	25.5	13.7	779050
02-07-2020	18.4	0	0.0	0	23.2	16.5	820281
02-08-2020	27.5	0	0.0	0	29.4	17.4	650093
02-09-2020	19.9	0	0.0	0	28.2	19.6	525946
02-10-2020	15.0	0	1.0	0	27.7	18.5	728118
02-11-2020	19.1	0	0.0	0	25.9	19.5	775734
02-12-2020	17.3	0	0.0	0	27.7	19.1	809328
02-13-2020	26.7	0	0.0	0	31.7	19.4	819376
02-14-2020	10.6	0	0.0	0	33.7	20.3	848409
02-15-2020	2.4	0	6.2	0	19.3	18.9	594842
02-16-2020	23.8	0	2.6	0	26.4	16.9	582700
02-17-2020	26.4	0	0.0	0	25.6	15.2	837995
02-18-2020	7.3	0	0.2	0	21.8	17.6	717675
02-19-2020	12.9	0	38.4	0	19.7	13.3	795921
02-20-2020	15.2	0	0.0	0	18.7	14.2	906567
02-21-2020	17.1	0	0.0	0	19.6	13.5	910750
02-22-2020	25.4	0	0.2	0	21.1	11.4	746653
02-23-2020	21.6	0	0.0	0	34.0	13.3	596945
02-24-2020	5.4	0	4.8	0	23.7	16.8	753323
02-25-2020	10.6	0	5.0	0	31.6	18.4	799583
02-26-2020	19.3	0	0.0	0	19.2	16.2	885189
02-27-2020	11.1	0	0.0	0	19.7	11.0	858469
02-28-2020	17.6	0	0.0	0	20.1	13.1	1008015
02-29-2020	22.8	0	3.6	0	22.4	14.7	793912
03-01-2020	20.8	0	3.6	0	32.1	13.2	604775
03-02-2020	21.1	0	3.6	0	18.4	14.2	836533
03-03-2020	15.9	0	0.0	0	19.5	14.7	870774
03-04-2020	7.1	0	0.0	0	23.5	13.6	859593
03-05-2020	4.3	0	57.2	0	20.3	15.4	760767
03-06-2020	12.7	0	8.2	0	19.0	15.9	957335
03-07-2020	17.1	0	0.8	0	20.0	15.4	804682
03-08-2020	19.5	0	0.0	0	22.4	13.9	815622
03-09-2020	19.7	0	0.0	1	21.0	12.3	696327
03-10-2020	21.9	0	0.0	0	22.3	10.3	830344
03-11-2020	15.7	0	0.0	0	29.5	12.6	859953
03-12-2020	19.5	0	0.0	0	29.5	16.6	868573
03-13-2020	7.3	0	0.0	0	26.8	19.1	839718
03-14-2020	12.3	0	1.0	0	17.9	13.1	626220
03-15-2020	10.2	0	0.0	0	18.8	12.7	483823
03-16-2020	20.6	1	0.0	0	26.5	9.3	687934
03-17-2020	19.9	1	0.0	0	28.2	11.6	605226
03-18-2020	9.1	1	0.0	0	28.3	17.7	508208
03-19-2020	8.2	1	0.0	0	30.4	18.7	455613
03-20-2020	12.6	1	0.0	0	22.7	16.1	443190
03-21-2020	10.8	1	0.4	0	18.4	14.6	300313
03-22-2020	15.2	1	0.2	0	18.3	12.1	225833
03-23-2020	9.9	1	0.4	0	17.1	12.7	301095
03-24-2020	15.8	1	0.0	0	17.9	8.5	222804
03-25-2020	7.6	1	0.0	0	17.5	10.8	187953
03-26-2020	15.5	1	0.0	0	19.8	13.7	187395
03-27-2020	17.8	1	0.0	0	27.6	13.6	185253
03-28-2020	16.9	1	6.4	0	27.5	14.8	145835
03-29-2020	9.5	1	6.4	0	26.4	16.5	106605
03-30-2020	13.3	1	6.4	0	21.7	15.9	151531
03-31-2020	16.9	1	7.525	0	21.4	12.2	146546
04-01-2020	15.2	1	0.0	0	23.1	11.0	140370
04-02-2020	4.2	1	24.6	0	20.7	12.4	109338
04-03-2020	12.0	1	16.4	0	23.2	13.7	144579
04-04-2020	6.1	1	36.0	0	16.6	12.8	88016
04-05-2020	4.5	1	0.0	0	16.9	9.5	78956
04-06-2020	11.5	1	6.4	0	16.5	10.7	131227
04-07-2020	9.5	1	1.4	0	16.4	11.9	131812
04-08-2020	10.7	1	1.2	0	18.6	11.7	134045
04-09-2020	15.8	1	0.0	0	21.2	8.9	160315
04-10-2020	9.5	1	0.4	1	22.0	12.7	95903
04-10-2020	9.5	1	0.4	1	22.0	12.7	95903
04-11-2020	11.3	1	3.0	1	15.7	13.0	104551
04-12-2020	7.7	1	3.0	1	15.3	11.0	92175
04-13-2020	14.3	1	0.0	1	18.3	12.2	110739
04-14-2020	11.1	1	0.8	0	23.4	12.1	137733
04-15-2020	11.8	1	0.0	0	23.5	15.6	140878
04-16-2020	11.3	1	0.4	0	21.5	15.4	141992
04-17-2020	10.1	1	0.0	0	18.4	11.4	147498
04-18-2020	7.9	1	0.0	0	16.4	12.9	134233
04-19-2020	11.3	1	0.0	0	19.4	11.2	132400
04-20-2020	8.1	1	3.8	0	20.8	12.0	137402
04-21-2020	9.8	1	0.0	0	19.6	8.5	153021
04-22-2020	8.8	1	0.0	0	18.2	12.8	148798
04-23-2020	9.7	1	0.0	0	19.7	9.6	148066
04-24-2020	12.7	1	0.8	0	22.3	15.1	172623
04-25-2020	10.4	1	0.0	1	21.7	10.5	148266
04-26-2020	6.6	1	18.0	0	17.7	15.4	129543
04-27-2020	12.5	1	0.6	0	18.1	8.1	156664
04-28-2020	10.4	1	0.0	0	18.9	7.1	157524
04-29-2020	3.6	1	4.4	0	19.8	11.2	113181
04-30-2020	5.4	1	24.4	0	15.5	8.9	143780
05-01-2020	5.1	1	7.0	0	13.0	7.6	141674
05-02-2020	6.2	1	2.6	0	14.2	8.3	145380
05-03-2020	8.3	1	2.0	0	15.0	9.8	147257
05-04-2020	7.0	1	0.4	0	14.8	9.4	159790
05-05-2020	11.6	1	0.0	0	19.5	8.0	186163
05-06-2020	9.7	1	0.0	0	20.1	10.2	172842
05-07-2020	6.2	1	0.0	0	21.1	15.1	176481
05-08-2020	10.7	1	0.0	0	19.6	12.6	202277
05-09-2020	5.4	1	7.6	0	14.0	12.6	141747
05-10-2020	9.0	1	1.0	0	14.5	7.2	155927
05-11-2020	7.5	1	0.0	0	17.1	7.8	173860
05-12-2020	8.5	1	0.0	0	14.8	10.3	188782
05-13-2020	8.9	1	2.8	0	14.5	10.4	189478
05-14-2020	9.8	1	3.0	0	14.7	6.6	204745
05-15-2020	10.8	1	0.0	0	15.3	4.5	220671
05-16-2020	10.7	1	0.0	0	18.0	4.5	243777
05-17-2020	10.6	1	0.0	0	18.5	5.1	209891
05-18-2020	10.5	1	0.0	0	19.4	5.5	212654
05-19-2020	4.9	1	0.0	0	17.7	8.1	206803
05-20-2020	7.8	1	16.8	0	15.8	10.3	212677
05-21-2020	6.6	1	15.2	0	13.7	9.4	180951
05-22-2020	7.8	1	12.6	0	13.6	9.1	237926
05-23-2020	5.8	1	7.0	0	13.5	9.4	191495
05-24-2020	7.9	1	4.2	0	13.8	10.9	220919
05-25-2020	10.0	1	0.0	0	16.0	5.5	235486
05-26-2020	9.4	1	0.0	0	18.5	5.4	240028
05-27-2020	7.8	1	0.0	0	17.1	5.9	236249
05-28-2020	6.7	1	0.0	0	17.6	12.1	243175
05-29-2020	9.6	1	0.0	0	17.1	7.2	269224
05-30-2020	9.3	1	0.0	0	17.1	8.1	280741
05-31-2020	8.0	1	0.6	0	17.8	12.4	228556
06-01-2020	2.6	1	5.2	0	11.2	9.3	182143
06-02-2020	4.9	1	11.2	0	15.6	8.4	262218
06-03-2020	7.3	1	0.6	0	14.1	10.5	263772
06-04-2020	9.3	1	0.0	0	13.8	9.3	283864
06-05-2020	9.4	1	0.0	0	14.6	4.1	316827
06-06-2020	6.6	1	0.0	0	13.3	6.0	359986
06-07-2020	6.3	1	0.4	0	11.8	7.9	264443
06-08-2020	8.8	1	0.0	1	12.6	4.5	249712
06-09-2020	9.3	1	0.0	0	15.3	2.0	265769
06-10-2020	8.8	1	0.0	0	16.7	3.9	275125
06-11-2020	9.1	1	0.0	0	16.9	4.5	278315
06-12-2020	9.2	1	0.0	0	15.3	4.2	318808
06-13-2020	3.4	1	0.0	0	16.4	5.7	319338
06-14-2020	8.0	1	5.8	0	15.2	10.4	273561
06-15-2020	8.0	1	0.4	0	18.4	11.6	274560
06-16-2020	6.7	1	0.0	0	17.9	13.0	269431
06-17-2020	8.5	1	0.6	0	14.6	10.2	291197
06-18-2020	9.1	1	0.0	0	16.9	4.6	309546
06-19-2020	8.6	1	0.0	0	17.8	6.4	352116
06-20-2020	8.5	1	2.0	0	16.9	12.8	369257
06-21-2020	4.9	1	0.2	0	12.0	6.9	242993
06-22-2020	5.5	1	0.0	0	13.0	8.1	239458
06-23-2020	8.4	1	2.8	0	14.4	9.0	287369
06-24-2020	8.0	1	0.4	0	14.9	10.1	287822
06-25-2020	5.0	1	0.0	0	15.9	10.2	276787
06-26-2020	8.8	1	1.2	0	13.8	7.9	320547
06-27-2020	7.9	1	0.0	0	13.1	6.2	324347
06-28-2020	9.3	1	0.0	0	12.5	1.7	270759
06-29-2020	9.3	1	0.0	0	15.4	2.2	275117
06-30-2020	7.7	1	0.0	0	15.2	3.0	268592
07-01-2020	9.1	1	0.0	0	17.4	9.8	286445
07-02-2020	7.3	1	1.2	0	15.1	10.2	275972
07-03-2020	4.1	1	0.2	0	10.3	7.7	229911
07-04-2020	5.7	1	8.8	0	14.5	6.5	244462
07-05-2020	6.5	1	5.2	0	12.5	8.9	206853
07-06-2020	5.8	1	1.2	0	13.1	8.1	223914
07-07-2020	4.8	1	1.6	0	11.8	8.9	235809
07-08-2020	9.4	1	0.2	0	15.7	4.9	286385
07-09-2020	8.5	1	0.0	0	17.2	5.7	168416
07-10-2020	7.9	1	0.0	0	16.9	6.4	179151
07-11-2020	3.3	1	0.4	0	11.4	7.3	104606
07-12-2020	8.3	1	6.0	0	14.2	9.0	125107
07-13-2020	7.4	1	2.4	0	15.1	8.7	165339
07-14-2020	7.6	1	0.0	0	14.2	7.7	171574
07-15-2020	9.4	1	0.0	0	14.7	6.2	171848
07-16-2020	8.7	1	0.0	0	11.5	4.2	166468
07-17-2020	7.4	1	0.0	0	12.8	3.1	165596
07-18-2020	8.3	1	0.6	0	12.5	4.0	134137
07-19-2020	7.6	1	0.0	0	15.3	8.2	118789
07-20-2020	8.2	1	1.0	0	13.8	7.6	140749
07-21-2020	8.1	1	0.8	0	12.9	7.2	153368
07-22-2020	8.4	1	0.0	0	13.3	8.1	146985
07-23-2020	7.5	1	2.4	0	12.0	8.1	141065
07-24-2020	10.5	1	0.0	0	13.5	6.1	153554
07-25-2020	9.6	1	0.0	0	12.2	4.3	137900
07-26-2020	7.2	1	0.0	0	12.8	5.0	117338
07-27-2020	7.3	1	0.0	0	13.5	7.4	131252
07-28-2020	8.0	1	0.4	0	15.6	9.6	148614
07-29-2020	9.0	1	0.0	0	16.3	8.6	152917
07-30-2020	11.3	1	0.0	0	14.2	8.0	153188
07-31-2020	11.3	1	0.0	0	17.1	3.4	157252
08-01-2020	11.1	1	0.0	0	16.4	5.7	143025
08-02-2020	11.7	1	0.0	0	18.2	9.0	135447
08-03-2020	10.2	1	0.0	0	16.0	7.5	108170
08-04-2020	10.0	1	1.2	0	10.5	5.1	105627
08-05-2020	9.6	1	0.0	0	11.3	4.7	111230
08-06-2020	10.8	1	6.6	0	12.8	5.5	91172
08-07-2020	5.8	1	0.0	0	12.7	3.3	84298
08-08-2020	7.2	1	8.8	0	14.9	4.7	80846
08-09-2020	10.2	1	0.4	0	15.8	8.9	88894
08-10-2020	12.7	1	0.0	0	14.8	5.7	96887
08-11-2020	10.3	1	0.0	0	15.8	4.3	95180
08-12-2020	10.0	1	1.0	0	15.9	9.4	92116
08-13-2020	11.0	1	1.4	0	18.1	11.4	100450
08-14-2020	7.0	1	0.8	0	18.1	10.7	90715
08-15-2020	13.0	1	3.8	0	14.9	7.4	112778
08-16-2020	9.9	1	0.4	0	15.0	10.7	92176
08-17-2020	10.4	1	0.0	0	16.3	9.5	100378
08-18-2020	11.2	1	0.4	0	17.2	10.0	105484
08-19-2020	7.9	1	0.0	0	12.7	9.7	88247
08-20-2020	9.6	1	5.8	0	15.7	9.6	104583
08-21-2020	12.2	1	1.0	0	14.1	8.5	107036
08-22-2020	3.8	1	6.4	0	11.1	5.8	61691
08-23-2020	8.6	1	23.6	0	11.5	6.8	82080
08-24-2020	12.8	1	5.6	0	12.4	6.3	102968
08-25-2020	11.2	1	0.2	0	13.0	3.6	108032
08-26-2020	12.8	1	0.0	0	14.5	6.1	110685
08-27-2020	13.1	1	0.0	0	20.7	8.8	106522
08-28-2020	15.1	1	1.4	0	17.6	8.5	125521
08-29-2020	15.6	1	0.0	0	19.3	9.2	131795
08-30-2020	9.0	1	0.0	0	19.8	12.0	91171
08-31-2020	13.5	1	0.0	0	12.5	6.9	102497
09-01-2020	15.9	1	0.0	0	15.7	6.6	121502
09-02-2020	12.1	1	0.0	0	22.0	8.6	112719
09-03-2020	13.5	1	0.0	0	19.9	12.9	117236
09-04-2020	12.7	1	0.0	0	17.3	9.0	126235
09-05-2020	15.0	1	1.0	0	16.6	9.7	127637
09-06-2020	16.9	1	0.0	0	19.2	6.9	124957
09-07-2020	17.1	1	0.0	0	22.9	8.8	121116
09-08-2020	4.8	1	0.0	0	19.9	16.6	104201
09-09-2020	14.8	1	0.0	0	15.6	8.1	121839
09-10-2020	17.5	1	0.0	0	21.4	5.4	134671
09-11-2020	13.4	1	0.0	0	19.4	10.4	128364
09-12-2020	4.0	1	4.2	0	16.0	13.3	84930
09-13-2020	16.5	1	13.2	0	17.2	11.9	138705
09-14-2020	18.1	1	0.0	0	16.6	11.1	125292
09-15-2020	18.3	1	0.0	0	15.8	7.4	137219
09-16-2020	17.4	1	0.0	0	22.8	7.1	135269
09-17-2020	9.4	1	0.0	0	15.5	11.8	120741
09-18-2020	13.6	1	1.0	0	18.7	8.4	134425
09-19-2020	17.1	1	0.0	0	26.3	11.3	147970
09-20-2020	16.7	1	0.0	0	22.0	17.1	129662
09-21-2020	13.0	1	0.2	0	19.8	16.6	131873
09-22-2020	16.8	1	0.0	0	18.9	12.3	125706
09-23-2020	12.3	1	0.0	0	15.1	10.6	121981
09-24-2020	13.9	1	1.8	0	15.0	8.2	132400
09-25-2020	7.2	1	3.6	0	11.9	7.2	106901
09-26-2020	15.0	1	0.0	0	13.4	6.2	120614
09-27-2020	20.9	1	0.0	0	13.4	8.8	138352
09-28-2020	18.3	1	0.8	0	13.6	6.5	141592
09-29-2020	18.4	1	0.0	0	21.0	4.3	148067
09-30-2020	13.0	1	1.0	0	19.4	10.7	127180
10-01-2020	21.2	1	4.6	0	19.5	9.4	161096
10-02-2020	22.0	1	0.0	0	26.0	12.8	164619
10-03-2020	19.8	1	0.0	0	29.4	17.4	141391
10-04-2020	8.4	1	0.0	0	29.5	13.5	112983
10-05-2020	7.3	1	12.2	0	12.7	9.1	111473
10-06-2020	5.8	1	1.8	0	12.6	8.9	112459
10-07-2020	8.6	1	3.4	0	17.2	10.1	115245
10-08-2020	9.7	1	5.8	0	16.9	11.4	125631
10-09-2020	12.1	1	1.6	0	16.7	11.7	144006
10-10-2020	17.7	1	0.0	0	19.4	10.8	154509
10-11-2020	20.7	1	0.0	0	16.0	11.5	140357
10-12-2020	20.0	1	0.0	0	25.5	6.3	146003
10-13-2020	13.6	1	0.4	0	16.6	10.6	134898
10-14-2020	21.8	1	0.0	0	22.7	11.9	154291
10-15-2020	5.1	1	0.0	0	24.8	13.8	124895
10-16-2020	18.2	1	1.6	0	18.2	9.4	141843
10-17-2020	17.8	1	9.0	0	19.2	11.9	132910
10-18-2020	19.2	1	0.6	0	15.2	11.3	129324
10-19-2020	17.6	1	0.0	0	15.5	8.2	168411
10-20-2020	23.4	1	0.0	0	16.6	7.3	184648
10-21-2020	20.5	1	0.0	0	18.1	10.4	179286
10-22-2020	25.2	1	0.0	0	18.0	9.2	197031
10-23-2020	11.0	1	0.0	1	19.7	12.9	182863
10-24-2020	11.3	1	36.2	0	14.9	11.8	143054
10-25-2020	17.2	1	3.4	0	14.6	8.3	164891
10-26-2020	26.5	1	0.2	0	17.9	9.2	171577
10-27-2020	20.1	1	0.0	0	19.6	11.1	177267
10-28-2020	26.7	1	0.0	0	20.9	9.5	311278
10-29-2020	17.1	1	0.0	0	24.3	11.2	263334
10-30-2020	21.0	1	0.0	0	18.6	12.9	313225
10-31-2020	10.0	1	0.0	0	16.8	14.2	370181
