date	Public_Holiday
01-01-2015	1
01-26-2015	1
03-14-2015	1
03-25-2015	1
03-26-2015	1
03-27-2015	1
03-28-2015	1
04-25-2015	1
06-13-2015	1
09-30-2015	1
11-01-2015	1
12-25-2015	1
12-26-2015	1
12-27-2015	1
01-01-2016	1
01-26-2016	1
03-14-2016	1
03-25-2016	1
03-26-2016	1
03-27-2016	1
03-28-2016	1
04-25-2016	1
06-13-2016	1
09-30-2016	1
11-01-2016	1
12-25-2016	1
12-26-2016	1
12-27-2016	1
01-01-2017	1
01-02-2017	1
01-26-2017	1
03-13-2017	1
04-14-2017	1
04-15-2017	1
04-16-2017	1
04-17-2017	1
04-25-2017	1
06-12-2017	1
09-29-2017	1
11-07-2017	1
12-25-2017	1
12-26-2017	1
01-01-2018	1
01-26-2018	1
03-12-2018	1
03-30-2018	1
03-31-2018	1
04-01-2018	1
04-02-2018	1
04-25-2018	1
06-11-2018	1
09-28-2018	1
11-06-2018	1
12-25-2018	1
12-26-2018	1
01-01-2019	1
01-28-2019	1
03-11-2019	1
04-19-2019	1
04-20-2019	1
04-21-2019	1
04-22-2019	1
04-25-2019	1
06-10-2019	1
09-27-2019	1
11-05-2019	1
12-25-2019	1
12-26-2019	1
01-01-2020	1
01-27-2020	1
03-09-2020	1
04-10-2020	1
04-10-2020	1
04-11-2020	1
04-12-2020	1
04-13-2020	1
04-25-2020	1
06-08-2020	1
10-23-2020	1
11-03-2020	1
12-25-2020	1
12-26-2020	1
12-28-2020	1
01-01-2021	1
01-26-2021	1
03-08-2021	1