Date,Year,Month_index,Day,Day_of_week,Day_of_year,Daily global solar exposure (MJ/m*m)
1/01/2015,2015,1,1, 5 , 1 ,23.6
2/01/2015,2015,1,2, 6 , 2 ,26.8
3/01/2015,2015,1,3, 7 , 3 ,26.5
4/01/2015,2015,1,4, 1 , 4 ,25.2
5/01/2015,2015,1,5, 2 , 5 ,30.7
6/01/2015,2015,1,6, 3 , 6 ,31.6
7/01/2015,2015,1,7, 4 , 7 ,20.7
8/01/2015,2015,1,8, 5 , 8 ,13.5
9/01/2015,2015,1,9, 6 , 9 ,3.1
10/01/2015,2015,1,10, 7 , 10 ,5.6
11/01/2015,2015,1,11, 1 , 11 ,29.9
12/01/2015,2015,1,12, 2 , 12 ,31.6
13/01/2015,2015,1,13, 3 , 13 ,4.2
14/01/2015,2015,1,14, 4 , 14 ,15.2
15/01/2015,2015,1,15, 5 , 15 ,14.6
16/01/2015,2015,1,16, 6 , 16 ,30.3
17/01/2015,2015,1,17, 7 , 17 ,27.5
18/01/2015,2015,1,18, 1 , 18 ,23.4
19/01/2015,2015,1,19, 2 , 19 ,29
20/01/2015,2015,1,20, 3 , 20 ,19.6
21/01/2015,2015,1,21, 4 , 21 ,25.8
22/01/2015,2015,1,22, 5 , 22 ,23.1
23/01/2015,2015,1,23, 6 , 23 ,28.6
24/01/2015,2015,1,24, 7 , 24 ,30.3
25/01/2015,2015,1,25, 1 , 25 ,25.4
26/01/2015,2015,1,26, 2 , 26 ,19.9
27/01/2015,2015,1,27, 3 , 27 ,17.7
28/01/2015,2015,1,28, 4 , 28 ,27
29/01/2015,2015,1,29, 5 , 29 ,28.9
30/01/2015,2015,1,30, 6 , 30 ,27.6
31/01/2015,2015,1,31, 7 , 31 ,26.2
1/02/2015,2015,2,1, 1 , 32 ,17.3
2/02/2015,2015,2,2, 2 , 33 ,23.9
3/02/2015,2015,2,3, 3 , 34 ,22.7
4/02/2015,2015,2,4, 4 , 35 ,21.2
5/02/2015,2015,2,5, 5 , 36 ,28.8
6/02/2015,2015,2,6, 6 , 37 ,28.4
7/02/2015,2015,2,7, 7 , 38 ,16.1
8/02/2015,2015,2,8, 1 , 39 ,16.6
9/02/2015,2015,2,9, 2 , 40 ,28.6
10/02/2015,2015,2,10, 3 , 41 ,27.7
11/02/2015,2015,2,11, 4 , 42 ,24.1
12/02/2015,2015,2,12, 5 , 43 ,23.8
13/02/2015,2015,2,13, 6 , 44 ,14.9
14/02/2015,2015,2,14, 7 , 45 ,20.8
15/02/2015,2015,2,15, 1 , 46 ,25.7
16/02/2015,2015,2,16, 2 , 47 ,26.3
17/02/2015,2015,2,17, 3 , 48 ,8.3
18/02/2015,2015,2,18, 4 , 49 ,7.8
19/02/2015,2015,2,19, 5 , 50 ,24.7
20/02/2015,2015,2,20, 6 , 51 ,24.7
21/02/2015,2015,2,21, 7 , 52 ,20
22/02/2015,2015,2,22, 1 , 53 ,11.7
23/02/2015,2015,2,23, 2 , 54 ,4.7
24/02/2015,2015,2,24, 3 , 55 ,21.4
25/02/2015,2015,2,25, 4 , 56 ,24.1
26/02/2015,2015,2,26, 5 , 57 ,18.5
27/02/2015,2015,2,27, 6 , 58 ,21.7
28/02/2015,2015,2,28, 7 , 59 ,6.9
1/03/2015,2015,3,1, 1 , 60 ,23.3
2/03/2015,2015,3,2, 2 , 61 ,22
3/03/2015,2015,3,3, 3 , 62 ,21.2
4/03/2015,2015,3,4, 4 , 63 ,23
5/03/2015,2015,3,5, 5 , 64 ,22.5
6/03/2015,2015,3,6, 6 , 65 ,10.8
7/03/2015,2015,3,7, 7 , 66 ,10.8
8/03/2015,2015,3,8, 1 , 67 ,20.4
9/03/2015,2015,3,9, 2 , 68 ,18.6
10/03/2015,2015,3,10, 3 , 69 ,22.1
11/03/2015,2015,3,11, 4 , 70 ,22.3
12/03/2015,2015,3,12, 5 , 71 ,18.7
13/03/2015,2015,3,13, 6 , 72 ,21.2
14/03/2015,2015,3,14, 7 , 73 ,20
15/03/2015,2015,3,15, 1 , 74 ,17.5
16/03/2015,2015,3,16, 2 , 75 ,14.5
17/03/2015,2015,3,17, 3 , 76 ,4.8
18/03/2015,2015,3,18, 4 , 77 ,9.4
19/03/2015,2015,3,19, 5 , 78 ,15.1
20/03/2015,2015,3,20, 6 , 79 ,19.9
21/03/2015,2015,3,21, 7 , 80 ,20.8
22/03/2015,2015,3,22, 1 , 81 ,19.9
23/03/2015,2015,3,23, 2 , 82 ,3.9
24/03/2015,2015,3,24, 3 , 83 ,3.8
25/03/2015,2015,3,25, 4 , 84 ,13.8
26/03/2015,2015,3,26, 5 , 85 ,9.9
27/03/2015,2015,3,27, 6 , 86 ,11.2
28/03/2015,2015,3,28, 7 , 87 ,14.4
29/03/2015,2015,3,29, 1 , 88 ,18.6
30/03/2015,2015,3,30, 2 , 89 ,18.1
31/03/2015,2015,3,31, 3 , 90 ,18.1
1/04/2015,2015,4,1, 4 , 91 ,10.7
2/04/2015,2015,4,2, 5 , 92 ,17.5
3/04/2015,2015,4,3, 6 , 93 ,17.4
4/04/2015,2015,4,4, 7 , 94 ,16.2
5/04/2015,2015,4,5, 1 , 95 ,9.8
6/04/2015,2015,4,6, 2 , 96 ,13
7/04/2015,2015,4,7, 3 , 97 ,3.9
8/04/2015,2015,4,8, 4 , 98 ,12.6
9/04/2015,2015,4,9, 5 , 99 ,10.9
10/04/2015,2015,4,10, 6 , 100 ,15.9
11/04/2015,2015,4,11, 7 , 101 ,14.9
12/04/2015,2015,4,12, 1 , 102 ,13.4
13/04/2015,2015,4,13, 2 , 103 ,14.9
14/04/2015,2015,4,14, 3 , 104 ,8.4
15/04/2015,2015,4,15, 4 , 105 ,12.8
16/04/2015,2015,4,16, 5 , 106 ,10.9
17/04/2015,2015,4,17, 6 , 107 ,7.5
18/04/2015,2015,4,18, 7 , 108 ,9.9
19/04/2015,2015,4,19, 1 , 109 ,11
20/04/2015,2015,4,20, 2 , 110 ,12.7
21/04/2015,2015,4,21, 3 , 111 ,13.8
22/04/2015,2015,4,22, 4 , 112 ,7.1
23/04/2015,2015,4,23, 5 , 113 ,7.5
24/04/2015,2015,4,24, 6 , 114 ,7.8
25/04/2015,2015,4,25, 7 , 115 ,3.5
26/04/2015,2015,4,26, 1 , 116 ,5.9
27/04/2015,2015,4,27, 2 , 117 ,8.3
28/04/2015,2015,4,28, 3 , 118 ,8.9
29/04/2015,2015,4,29, 4 , 119 ,12.6
30/04/2015,2015,4,30, 5 , 120 ,12.3
1/05/2015,2015,5,1, 6 , 121 ,12.1
2/05/2015,2015,5,2, 7 , 122 ,6.1
3/05/2015,2015,5,3, 1 , 123 ,11.2
4/05/2015,2015,5,4, 2 , 124 ,11.6
5/05/2015,2015,5,5, 3 , 125 ,7.1
6/05/2015,2015,5,6, 4 , 126 ,7.6
7/05/2015,2015,5,7, 5 , 127 ,6.9
8/05/2015,2015,5,8, 6 , 128 ,5.9
9/05/2015,2015,5,9, 7 , 129 ,7.3
10/05/2015,2015,5,10, 1 , 130 ,5.9
11/05/2015,2015,5,11, 2 , 131 ,7.9
12/05/2015,2015,5,12, 3 , 132 ,5.9
13/05/2015,2015,5,13, 4 , 133 ,8.7
14/05/2015,2015,5,14, 5 , 134 ,6.7
15/05/2015,2015,5,15, 6 , 135 ,6.2
16/05/2015,2015,5,16, 7 , 136 ,10.4
17/05/2015,2015,5,17, 1 , 137 ,10.3
18/05/2015,2015,5,18, 2 , 138 ,10.2
19/05/2015,2015,5,19, 3 , 139 ,3.2
20/05/2015,2015,5,20, 4 , 140 ,6
21/05/2015,2015,5,21, 5 , 141 ,3.5
22/05/2015,2015,5,22, 6 , 142 ,6.7
23/05/2015,2015,5,23, 7 , 143 ,7.7
24/05/2015,2015,5,24, 1 , 144 ,8.6
25/05/2015,2015,5,25, 2 , 145 ,8.1
26/05/2015,2015,5,26, 3 , 146 ,6.8
27/05/2015,2015,5,27, 4 , 147 ,7.4
28/05/2015,2015,5,28, 5 , 148 ,8.4
29/05/2015,2015,5,29, 6 , 149 ,6.6
30/05/2015,2015,5,30, 7 , 150 ,8
31/05/2015,2015,5,31, 1 , 151 ,4.9
1/06/2015,2015,6,1, 2 , 152 ,8.1
2/06/2015,2015,6,2, 3 , 153 ,4.6
3/06/2015,2015,6,3, 4 , 154 ,8.2
4/06/2015,2015,6,4, 5 , 155 ,5.5
5/06/2015,2015,6,5, 6 , 156 ,7
6/06/2015,2015,6,6, 7 , 157 ,6.4
7/06/2015,2015,6,7, 1 , 158 ,6.9
8/06/2015,2015,6,8, 2 , 159 ,8.2
9/06/2015,2015,6,9, 3 , 160 ,8.6
10/06/2015,2015,6,10, 4 , 161 ,7.1
11/06/2015,2015,6,11, 5 , 162 ,8.3
12/06/2015,2015,6,12, 6 , 163 ,6.9
13/06/2015,2015,6,13, 7 , 164 ,8
14/06/2015,2015,6,14, 1 , 165 ,8
15/06/2015,2015,6,15, 2 , 166 ,6.6
16/06/2015,2015,6,16, 3 , 167 ,3.3
17/06/2015,2015,6,17, 4 , 168 ,4.7
18/06/2015,2015,6,18, 5 , 169 ,4.2
19/06/2015,2015,6,19, 6 , 170 ,7.9
20/06/2015,2015,6,20, 7 , 171 ,7.1
21/06/2015,2015,6,21, 1 , 172 ,8.6
22/06/2015,2015,6,22, 2 , 173 ,6.2
23/06/2015,2015,6,23, 3 , 174 ,5.8
24/06/2015,2015,6,24, 4 , 175 ,7.7
25/06/2015,2015,6,25, 5 , 176 ,6.3
26/06/2015,2015,6,26, 6 , 177 ,7.1
27/06/2015,2015,6,27, 7 , 178 ,5
28/06/2015,2015,6,28, 1 , 179 ,4.1
29/06/2015,2015,6,29, 2 , 180 ,5.6
30/06/2015,2015,6,30, 3 , 181 ,7.9
1/07/2015,2015,7,1, 4 , 182 ,6.9
2/07/2015,2015,7,2, 5 , 183 ,7
3/07/2015,2015,7,3, 6 , 184 ,5
4/07/2015,2015,7,4, 7 , 185 ,2.8
5/07/2015,2015,7,5, 1 , 186 ,8.2
6/07/2015,2015,7,6, 2 , 187 ,4.4
7/07/2015,2015,7,7, 3 , 188 ,7
8/07/2015,2015,7,8, 4 , 189 ,8.5
9/07/2015,2015,7,9, 5 , 190 ,3.5
10/07/2015,2015,7,10, 6 , 191 ,5.8
11/07/2015,2015,7,11, 7 , 192 ,3.7
12/07/2015,2015,7,12, 1 , 193 ,2.9
13/07/2015,2015,7,13, 2 , 194 ,4.2
14/07/2015,2015,7,14, 3 , 195 ,4.8
15/07/2015,2015,7,15, 4 , 196 ,7.4
16/07/2015,2015,7,16, 5 , 197 ,8.1
17/07/2015,2015,7,17, 6 , 198 ,6.5
18/07/2015,2015,7,18, 7 , 199 ,9.5
19/07/2015,2015,7,19, 1 , 200 ,9.7
20/07/2015,2015,7,20, 2 , 201 ,9.7
21/07/2015,2015,7,21, 3 , 202 ,8.6
22/07/2015,2015,7,22, 4 , 203 ,6
23/07/2015,2015,7,23, 5 , 204 ,9.5
24/07/2015,2015,7,24, 6 , 205 ,4.4
25/07/2015,2015,7,25, 7 , 206 ,7.7
26/07/2015,2015,7,26, 1 , 207 ,8.5
27/07/2015,2015,7,27, 2 , 208 ,9.6
28/07/2015,2015,7,28, 3 , 209 ,10.2
29/07/2015,2015,7,29, 4 , 210 ,9
30/07/2015,2015,7,30, 5 , 211 ,4.5
31/07/2015,2015,7,31, 6 , 212 ,10.8
1/08/2015,2015,8,1, 7 , 213 ,4.2
2/08/2015,2015,8,2, 1 , 214 ,8.3
3/08/2015,2015,8,3, 2 , 215 ,9.4
4/08/2015,2015,8,4, 3 , 216 ,7.1
5/08/2015,2015,8,5, 4 , 217 ,8
6/08/2015,2015,8,6, 5 , 218 ,7
7/08/2015,2015,8,7, 6 , 219 ,9
8/08/2015,2015,8,8, 7 , 220 ,6.6
9/08/2015,2015,8,9, 1 , 221 ,6.9
10/08/2015,2015,8,10, 2 , 222 ,10.7
11/08/2015,2015,8,11, 3 , 223 ,11.7
12/08/2015,2015,8,12, 4 , 224 ,9.2
13/08/2015,2015,8,13, 5 , 225 ,7
14/08/2015,2015,8,14, 6 , 226 ,7.3
15/08/2015,2015,8,15, 7 , 227 ,10.9
16/08/2015,2015,8,16, 1 , 228 ,9.5
17/08/2015,2015,8,17, 2 , 229 ,9.9
18/08/2015,2015,8,18, 3 , 230 ,9.8
19/08/2015,2015,8,19, 4 , 231 ,10.2
20/08/2015,2015,8,20, 5 , 232 ,12.7
21/08/2015,2015,8,21, 6 , 233 ,4.1
22/08/2015,2015,8,22, 7 , 234 ,11.8
23/08/2015,2015,8,23, 1 , 235 ,13.1
24/08/2015,2015,8,24, 2 , 236 ,9.6
25/08/2015,2015,8,25, 3 , 237 ,8.1
26/08/2015,2015,8,26, 4 , 238 ,7.8
27/08/2015,2015,8,27, 5 , 239 ,2.7
28/08/2015,2015,8,28, 6 , 240 ,12.2
29/08/2015,2015,8,29, 7 , 241 ,9.1
30/08/2015,2015,8,30, 1 , 242 ,14.3
31/08/2015,2015,8,31, 2 , 243 ,11.5
1/09/2015,2015,9,1, 3 , 244 ,15.7
2/09/2015,2015,9,2, 4 , 245 ,10.5
3/09/2015,2015,9,3, 5 , 246 ,8
4/09/2015,2015,9,4, 6 , 247 ,13
5/09/2015,2015,9,5, 7 , 248 ,14.8
6/09/2015,2015,9,6, 1 , 249 ,11.8
7/09/2015,2015,9,7, 2 , 250 ,9.2
8/09/2015,2015,9,8, 3 , 251 ,11.1
9/09/2015,2015,9,9, 4 , 252 ,11.4
10/09/2015,2015,9,10, 5 , 253 ,17.3
11/09/2015,2015,9,11, 6 , 254 ,17.7
12/09/2015,2015,9,12, 7 , 255 ,10.2
13/09/2015,2015,9,13, 1 , 256 ,17.1
14/09/2015,2015,9,14, 2 , 257 ,17.8
15/09/2015,2015,9,15, 3 , 258 ,15
16/09/2015,2015,9,16, 4 , 259 ,17.6
17/09/2015,2015,9,17, 5 , 260 ,12.4
18/09/2015,2015,9,18, 6 , 261 ,8.1
19/09/2015,2015,9,19, 7 , 262 ,17
20/09/2015,2015,9,20, 1 , 263 ,17.3
21/09/2015,2015,9,21, 2 , 264 ,6.7
22/09/2015,2015,9,22, 3 , 265 ,17.4
23/09/2015,2015,9,23, 4 , 266 ,20.3
24/09/2015,2015,9,24, 5 , 267 ,18.2
25/09/2015,2015,9,25, 6 , 268 ,20.2
26/09/2015,2015,9,26, 7 , 269 ,20.1
27/09/2015,2015,9,27, 1 , 270 ,19.6
28/09/2015,2015,9,28, 2 , 271 ,13.6
29/09/2015,2015,9,29, 3 , 272 ,13.5
30/09/2015,2015,9,30, 4 , 273 ,16.8
1/10/2015,2015,10,1, 5 , 274 ,21.7
2/10/2015,2015,10,2, 6 , 275 ,21.7
3/10/2015,2015,10,3, 7 , 276 ,22.2
4/10/2015,2015,10,4, 1 , 277 ,22.2
5/10/2015,2015,10,5, 2 , 278 ,22
6/10/2015,2015,10,6, 3 , 279 ,18.9
7/10/2015,2015,10,7, 4 , 280 ,23.6
8/10/2015,2015,10,8, 5 , 281 ,23.3
9/10/2015,2015,10,9, 6 , 282 ,22
10/10/2015,2015,10,10, 7 , 283 ,11.9
11/10/2015,2015,10,11, 1 , 284 ,19.6
12/10/2015,2015,10,12, 2 , 285 ,13.4
13/10/2015,2015,10,13, 3 , 286 ,24.3
14/10/2015,2015,10,14, 4 , 287 ,24.4
15/10/2015,2015,10,15, 5 , 288 ,22.2
16/10/2015,2015,10,16, 6 , 289 ,8.4
17/10/2015,2015,10,17, 7 , 290 ,20.4
18/10/2015,2015,10,18, 1 , 291 ,24.2
19/10/2015,2015,10,19, 2 , 292 ,25.8
20/10/2015,2015,10,20, 3 , 293 ,14.4
21/10/2015,2015,10,21, 4 , 294 ,7.3
22/10/2015,2015,10,22, 5 , 295 ,8.5
23/10/2015,2015,10,23, 6 , 296 ,21
24/10/2015,2015,10,24, 7 , 297 ,25.1
25/10/2015,2015,10,25, 1 , 298 ,20.1
26/10/2015,2015,10,26, 2 , 299 ,14.5
27/10/2015,2015,10,27, 3 , 300 ,28.1
28/10/2015,2015,10,28, 4 , 301 ,27.6
29/10/2015,2015,10,29, 5 , 302 ,26.8
30/10/2015,2015,10,30, 6 , 303 ,22.6
31/10/2015,2015,10,31, 7 , 304 ,13.5
1/11/2015,2015,11,1, 1 , 305 ,10
2/11/2015,2015,11,2, 2 , 306 ,8.2
3/11/2015,2015,11,3, 3 , 307 ,25.4
4/11/2015,2015,11,4, 4 , 308 ,19.6
5/11/2015,2015,11,5, 5 , 309 ,16.4
6/11/2015,2015,11,6, 6 , 310 ,3.7
7/11/2015,2015,11,7, 7 , 311 ,25.2
8/11/2015,2015,11,8, 1 , 312 ,25.1
9/11/2015,2015,11,9, 2 , 313 ,26.4
10/11/2015,2015,11,10, 3 , 314 ,5.3
11/11/2015,2015,11,11, 4 , 315 ,16
12/11/2015,2015,11,12, 5 , 316 ,19.2
13/11/2015,2015,11,13, 6 , 317 ,26.1
14/11/2015,2015,11,14, 7 , 318 ,27.5
15/11/2015,2015,11,15, 1 , 319 ,27.6
16/11/2015,2015,11,16, 2 , 320 ,29.4
17/11/2015,2015,11,17, 3 , 321 ,24
18/11/2015,2015,11,18, 4 , 322 ,29.2
19/11/2015,2015,11,19, 5 , 323 ,20.6
20/11/2015,2015,11,20, 6 , 324 ,6.4
21/11/2015,2015,11,21, 7 , 325 ,20.9
22/11/2015,2015,11,22, 1 , 326 ,27.3
23/11/2015,2015,11,23, 2 , 327 ,27.3
24/11/2015,2015,11,24, 3 , 328 ,30
25/11/2015,2015,11,25, 4 , 329 ,9.3
26/11/2015,2015,11,26, 5 , 330 ,23.3
27/11/2015,2015,11,27, 6 , 331 ,16.8
28/11/2015,2015,11,28, 7 , 332 ,27.1
29/11/2015,2015,11,29, 1 , 333 ,23.4
30/11/2015,2015,11,30, 2 , 334 ,26.6
1/12/2015,2015,12,1, 3 , 335 ,24.4
2/12/2015,2015,12,2, 4 , 336 ,32.4
3/12/2015,2015,12,3, 5 , 337 ,30.1
4/12/2015,2015,12,4, 6 , 338 ,32.2
5/12/2015,2015,12,5, 7 , 339 ,27.9
6/12/2015,2015,12,6, 1 , 340 ,13.5
7/12/2015,2015,12,7, 2 , 341 ,8.7
8/12/2015,2015,12,8, 3 , 342 ,19.8
9/12/2015,2015,12,9, 4 , 343 ,27
10/12/2015,2015,12,10, 5 , 344 ,32
11/12/2015,2015,12,11, 6 , 345 ,13
12/12/2015,2015,12,12, 7 , 346 ,27.9
13/12/2015,2015,12,13, 1 , 347 ,28.6
14/12/2015,2015,12,14, 2 , 348 ,31.6
15/12/2015,2015,12,15, 3 , 349 ,30.3
16/12/2015,2015,12,16, 4 , 350 ,32.5
17/12/2015,2015,12,17, 5 , 351 ,33.1
18/12/2015,2015,12,18, 6 , 352 ,31.2
19/12/2015,2015,12,19, 7 , 353 ,20.5
20/12/2015,2015,12,20, 1 , 354 ,10.4
21/12/2015,2015,12,21, 2 , 355 ,25.4
22/12/2015,2015,12,22, 3 , 356 ,32.9
23/12/2015,2015,12,23, 4 , 357 ,32.4
24/12/2015,2015,12,24, 5 , 358 ,32.8
25/12/2015,2015,12,25, 6 , 359 ,33.3
26/12/2015,2015,12,26, 7 , 360 ,19.2
27/12/2015,2015,12,27, 1 , 361 ,27.6
28/12/2015,2015,12,28, 2 , 362 ,33.2
29/12/2015,2015,12,29, 3 , 363 ,33
30/12/2015,2015,12,30, 4 , 364 ,32.8
31/12/2015,2015,12,31, 5 , 365 ,29.6
1/01/2016,2016,1,1, 6 , 1 ,22
2/01/2016,2016,1,2, 7 , 2 ,25.1
3/01/2016,2016,1,3, 1 , 3 ,25.7
4/01/2016,2016,1,4, 2 , 4 ,15.3
5/01/2016,2016,1,5, 3 , 5 ,25.8
6/01/2016,2016,1,6, 4 , 6 ,18.1
7/01/2016,2016,1,7, 5 , 7 ,30.4
8/01/2016,2016,1,8, 6 , 8 ,25.4
9/01/2016,2016,1,9, 7 , 9 ,21.3
10/01/2016,2016,1,10, 1 , 10 ,31.3
11/01/2016,2016,1,11, 2 , 11 ,15.8
12/01/2016,2016,1,12, 3 , 12 ,29.1
13/01/2016,2016,1,13, 4 , 13 ,25
14/01/2016,2016,1,14, 5 , 14 ,3.9
15/01/2016,2016,1,15, 6 , 15 ,19.7
16/01/2016,2016,1,16, 7 , 16 ,32.6
17/01/2016,2016,1,17, 1 , 17 ,31.5
18/01/2016,2016,1,18, 2 , 18 ,30.4
19/01/2016,2016,1,19, 3 , 19 ,27.2
20/01/2016,2016,1,20, 4 , 20 ,18.6
21/01/2016,2016,1,21, 5 , 21 ,14.9
22/01/2016,2016,1,22, 6 , 22 ,6.5
23/01/2016,2016,1,23, 7 , 23 ,23.2
24/01/2016,2016,1,24, 1 , 24 ,23.4
25/01/2016,2016,1,25, 2 , 25 ,25.7
26/01/2016,2016,1,26, 3 , 26 ,28.7
27/01/2016,2016,1,27, 4 , 27 ,22.2
28/01/2016,2016,1,28, 5 , 28 ,19
29/01/2016,2016,1,29, 6 , 29 ,14.3
30/01/2016,2016,1,30, 7 , 30 ,24
31/01/2016,2016,1,31, 1 , 31 ,26.3
1/02/2016,2016,2,1, 2 , 32 ,29.4
2/02/2016,2016,2,2, 3 , 33 ,25.5
3/02/2016,2016,2,3, 4 , 34 ,11
4/02/2016,2016,2,4, 5 , 35 ,21.7
5/02/2016,2016,2,5, 6 , 36 ,29
6/02/2016,2016,2,6, 7 , 37 ,28.8
7/02/2016,2016,2,7, 1 , 38 ,28.5
8/02/2016,2016,2,8, 2 , 39 ,23.3
9/02/2016,2016,2,9, 3 , 40 ,27.7
10/02/2016,2016,2,10, 4 , 41 ,25.3
11/02/2016,2016,2,11, 5 , 42 ,27.6
12/02/2016,2016,2,12, 6 , 43 ,27.9
13/02/2016,2016,2,13, 7 , 44 ,23.4
14/02/2016,2016,2,14, 1 , 45 ,22.9
15/02/2016,2016,2,15, 2 , 46 ,25.4
16/02/2016,2016,2,16, 3 , 47 ,14.5
17/02/2016,2016,2,17, 4 , 48 ,16.2
18/02/2016,2016,2,18, 5 , 49 ,20.6
19/02/2016,2016,2,19, 6 , 50 ,11.2
20/02/2016,2016,2,20, 7 , 51 ,23.8
21/02/2016,2016,2,21, 1 , 52 ,26.5
22/02/2016,2016,2,22, 2 , 53 ,8.4
23/02/2016,2016,2,23, 3 , 54 ,19.4
24/02/2016,2016,2,24, 4 , 55 ,15.8
25/02/2016,2016,2,25, 5 , 56 ,13.8
26/02/2016,2016,2,26, 6 , 57 ,19.3
27/02/2016,2016,2,27, 7 , 58 ,17.7
28/02/2016,2016,2,28, 1 , 59 ,21.5
29/02/2016,2016,2,29, 2 , 60 ,18.2
1/03/2016,2016,3,1, 3 , 61 ,23.4
2/03/2016,2016,3,2, 4 , 62 ,22.6
3/03/2016,2016,3,3, 5 , 63 ,21.8
4/03/2016,2016,3,4, 6 , 64 ,21.2
5/03/2016,2016,3,5, 7 , 65 ,11.4
6/03/2016,2016,3,6, 1 , 66 ,21.3
7/03/2016,2016,3,7, 2 , 67 ,7.9
8/03/2016,2016,3,8, 3 , 68 ,20.8
9/03/2016,2016,3,9, 4 , 69 ,10.8
10/03/2016,2016,3,10, 5 , 70 ,3.9
11/03/2016,2016,3,11, 6 , 71 ,19.6
12/03/2016,2016,3,12, 7 , 72 ,7
13/03/2016,2016,3,13, 1 , 73 ,13.8
14/03/2016,2016,3,14, 2 , 74 ,10.6
15/03/2016,2016,3,15, 3 , 75 ,20.7
16/03/2016,2016,3,16, 4 , 76 ,18.9
17/03/2016,2016,3,17, 5 , 77 ,19.6
18/03/2016,2016,3,18, 6 , 78 ,6.7
19/03/2016,2016,3,19, 7 , 79 ,10.7
20/03/2016,2016,3,20, 1 , 80 ,19
21/03/2016,2016,3,21, 2 , 81 ,19.7
22/03/2016,2016,3,22, 3 , 82 ,21.1
23/03/2016,2016,3,23, 4 , 83 ,12.7
24/03/2016,2016,3,24, 5 , 84 ,10.4
25/03/2016,2016,3,25, 6 , 85 ,14.4
26/03/2016,2016,3,26, 7 , 86 ,8.2
27/03/2016,2016,3,27, 1 , 87 ,14
28/03/2016,2016,3,28, 2 , 88 ,13
29/03/2016,2016,3,29, 3 , 89 ,5.7
30/03/2016,2016,3,30, 4 , 90 ,8.5
31/03/2016,2016,3,31, 5 , 91 ,17.1
1/04/2016,2016,4,1, 6 , 92 ,16.7
2/04/2016,2016,4,2, 7 , 93 ,8.3
3/04/2016,2016,4,3, 1 , 94 ,15.4
4/04/2016,2016,4,4, 2 , 95 ,18.4
5/04/2016,2016,4,5, 3 , 96 ,17.1
6/04/2016,2016,4,6, 4 , 97 ,3.9
7/04/2016,2016,4,7, 5 , 98 ,13.1
8/04/2016,2016,4,8, 6 , 99 ,9.6
9/04/2016,2016,4,9, 7 , 100 ,13
10/04/2016,2016,4,10, 1 , 101 ,9.6
11/04/2016,2016,4,11, 2 , 102 ,14.1
12/04/2016,2016,4,12, 3 , 103 ,13.5
13/04/2016,2016,4,13, 4 , 104 ,12.6
14/04/2016,2016,4,14, 5 , 105 ,12.7
15/04/2016,2016,4,15, 6 , 106 ,15.9
16/04/2016,2016,4,16, 7 , 107 ,8.3
17/04/2016,2016,4,17, 1 , 108 ,14.7
18/04/2016,2016,4,18, 2 , 109 ,15
19/04/2016,2016,4,19, 3 , 110 ,14.5
20/04/2016,2016,4,20, 4 , 111 ,14
21/04/2016,2016,4,21, 5 , 112 ,5.6
22/04/2016,2016,4,22, 6 , 113 ,7.9
23/04/2016,2016,4,23, 7 , 114 ,8.5
24/04/2016,2016,4,24, 1 , 115 ,14.8
25/04/2016,2016,4,25, 2 , 116 ,14.8
26/04/2016,2016,4,26, 3 , 117 ,14.6
27/04/2016,2016,4,27, 4 , 118 ,13.5
28/04/2016,2016,4,28, 5 , 119 ,5.3
29/04/2016,2016,4,29, 6 , 120 ,3.7
30/04/2016,2016,4,30, 7 , 121 ,12.7
1/05/2016,2016,5,1, 1 , 122 ,9
2/05/2016,2016,5,2, 2 , 123 ,12.3
3/05/2016,2016,5,3, 3 , 124 ,8.8
4/05/2016,2016,5,4, 4 , 125 ,11.8
5/05/2016,2016,5,5, 5 , 126 ,12.3
6/05/2016,2016,5,6, 6 , 127 ,13.2
7/05/2016,2016,5,7, 7 , 128 ,12.6
8/05/2016,2016,5,8, 1 , 129 ,3.5
9/05/2016,2016,5,9, 2 , 130 ,6.7
10/05/2016,2016,5,10, 3 , 131 ,7.6
11/05/2016,2016,5,11, 4 , 132 ,6.3
12/05/2016,2016,5,12, 5 , 133 ,6.1
13/05/2016,2016,5,13, 6 , 134 ,9.9
14/05/2016,2016,5,14, 7 , 135 ,12.6
15/05/2016,2016,5,15, 1 , 136 ,6.7
16/05/2016,2016,5,16, 2 , 137 ,8.9
17/05/2016,2016,5,17, 3 , 138 ,5.4
18/05/2016,2016,5,18, 4 , 139 ,7.2
19/05/2016,2016,5,19, 5 , 140 ,2.2
20/05/2016,2016,5,20, 6 , 141 ,8.3
21/05/2016,2016,5,21, 7 , 142 ,8.9
22/05/2016,2016,5,22, 1 , 143 ,8.5
23/05/2016,2016,5,23, 2 , 144 ,7.1
24/05/2016,2016,5,24, 3 , 145 ,7.3
25/05/2016,2016,5,25, 4 , 146 ,4.9
26/05/2016,2016,5,26, 5 , 147 ,3.1
27/05/2016,2016,5,27, 6 , 148 ,8
28/05/2016,2016,5,28, 7 , 149 ,6.2
29/05/2016,2016,5,29, 1 , 150 ,6.5
30/05/2016,2016,5,30, 2 , 151 ,9.5
31/05/2016,2016,5,31, 3 , 152 ,9.5
1/06/2016,2016,6,1, 4 , 153 ,8.2
2/06/2016,2016,6,2, 5 , 154 ,9.2
3/06/2016,2016,6,3, 6 , 155 ,8.5
4/06/2016,2016,6,4, 7 , 156 ,3.7
5/06/2016,2016,6,5, 1 , 157 ,3.3
6/06/2016,2016,6,6, 2 , 158 ,7.1
7/06/2016,2016,6,7, 3 , 159 ,4.7
8/06/2016,2016,6,8, 4 , 160 ,4.7
9/06/2016,2016,6,9, 5 , 161 ,6
10/06/2016,2016,6,10, 6 , 162 ,6.6
11/06/2016,2016,6,11, 7 , 163 ,6.5
12/06/2016,2016,6,12, 1 , 164 ,7.3
13/06/2016,2016,6,13, 2 , 165 ,9
14/06/2016,2016,6,14, 3 , 166 ,8.3
15/06/2016,2016,6,15, 4 , 167 ,9.2
16/06/2016,2016,6,16, 5 , 168 ,5.1
17/06/2016,2016,6,17, 6 , 169 ,3.5
18/06/2016,2016,6,18, 7 , 170 ,5.3
19/06/2016,2016,6,19, 1 , 171 ,7.2
20/06/2016,2016,6,20, 2 , 172 ,3.4
21/06/2016,2016,6,21, 3 , 173 ,7
22/06/2016,2016,6,22, 4 , 174 ,6.6
23/06/2016,2016,6,23, 5 , 175 ,7.2
24/06/2016,2016,6,24, 6 , 176 ,5.8
25/06/2016,2016,6,25, 7 , 177 ,8.8
26/06/2016,2016,6,26, 1 , 178 ,7.7
27/06/2016,2016,6,27, 2 , 179 ,4.7
28/06/2016,2016,6,28, 3 , 180 ,7.8
29/06/2016,2016,6,29, 4 , 181 ,8.9
30/06/2016,2016,6,30, 5 , 182 ,5.6
1/07/2016,2016,7,1, 6 , 183 ,7.1
2/07/2016,2016,7,2, 7 , 184 ,6.7
3/07/2016,2016,7,3, 1 , 185 ,7.8
4/07/2016,2016,7,4, 2 , 186 ,3.6
5/07/2016,2016,7,5, 3 , 187 ,1.8
6/07/2016,2016,7,6, 4 , 188 ,4.6
7/07/2016,2016,7,7, 5 , 189 ,4.1
8/07/2016,2016,7,8, 6 , 190 ,7.4
9/07/2016,2016,7,9, 7 , 191 ,9.5
10/07/2016,2016,7,10, 1 , 192 ,3.6
11/07/2016,2016,7,11, 2 , 193 ,7.6
12/07/2016,2016,7,12, 3 , 194 ,8.1
13/07/2016,2016,7,13, 4 , 195 ,9
14/07/2016,2016,7,14, 5 , 196 ,7.8
15/07/2016,2016,7,15, 6 , 197 ,7.2
16/07/2016,2016,7,16, 7 , 198 ,10.2
17/07/2016,2016,7,17, 1 , 199 ,10.3
18/07/2016,2016,7,18, 2 , 200 ,8.8
19/07/2016,2016,7,19, 3 , 201 ,5.7
20/07/2016,2016,7,20, 4 , 202 ,9.2
21/07/2016,2016,7,21, 5 , 203 ,7.4
22/07/2016,2016,7,22, 6 , 204 ,5.1
23/07/2016,2016,7,23, 7 , 205 ,9
24/07/2016,2016,7,24, 1 , 206 ,10.3
25/07/2016,2016,7,25, 2 , 207 ,7.5
26/07/2016,2016,7,26, 3 , 208 ,7.2
27/07/2016,2016,7,27, 4 , 209 ,6.9
28/07/2016,2016,7,28, 5 , 210 ,6.3
29/07/2016,2016,7,29, 6 , 211 ,5
30/07/2016,2016,7,30, 7 , 212 ,8.5
31/07/2016,2016,7,31, 1 , 213 ,11.3
1/08/2016,2016,8,1, 2 , 214 ,5.2
2/08/2016,2016,8,2, 3 , 215 ,11.2
3/08/2016,2016,8,3, 4 , 216 ,8.4
4/08/2016,2016,8,4, 5 , 217 ,11.1
5/08/2016,2016,8,5, 6 , 218 ,8.7
6/08/2016,2016,8,6, 7 , 219 ,7
7/08/2016,2016,8,7, 1 , 220 ,10.4
8/08/2016,2016,8,8, 2 , 221 ,8
9/08/2016,2016,8,9, 3 , 222 ,7.8
10/08/2016,2016,8,10, 4 , 223 ,11.3
11/08/2016,2016,8,11, 5 , 224 ,10.3
12/08/2016,2016,8,12, 6 , 225 ,11.7
13/08/2016,2016,8,13, 7 , 226 ,9.5
14/08/2016,2016,8,14, 1 , 227 ,11.6
15/08/2016,2016,8,15, 2 , 228 ,13.4
16/08/2016,2016,8,16, 3 , 229 ,13.5
17/08/2016,2016,8,17, 4 , 230 ,9.6
18/08/2016,2016,8,18, 5 , 231 ,13.1
19/08/2016,2016,8,19, 6 , 232 ,2.7
20/08/2016,2016,8,20, 7 , 233 ,9.7
21/08/2016,2016,8,21, 1 , 234 ,7
22/08/2016,2016,8,22, 2 , 235 ,8.7
23/08/2016,2016,8,23, 3 , 236 ,14.2
24/08/2016,2016,8,24, 4 , 237 ,14
25/08/2016,2016,8,25, 5 , 238 ,13.5
26/08/2016,2016,8,26, 6 , 239 ,8.8
27/08/2016,2016,8,27, 7 , 240 ,11.7
28/08/2016,2016,8,28, 1 , 241 ,12.2
29/08/2016,2016,8,29, 2 , 242 ,14.2
30/08/2016,2016,8,30, 3 , 243 ,5.2
31/08/2016,2016,8,31, 4 , 244 ,10.1
1/09/2016,2016,9,1, 5 , 245 ,8.8
2/09/2016,2016,9,2, 6 , 246 ,9.6
3/09/2016,2016,9,3, 7 , 247 ,12.9
4/09/2016,2016,9,4, 1 , 248 ,10
5/09/2016,2016,9,5, 2 , 249 ,11.7
6/09/2016,2016,9,6, 3 , 250 ,15.8
7/09/2016,2016,9,7, 4 , 251 ,16.7
8/09/2016,2016,9,8, 5 , 252 ,16
9/09/2016,2016,9,9, 6 , 253 ,5.9
10/09/2016,2016,9,10, 7 , 254 ,7.9
11/09/2016,2016,9,11, 1 , 255 ,11.8
12/09/2016,2016,9,12, 2 , 256 ,7
13/09/2016,2016,9,13, 3 , 257 ,2.8
14/09/2016,2016,9,14, 4 , 258 ,13.2
15/09/2016,2016,9,15, 5 , 259 ,6.9
16/09/2016,2016,9,16, 6 , 260 ,12.5
17/09/2016,2016,9,17, 7 , 261 ,18.8
18/09/2016,2016,9,18, 1 , 262 ,5.5
19/09/2016,2016,9,19, 2 , 263 ,16.2
20/09/2016,2016,9,20, 3 , 264 ,18.5
21/09/2016,2016,9,21, 4 , 265 ,8.8
22/09/2016,2016,9,22, 5 , 266 ,9.9
23/09/2016,2016,9,23, 6 , 267 ,16.5
24/09/2016,2016,9,24, 7 , 268 ,18.4
25/09/2016,2016,9,25, 1 , 269 ,17.1
26/09/2016,2016,9,26, 2 , 270 ,13.6
27/09/2016,2016,9,27, 3 , 271 ,13.4
28/09/2016,2016,9,28, 4 , 272 ,19.6
29/09/2016,2016,9,29, 5 , 273 ,16.2
30/09/2016,2016,9,30, 6 , 274 ,16.6
1/10/2016,2016,10,1, 7 , 275 ,11.9
2/10/2016,2016,10,2, 1 , 276 ,18.7
3/10/2016,2016,10,3, 2 , 277 ,13.7
4/10/2016,2016,10,4, 3 , 278 ,13.2
5/10/2016,2016,10,5, 4 , 279 ,7.5
6/10/2016,2016,10,6, 5 , 280 ,22.6
7/10/2016,2016,10,7, 6 , 281 ,7.8
8/10/2016,2016,10,8, 7 , 282 ,23
9/10/2016,2016,10,9, 1 , 283 ,14.1
10/10/2016,2016,10,10, 2 , 284 ,18.4
11/10/2016,2016,10,11, 3 , 285 ,16.7
12/10/2016,2016,10,12, 4 , 286 ,12.9
13/10/2016,2016,10,13, 5 , 287 ,22.8
14/10/2016,2016,10,14, 6 , 288 ,24.5
15/10/2016,2016,10,15, 7 , 289 ,21.8
16/10/2016,2016,10,16, 1 , 290 ,8
17/10/2016,2016,10,17, 2 , 291 ,14.8
18/10/2016,2016,10,18, 3 , 292 ,16.5
19/10/2016,2016,10,19, 4 , 293 ,22.1
20/10/2016,2016,10,20, 5 , 294 ,25.6
21/10/2016,2016,10,21, 6 , 295 ,1.9
22/10/2016,2016,10,22, 7 , 296 ,16.9
23/10/2016,2016,10,23, 1 , 297 ,18.7
24/10/2016,2016,10,24, 2 , 298 ,20.3
25/10/2016,2016,10,25, 3 , 299 ,23.1
26/10/2016,2016,10,26, 4 , 300 ,9
27/10/2016,2016,10,27, 5 , 301 ,25.8
28/10/2016,2016,10,28, 6 , 302 ,26.5
29/10/2016,2016,10,29, 7 , 303 ,25.8
30/10/2016,2016,10,30, 1 , 304 ,19.5
31/10/2016,2016,10,31, 2 , 305 ,19
1/11/2016,2016,11,1, 3 , 306 ,17.7
2/11/2016,2016,11,2, 4 , 307 ,13.3
3/11/2016,2016,11,3, 5 , 308 ,28
4/11/2016,2016,11,4, 6 , 309 ,24.9
5/11/2016,2016,11,5, 7 , 310 ,10.8
6/11/2016,2016,11,6, 1 , 311 ,25.2
7/11/2016,2016,11,7, 2 , 312 ,15.9
8/11/2016,2016,11,8, 3 , 313 ,28.9
9/11/2016,2016,11,9, 4 , 314 ,22
10/11/2016,2016,11,10, 5 , 315 ,20.3
11/11/2016,2016,11,11, 6 , 316 ,29.1
12/11/2016,2016,11,12, 7 , 317 ,17
13/11/2016,2016,11,13, 1 , 318 ,9.7
14/11/2016,2016,11,14, 2 , 319 ,14.8
15/11/2016,2016,11,15, 3 , 320 ,17.1
16/11/2016,2016,11,16, 4 , 321 ,25.8
17/11/2016,2016,11,17, 5 , 322 ,28.8
18/11/2016,2016,11,18, 6 , 323 ,15.6
19/11/2016,2016,11,19, 7 , 324 ,29.9
20/11/2016,2016,11,20, 1 , 325 ,22.1
21/11/2016,2016,11,21, 2 , 326 ,19.8
22/11/2016,2016,11,22, 3 , 327 ,1.5
23/11/2016,2016,11,23, 4 , 328 ,16.9
24/11/2016,2016,11,24, 5 , 329 ,21.6
25/11/2016,2016,11,25, 6 , 330 ,15.7
26/11/2016,2016,11,26, 7 , 331 ,18.8
27/11/2016,2016,11,27, 1 , 332 ,10.1
28/11/2016,2016,11,28, 2 , 333 ,24.4
29/11/2016,2016,11,29, 3 , 334 ,31
30/11/2016,2016,11,30, 4 , 335 ,9.6
1/12/2016,2016,12,1, 5 , 336 ,28
2/12/2016,2016,12,2, 6 , 337 ,29.7
3/12/2016,2016,12,3, 7 , 338 ,31.2
4/12/2016,2016,12,4, 1 , 339 ,14.1
5/12/2016,2016,12,5, 2 , 340 ,21.6
6/12/2016,2016,12,6, 3 , 341 ,24.2
7/12/2016,2016,12,7, 4 , 342 ,30.8
8/12/2016,2016,12,8, 5 , 343 ,11.6
9/12/2016,2016,12,9, 6 , 344 ,23.2
10/12/2016,2016,12,10, 7 , 345 ,24.2
11/12/2016,2016,12,11, 1 , 346 ,27
12/12/2016,2016,12,12, 2 , 347 ,30
13/12/2016,2016,12,13, 3 , 348 ,14.1
14/12/2016,2016,12,14, 4 , 349 ,21.3
15/12/2016,2016,12,15, 5 , 350 ,30.8
16/12/2016,2016,12,16, 6 , 351 ,20.5
17/12/2016,2016,12,17, 7 , 352 ,22.5
18/12/2016,2016,12,18, 1 , 353 ,30.3
19/12/2016,2016,12,19, 2 , 354 ,29.3
20/12/2016,2016,12,20, 3 , 355 ,26
21/12/2016,2016,12,21, 4 , 356 ,28.8
22/12/2016,2016,12,22, 5 , 357 ,29.6
23/12/2016,2016,12,23, 6 , 358 ,28.7
24/12/2016,2016,12,24, 7 , 359 ,26.3
25/12/2016,2016,12,25, 1 , 360 ,32.3
26/12/2016,2016,12,26, 2 , 361 ,10.2
27/12/2016,2016,12,27, 3 , 362 ,5.8
28/12/2016,2016,12,28, 4 , 363 ,15.1
29/12/2016,2016,12,29, 5 , 364 ,15.7
30/12/2016,2016,12,30, 6 , 365 ,28.8
31/12/2016,2016,12,31, 7 , 366 ,30.8
1/01/2017,2017,1,1, 1 , 1 ,8.5
2/01/2017,2017,1,2, 2 , 2 ,7.8
3/01/2017,2017,1,3, 3 , 3 ,25.9
4/01/2017,2017,1,4, 4 , 4 ,31.6
5/01/2017,2017,1,5, 5 , 5 ,29.7
6/01/2017,2017,1,6, 6 , 6 ,30.1
7/01/2017,2017,1,7, 7 , 7 ,28.5
8/01/2017,2017,1,8, 1 , 8 ,29.3
9/01/2017,2017,1,9, 2 , 9 ,14.3
10/01/2017,2017,1,10, 3 , 10 ,28.6
11/01/2017,2017,1,11, 4 , 11 ,25.9
12/01/2017,2017,1,12, 5 , 12 ,30.7
13/01/2017,2017,1,13, 6 , 13 ,1.3
14/01/2017,2017,1,14, 7 , 14 ,16.5
15/01/2017,2017,1,15, 1 , 15 ,22.7
16/01/2017,2017,1,16, 2 , 16 ,30.5
17/01/2017,2017,1,17, 3 , 17 ,25.5
18/01/2017,2017,1,18, 4 , 18 ,27.5
19/01/2017,2017,1,19, 5 , 19 ,29.7
20/01/2017,2017,1,20, 6 , 20 ,13.2
21/01/2017,2017,1,21, 7 , 21 ,25.1
22/01/2017,2017,1,22, 1 , 22 ,30.3
23/01/2017,2017,1,23, 2 , 23 ,19.2
24/01/2017,2017,1,24, 3 , 24 ,27.6
25/01/2017,2017,1,25, 4 , 25 ,29.8
26/01/2017,2017,1,26, 5 , 26 ,16.9
27/01/2017,2017,1,27, 6 , 27 ,29.3
28/01/2017,2017,1,28, 7 , 28 ,29.2
29/01/2017,2017,1,29, 1 , 29 ,29.4
30/01/2017,2017,1,30, 2 , 30 ,3.7
31/01/2017,2017,1,31, 3 , 31 ,26.8
1/02/2017,2017,2,1, 4 , 32 ,9.3
2/02/2017,2017,2,2, 5 , 33 ,28.2
3/02/2017,2017,2,3, 6 , 34 ,28.1
4/02/2017,2017,2,4, 7 , 35 ,27.3
5/02/2017,2017,2,5, 1 , 36 ,9.3
6/02/2017,2017,2,6, 2 , 37 ,3.9
7/02/2017,2017,2,7, 3 , 38 ,27.9
8/02/2017,2017,2,8, 4 , 39 ,27.7
9/02/2017,2017,2,9, 5 , 40 ,24.4
10/02/2017,2017,2,10, 6 , 41 ,21.3
11/02/2017,2017,2,11, 7 , 42 ,21
12/02/2017,2017,2,12, 1 , 43 ,12.6
13/02/2017,2017,2,13, 2 , 44 ,20.5
14/02/2017,2017,2,14, 3 , 45 ,15.6
15/02/2017,2017,2,15, 4 , 46 ,26
16/02/2017,2017,2,16, 5 , 47 ,23.2
17/02/2017,2017,2,17, 6 , 48 ,18.4
18/02/2017,2017,2,18, 7 , 49 ,16.1
19/02/2017,2017,2,19, 1 , 50 ,9.9
20/02/2017,2017,2,20, 2 , 51 ,22.4
21/02/2017,2017,2,21, 3 , 52 ,25
22/02/2017,2017,2,22, 4 , 53 ,23.1
23/02/2017,2017,2,23, 5 , 54 ,23.5
24/02/2017,2017,2,24, 6 , 55 ,13.2
25/02/2017,2017,2,25, 7 , 56 ,23.9
26/02/2017,2017,2,26, 1 , 57 ,24.2
27/02/2017,2017,2,27, 2 , 58 ,23.9
28/02/2017,2017,2,28, 3 , 59 ,23.6
1/03/2017,2017,3,1, 4 , 60 ,23.7
2/03/2017,2017,3,2, 5 , 61 ,22
3/03/2017,2017,3,3, 6 , 62 ,18.1
4/03/2017,2017,3,4, 7 , 63 ,23
5/03/2017,2017,3,5, 1 , 64 ,16.8
6/03/2017,2017,3,6, 2 , 65 ,22.3
7/03/2017,2017,3,7, 3 , 66 ,22.4
8/03/2017,2017,3,8, 4 , 67 ,22.1
9/03/2017,2017,3,9, 5 , 68 ,21.1
10/03/2017,2017,3,10, 6 , 69 ,19.4
11/03/2017,2017,3,11, 7 , 70 ,13.9
12/03/2017,2017,3,12, 1 , 71 ,19.6
13/03/2017,2017,3,13, 2 , 72 ,20.7
14/03/2017,2017,3,14, 3 , 73 ,20.8
15/03/2017,2017,3,15, 4 , 74 ,18.9
16/03/2017,2017,3,16, 5 , 75 ,4.8
17/03/2017,2017,3,17, 6 , 76 ,20.1
18/03/2017,2017,3,18, 7 , 77 ,19.9
19/03/2017,2017,3,19, 1 , 78 ,19.7
20/03/2017,2017,3,20, 2 , 79 ,11.3
21/03/2017,2017,3,21, 3 , 80 ,6.1
22/03/2017,2017,3,22, 4 , 81 ,7.3
23/03/2017,2017,3,23, 5 , 82 ,17.2
24/03/2017,2017,3,24, 6 , 83 ,16.1
25/03/2017,2017,3,25, 7 , 84 ,13.5
26/03/2017,2017,3,26, 1 , 85 ,14.6
27/03/2017,2017,3,27, 2 , 86 ,7.6
28/03/2017,2017,3,28, 3 , 87 ,17.8
29/03/2017,2017,3,29, 4 , 88 ,14.7
30/03/2017,2017,3,30, 5 , 89 ,13
31/03/2017,2017,3,31, 6 , 90 ,12.3
1/04/2017,2017,4,1, 7 , 91 ,13.5
2/04/2017,2017,4,2, 1 , 92 ,10.1
3/04/2017,2017,4,3, 2 , 93 ,16.8
4/04/2017,2017,4,4, 3 , 94 ,16.4
5/04/2017,2017,4,5, 4 , 95 ,15.8
6/04/2017,2017,4,6, 5 , 96 ,13.5
7/04/2017,2017,4,7, 6 , 97 ,15.6
8/04/2017,2017,4,8, 7 , 98 ,13.8
9/04/2017,2017,4,9, 1 , 99 ,6.5
10/04/2017,2017,4,10, 2 , 100 ,3
11/04/2017,2017,4,11, 3 , 101 ,13.5
12/04/2017,2017,4,12, 4 , 102 ,14
13/04/2017,2017,4,13, 5 , 103 ,13.9
14/04/2017,2017,4,14, 6 , 104 ,8.9
15/04/2017,2017,4,15, 7 , 105 ,9.7
16/04/2017,2017,4,16, 1 , 106 ,10.1
17/04/2017,2017,4,17, 2 , 107 ,10.9
18/04/2017,2017,4,18, 3 , 108 ,13.7
19/04/2017,2017,4,19, 4 , 109 ,12.7
20/04/2017,2017,4,20, 5 , 110 ,12.4
21/04/2017,2017,4,21, 6 , 111 ,3.6
22/04/2017,2017,4,22, 7 , 112 ,11.8
23/04/2017,2017,4,23, 1 , 113 ,11.9
24/04/2017,2017,4,24, 2 , 114 ,9.9
25/04/2017,2017,4,25, 3 , 115 ,5.8
26/04/2017,2017,4,26, 4 , 116 ,6.4
27/04/2017,2017,4,27, 5 , 117 ,7.1
28/04/2017,2017,4,28, 6 , 118 ,6
29/04/2017,2017,4,29, 7 , 119 ,7.9
30/04/2017,2017,4,30, 1 , 120 ,7.3
1/05/2017,2017,5,1, 2 , 121 ,8.7
2/05/2017,2017,5,2, 3 , 122 ,9.4
3/05/2017,2017,5,3, 4 , 123 ,10.8
4/05/2017,2017,5,4, 5 , 124 ,12
5/05/2017,2017,5,5, 6 , 125 ,10.6
6/05/2017,2017,5,6, 7 , 126 ,6.1
7/05/2017,2017,5,7, 1 , 127 ,9.4
8/05/2017,2017,5,8, 2 , 128 ,7.2
9/05/2017,2017,5,9, 3 , 129 ,7.3
10/05/2017,2017,5,10, 4 , 130 ,11.3
11/05/2017,2017,5,11, 5 , 131 ,8.6
12/05/2017,2017,5,12, 6 , 132 ,9.9
13/05/2017,2017,5,13, 7 , 133 ,10.1
14/05/2017,2017,5,14, 1 , 134 ,7.7
15/05/2017,2017,5,15, 2 , 135 ,8.2
16/05/2017,2017,5,16, 3 , 136 ,9
17/05/2017,2017,5,17, 4 , 137 ,3.8
18/05/2017,2017,5,18, 5 , 138 ,9.8
19/05/2017,2017,5,19, 6 , 139 ,2.5
20/05/2017,2017,5,20, 7 , 140 ,9.8
21/05/2017,2017,5,21, 1 , 141 ,6.8
22/05/2017,2017,5,22, 2 , 142 ,10.1
23/05/2017,2017,5,23, 3 , 143 ,7.4
24/05/2017,2017,5,24, 4 , 144 ,8
25/05/2017,2017,5,25, 5 , 145 ,5.7
26/05/2017,2017,5,26, 6 , 146 ,8.2
27/05/2017,2017,5,27, 7 , 147 ,8.3
28/05/2017,2017,5,28, 1 , 148 ,7.6
29/05/2017,2017,5,29, 2 , 149 ,8
30/05/2017,2017,5,30, 3 , 150 ,6.9
31/05/2017,2017,5,31, 4 , 151 ,8.5
1/06/2017,2017,6,1, 5 , 152 ,4.7
2/06/2017,2017,6,2, 6 , 153 ,7.3
3/06/2017,2017,6,3, 7 , 154 ,8.3
4/06/2017,2017,6,4, 1 , 155 ,9.3
5/06/2017,2017,6,5, 2 , 156 ,5
6/06/2017,2017,6,6, 3 , 157 ,6.3
7/06/2017,2017,6,7, 4 , 158 ,9.2
8/06/2017,2017,6,8, 5 , 159 ,7.2
9/06/2017,2017,6,9, 6 , 160 ,7.8
10/06/2017,2017,6,10, 7 , 161 ,8.9
11/06/2017,2017,6,11, 1 , 162 ,8.6
12/06/2017,2017,6,12, 2 , 163 ,5.1
13/06/2017,2017,6,13, 3 , 164 ,6.6
14/06/2017,2017,6,14, 4 , 165 ,8.9
15/06/2017,2017,6,15, 5 , 166 ,7.4
16/06/2017,2017,6,16, 6 , 167 ,8.9
17/06/2017,2017,6,17, 7 , 168 ,9.2
18/06/2017,2017,6,18, 1 , 169 ,7.9
19/06/2017,2017,6,19, 2 , 170 ,6
20/06/2017,2017,6,20, 3 , 171 ,9.2
21/06/2017,2017,6,21, 4 , 172 ,5
22/06/2017,2017,6,22, 5 , 173 ,6.7
23/06/2017,2017,6,23, 6 , 174 ,8.2
24/06/2017,2017,6,24, 7 , 175 ,7.3
25/06/2017,2017,6,25, 1 , 176 ,5.3
26/06/2017,2017,6,26, 2 , 177 ,7.8
27/06/2017,2017,6,27, 3 , 178 ,4.4
28/06/2017,2017,6,28, 4 , 179 ,5.4
29/06/2017,2017,6,29, 5 , 180 ,5
30/06/2017,2017,6,30, 6 , 181 ,8.4
1/07/2017,2017,7,1, 7 , 182 ,9.3
2/07/2017,2017,7,2, 1 , 183 ,9.2
3/07/2017,2017,7,3, 2 , 184 ,3.9
4/07/2017,2017,7,4, 3 , 185 ,6.4
5/07/2017,2017,7,5, 4 , 186 ,6.5
6/07/2017,2017,7,6, 5 , 187 ,8.7
7/07/2017,2017,7,7, 6 , 188 ,9.4
8/07/2017,2017,7,8, 7 , 189 ,5.1
9/07/2017,2017,7,9, 1 , 190 ,7.3
10/07/2017,2017,7,10, 2 , 191 ,5.7
11/07/2017,2017,7,11, 3 , 192 ,9.7
12/07/2017,2017,7,12, 4 , 193 ,9.8
13/07/2017,2017,7,13, 5 , 194 ,5.5
14/07/2017,2017,7,14, 6 , 195 ,8.6
15/07/2017,2017,7,15, 7 , 196 ,9.4
16/07/2017,2017,7,16, 1 , 197 ,7.8
17/07/2017,2017,7,17, 2 , 198 ,6.3
18/07/2017,2017,7,18, 3 , 199 ,5.8
19/07/2017,2017,7,19, 4 , 200 ,7.7
20/07/2017,2017,7,20, 5 , 201 ,5.9
21/07/2017,2017,7,21, 6 , 202 ,10.3
22/07/2017,2017,7,22, 7 , 203 ,7
23/07/2017,2017,7,23, 1 , 204 ,5.4
24/07/2017,2017,7,24, 2 , 205 ,8.3
25/07/2017,2017,7,25, 3 , 206 ,9
26/07/2017,2017,7,26, 4 , 207 ,8.7
27/07/2017,2017,7,27, 5 , 208 ,8.7
28/07/2017,2017,7,28, 6 , 209 ,9.8
29/07/2017,2017,7,29, 7 , 210 ,10.1
30/07/2017,2017,7,30, 1 , 211 ,8.3
31/07/2017,2017,7,31, 2 , 212 ,11.5
1/08/2017,2017,8,1, 3 , 213 ,11.5
2/08/2017,2017,8,2, 4 , 214 ,7.5
3/08/2017,2017,8,3, 5 , 215 ,4.4
4/08/2017,2017,8,4, 6 , 216 ,7.2
5/08/2017,2017,8,5, 7 , 217 ,11.7
6/08/2017,2017,8,6, 1 , 218 ,8.2
7/08/2017,2017,8,7, 2 , 219 ,7.3
8/08/2017,2017,8,8, 3 , 220 ,7.5
9/08/2017,2017,8,9, 4 , 221 ,11.5
10/08/2017,2017,8,10, 5 , 222 ,8.4
11/08/2017,2017,8,11, 6 , 223 ,9.3
12/08/2017,2017,8,12, 7 , 224 ,9.9
13/08/2017,2017,8,13, 1 , 225 ,11.1
14/08/2017,2017,8,14, 2 , 226 ,12.6
15/08/2017,2017,8,15, 3 , 227 ,3.2
16/08/2017,2017,8,16, 4 , 228 ,10.9
17/08/2017,2017,8,17, 5 , 229 ,9.1
18/08/2017,2017,8,18, 6 , 230 ,9.4
19/08/2017,2017,8,19, 7 , 231 ,11.6
20/08/2017,2017,8,20, 1 , 232 ,13.9
21/08/2017,2017,8,21, 2 , 233 ,7.9
22/08/2017,2017,8,22, 3 , 234 ,11.1
23/08/2017,2017,8,23, 4 , 235 ,9.7
24/08/2017,2017,8,24, 5 , 236 ,13
25/08/2017,2017,8,25, 6 , 237 ,13.3
26/08/2017,2017,8,26, 7 , 238 ,8.5
27/08/2017,2017,8,27, 1 , 239 ,11.8
28/08/2017,2017,8,28, 2 , 240 ,14.6
29/08/2017,2017,8,29, 3 , 241 ,9.1
30/08/2017,2017,8,30, 4 , 242 ,12.3
31/08/2017,2017,8,31, 5 , 243 ,15.9
1/09/2017,2017,9,1, 6 , 244 ,14.4
2/09/2017,2017,9,2, 7 , 245 ,6.3
3/09/2017,2017,9,3, 1 , 246 ,6.3
4/09/2017,2017,9,4, 2 , 247 ,13.4
5/09/2017,2017,9,5, 3 , 248 ,11
6/09/2017,2017,9,6, 4 , 249 ,11
7/09/2017,2017,9,7, 5 , 250 ,9.5
8/09/2017,2017,9,8, 6 , 251 ,13.1
9/09/2017,2017,9,9, 7 , 252 ,15.9
10/09/2017,2017,9,10, 1 , 253 ,12.3
11/09/2017,2017,9,11, 2 , 254 ,7
12/09/2017,2017,9,12, 3 , 255 ,3.5
13/09/2017,2017,9,13, 4 , 256 ,8.2
14/09/2017,2017,9,14, 5 , 257 ,10.8
15/09/2017,2017,9,15, 6 , 258 ,7
16/09/2017,2017,9,16, 7 , 259 ,16.7
17/09/2017,2017,9,17, 1 , 260 ,19
18/09/2017,2017,9,18, 2 , 261 ,15.7
19/09/2017,2017,9,19, 3 , 262 ,16.6
20/09/2017,2017,9,20, 4 , 263 ,17.3
21/09/2017,2017,9,21, 5 , 264 ,13
22/09/2017,2017,9,22, 6 , 265 ,15.6
23/09/2017,2017,9,23, 7 , 266 ,17.3
24/09/2017,2017,9,24, 1 , 267 ,12
25/09/2017,2017,9,25, 2 , 268 ,10.9
26/09/2017,2017,9,26, 3 , 269 ,20.4
27/09/2017,2017,9,27, 4 , 270 ,11.7
28/09/2017,2017,9,28, 5 , 271 ,12.8
29/09/2017,2017,9,29, 6 , 272 ,14.5
30/09/2017,2017,9,30, 7 , 273 ,16.1
1/10/2017,2017,10,1, 1 , 274 ,9.2
2/10/2017,2017,10,2, 2 , 275 ,16.4
3/10/2017,2017,10,3, 3 , 276 ,21.8
4/10/2017,2017,10,4, 4 , 277 ,21.6
5/10/2017,2017,10,5, 5 , 278 ,10.4
6/10/2017,2017,10,6, 6 , 279 ,16.8
7/10/2017,2017,10,7, 7 , 280 ,17.3
8/10/2017,2017,10,8, 1 , 281 ,19.5
9/10/2017,2017,10,9, 2 , 282 ,16.7
10/10/2017,2017,10,10, 3 , 283 ,23.6
11/10/2017,2017,10,11, 4 , 284 ,7.5
12/10/2017,2017,10,12, 5 , 285 ,15.6
13/10/2017,2017,10,13, 6 , 286 ,12.5
14/10/2017,2017,10,14, 7 , 287 ,23.6
15/10/2017,2017,10,15, 1 , 288 ,24.5
16/10/2017,2017,10,16, 2 , 289 ,23.8
17/10/2017,2017,10,17, 3 , 290 ,24.9
18/10/2017,2017,10,18, 4 , 291 ,25.1
19/10/2017,2017,10,19, 5 , 292 ,9.8
20/10/2017,2017,10,20, 6 , 293 ,24
21/10/2017,2017,10,21, 7 , 294 ,12.8
22/10/2017,2017,10,22, 1 , 295 ,13
23/10/2017,2017,10,23, 2 , 296 ,21.8
24/10/2017,2017,10,24, 3 , 297 ,18.7
25/10/2017,2017,10,25, 4 , 298 ,12.5
26/10/2017,2017,10,26, 5 , 299 ,12.2
27/10/2017,2017,10,27, 6 , 300 ,26.1
28/10/2017,2017,10,28, 7 , 301 ,16.8
29/10/2017,2017,10,29, 1 , 302 ,27.1
30/10/2017,2017,10,30, 2 , 303 ,17
31/10/2017,2017,10,31, 3 , 304 ,24.8
1/11/2017,2017,11,1, 4 , 305 ,14.2
2/11/2017,2017,11,2, 5 , 306 ,17
3/11/2017,2017,11,3, 6 , 307 ,20.5
4/11/2017,2017,11,4, 7 , 308 ,24.6
5/11/2017,2017,11,5, 1 , 309 ,24.1
6/11/2017,2017,11,6, 2 , 310 ,18.9
7/11/2017,2017,11,7, 3 , 311 ,18.8
8/11/2017,2017,11,8, 4 , 312 ,25.4
9/11/2017,2017,11,9, 5 , 313 ,28.8
10/11/2017,2017,11,10, 6 , 314 ,23.7
11/11/2017,2017,11,11, 7 , 315 ,28.8
12/11/2017,2017,11,12, 1 , 316 ,25
13/11/2017,2017,11,13, 2 , 317 ,29.5
14/11/2017,2017,11,14, 3 , 318 ,29.5
15/11/2017,2017,11,15, 4 , 319 ,16.9
16/11/2017,2017,11,16, 5 , 320 ,4.8
17/11/2017,2017,11,17, 6 , 321 ,22.9
18/11/2017,2017,11,18, 7 , 322 ,20.1
19/11/2017,2017,11,19, 1 , 323 ,27.5
20/11/2017,2017,11,20, 2 , 324 ,28.6
21/11/2017,2017,11,21, 3 , 325 ,29.5
22/11/2017,2017,11,22, 4 , 326 ,30.6
23/11/2017,2017,11,23, 5 , 327 ,18.9
24/11/2017,2017,11,24, 6 , 328 ,13.8
25/11/2017,2017,11,25, 7 , 329 ,17
26/11/2017,2017,11,26, 1 , 330 ,0
27/11/2017,2017,11,27, 2 , 331 ,20.5
28/11/2017,2017,11,28, 3 , 332 ,31.1
29/11/2017,2017,11,29, 4 , 333 ,28.3
30/11/2017,2017,11,30, 5 , 334 ,23.1
1/12/2017,2017,12,1, 6 , 335 ,1.6
2/12/2017,2017,12,2, 7 , 336 ,0.7
3/12/2017,2017,12,3, 1 , 337 ,14.4
4/12/2017,2017,12,4, 2 , 338 ,7.9
5/12/2017,2017,12,5, 3 , 339 ,22.9
6/12/2017,2017,12,6, 4 , 340 ,23.6
7/12/2017,2017,12,7, 5 , 341 ,19.8
8/12/2017,2017,12,8, 6 , 342 ,28.5
9/12/2017,2017,12,9, 7 , 343 ,19.2
10/12/2017,2017,12,10, 1 , 344 ,31.4
11/12/2017,2017,12,11, 2 , 345 ,26.3
12/12/2017,2017,12,12, 3 , 346 ,31.3
13/12/2017,2017,12,13, 4 , 347 ,32
14/12/2017,2017,12,14, 5 , 348 ,21.7
15/12/2017,2017,12,15, 6 , 349 ,32.1
16/12/2017,2017,12,16, 7 , 350 ,31
17/12/2017,2017,12,17, 1 , 351 ,30.5
18/12/2017,2017,12,18, 2 , 352 ,22.1
19/12/2017,2017,12,19, 3 , 353 ,12.1
20/12/2017,2017,12,20, 4 , 354 ,19
21/12/2017,2017,12,21, 5 , 355 ,31.9
22/12/2017,2017,12,22, 6 , 356 ,26.6
23/12/2017,2017,12,23, 7 , 357 ,21.2
24/12/2017,2017,12,24, 1 , 358 ,25.7
25/12/2017,2017,12,25, 2 , 359 ,29
26/12/2017,2017,12,26, 3 , 360 ,31.9
27/12/2017,2017,12,27, 4 , 361 ,30.6
28/12/2017,2017,12,28, 5 , 362 ,13.5
29/12/2017,2017,12,29, 6 , 363 ,9.3
30/12/2017,2017,12,30, 7 , 364 ,13.6
31/12/2017,2017,12,31, 1 , 365 ,31.7
1/01/2018,2018,1,1, 2 , 1 ,31.4
2/01/2018,2018,1,2, 3 , 2 ,29.7
3/01/2018,2018,1,3, 4 , 3 ,27.2
4/01/2018,2018,1,4, 5 , 4 ,31.8
5/01/2018,2018,1,5, 6 , 5 ,31.7
6/01/2018,2018,1,6, 7 , 6 ,31.5
7/01/2018,2018,1,7, 1 , 7 ,11
8/01/2018,2018,1,8, 2 , 8 ,17.5
9/01/2018,2018,1,9, 3 , 9 ,30
10/01/2018,2018,1,10, 4 , 10 ,23.5
11/01/2018,2018,1,11, 5 , 11 ,28.6
12/01/2018,2018,1,12, 6 , 12 ,1.7
13/01/2018,2018,1,13, 7 , 13 ,10.7
14/01/2018,2018,1,14, 1 , 14 ,27.5
15/01/2018,2018,1,15, 2 , 15 ,21.1
16/01/2018,2018,1,16, 3 , 16 ,31.1
17/01/2018,2018,1,17, 4 , 17 ,30.9
18/01/2018,2018,1,18, 5 , 18 ,30.8
19/01/2018,2018,1,19, 6 , 19 ,30.6
20/01/2018,2018,1,20, 7 , 20 ,20.2
21/01/2018,2018,1,21, 1 , 21 ,14.9
22/01/2018,2018,1,22, 2 , 22 ,27.3
23/01/2018,2018,1,23, 3 , 23 ,28.3
24/01/2018,2018,1,24, 4 , 24 ,27.5
25/01/2018,2018,1,25, 5 , 25 ,28.1
26/01/2018,2018,1,26, 6 , 26 ,19.9
27/01/2018,2018,1,27, 7 , 27 ,27.5
28/01/2018,2018,1,28, 1 , 28 ,28.5
29/01/2018,2018,1,29, 2 , 29 ,7.3
30/01/2018,2018,1,30, 3 , 30 ,14.1
31/01/2018,2018,1,31, 4 , 31 ,19.6
1/02/2018,2018,2,1, 5 , 32 ,28.9
2/02/2018,2018,2,2, 6 , 33 ,28.4
3/02/2018,2018,2,3, 7 , 34 ,26.7
4/02/2018,2018,2,4, 1 , 35 ,28.5
5/02/2018,2018,2,5, 2 , 36 ,24
6/02/2018,2018,2,6, 3 , 37 ,27.6
7/02/2018,2018,2,7, 4 , 38 ,27.1
8/02/2018,2018,2,8, 5 , 39 ,15.8
9/02/2018,2018,2,9, 6 , 40 ,17.2
10/02/2018,2018,2,10, 7 , 41 ,6.6
11/02/2018,2018,2,11, 1 , 42 ,18.5
12/02/2018,2018,2,12, 2 , 43 ,22.2
13/02/2018,2018,2,13, 3 , 44 ,26
14/02/2018,2018,2,14, 4 , 45 ,22.8
15/02/2018,2018,2,15, 5 , 46 ,18.4
16/02/2018,2018,2,16, 6 , 47 ,24.8
17/02/2018,2018,2,17, 7 , 48 ,24.1
18/02/2018,2018,2,18, 1 , 49 ,20.5
19/02/2018,2018,2,19, 2 , 50 ,20.9
20/02/2018,2018,2,20, 3 , 51 ,25.5
21/02/2018,2018,2,21, 4 , 52 ,16
22/02/2018,2018,2,22, 5 , 53 ,16.8
23/02/2018,2018,2,23, 6 , 54 ,13.4
24/02/2018,2018,2,24, 7 , 55 ,4.8
25/02/2018,2018,2,25, 1 , 56 ,10
26/02/2018,2018,2,26, 2 , 57 ,24.3
27/02/2018,2018,2,27, 3 , 58 ,24
28/02/2018,2018,2,28, 4 , 59 ,19.6
1/03/2018,2018,3,1, 5 , 60 ,17.7
2/03/2018,2018,3,2, 6 , 61 ,19.6
3/03/2018,2018,3,3, 7 , 62 ,21.8
4/03/2018,2018,3,4, 1 , 63 ,22.2
5/03/2018,2018,3,5, 2 , 64 ,16.6
6/03/2018,2018,3,6, 3 , 65 ,22.6
7/03/2018,2018,3,7, 4 , 66 ,22.4
8/03/2018,2018,3,8, 5 , 67 ,22.1
9/03/2018,2018,3,9, 6 , 68 ,21.9
10/03/2018,2018,3,10, 7 , 69 ,21.6
11/03/2018,2018,3,11, 1 , 70 ,14.3
12/03/2018,2018,3,12, 2 , 71 ,10.2
13/03/2018,2018,3,13, 3 , 72 ,18.8
14/03/2018,2018,3,14, 4 , 73 ,17.7
15/03/2018,2018,3,15, 5 , 74 ,13.9
16/03/2018,2018,3,16, 6 , 75 ,15
17/03/2018,2018,3,17, 7 , 76 ,15.1
18/03/2018,2018,3,18, 1 , 77 ,13.4
19/03/2018,2018,3,19, 2 , 78 ,17.8
20/03/2018,2018,3,20, 3 , 79 ,9.5
21/03/2018,2018,3,21, 4 , 80 ,18.3
22/03/2018,2018,3,22, 5 , 81 ,19
23/03/2018,2018,3,23, 6 , 82 ,18.8
24/03/2018,2018,3,24, 7 , 83 ,5.4
25/03/2018,2018,3,25, 1 , 84 ,11.6
26/03/2018,2018,3,26, 2 , 85 ,11.9
27/03/2018,2018,3,27, 3 , 86 ,14
28/03/2018,2018,3,28, 4 , 87 ,17.8
29/03/2018,2018,3,29, 5 , 88 ,14.2
30/03/2018,2018,3,30, 6 , 89 ,14.3
31/03/2018,2018,3,31, 7 , 90 ,16.7
1/04/2018,2018,4,1, 1 , 91 ,11
2/04/2018,2018,4,2, 2 , 92 ,14.4
3/04/2018,2018,4,3, 3 , 93 ,13.9
4/04/2018,2018,4,4, 4 , 94 ,16.6
5/04/2018,2018,4,5, 5 , 95 ,9
6/04/2018,2018,4,6, 6 , 96 ,14.8
7/04/2018,2018,4,7, 7 , 97 ,16
8/04/2018,2018,4,8, 1 , 98 ,14.7
9/04/2018,2018,4,9, 2 , 99 ,13.6
10/04/2018,2018,4,10, 3 , 100 ,5.9
11/04/2018,2018,4,11, 4 , 101 ,10.9
12/04/2018,2018,4,12, 5 , 102 ,7.4
13/04/2018,2018,4,13, 6 , 103 ,14.4
14/04/2018,2018,4,14, 7 , 104 ,3.1
15/04/2018,2018,4,15, 1 , 105 ,4.9
16/04/2018,2018,4,16, 2 , 106 ,7.1
17/04/2018,2018,4,17, 3 , 107 ,8.9
18/04/2018,2018,4,18, 4 , 108 ,14.2
19/04/2018,2018,4,19, 5 , 109 ,13
20/04/2018,2018,4,20, 6 , 110 ,13.7
21/04/2018,2018,4,21, 7 , 111 ,11.3
22/04/2018,2018,4,22, 1 , 112 ,12.6
23/04/2018,2018,4,23, 2 , 113 ,13
24/04/2018,2018,4,24, 3 , 114 ,5.2
25/04/2018,2018,4,25, 4 , 115 ,7.7
26/04/2018,2018,4,26, 5 , 116 ,7.9
27/04/2018,2018,4,27, 6 , 117 ,8.8
28/04/2018,2018,4,28, 7 , 118 ,11.7
29/04/2018,2018,4,29, 1 , 119 ,9.6
30/04/2018,2018,4,30, 2 , 120 ,12.3
1/05/2018,2018,5,1, 3 , 121 ,12.3
2/05/2018,2018,5,2, 4 , 122 ,7.2
3/05/2018,2018,5,3, 5 , 123 ,4.4
4/05/2018,2018,5,4, 6 , 124 ,7.8
5/05/2018,2018,5,5, 7 , 125 ,6.5
6/05/2018,2018,5,6, 1 , 126 ,11
7/05/2018,2018,5,7, 2 , 127 ,6.2
8/05/2018,2018,5,8, 3 , 128 ,10.6
9/05/2018,2018,5,9, 4 , 129 ,7.5
10/05/2018,2018,5,10, 5 , 130 ,8.5
11/05/2018,2018,5,11, 6 , 131 ,3.7
12/05/2018,2018,5,12, 7 , 132 ,9
13/05/2018,2018,5,13, 1 , 133 ,10.8
14/05/2018,2018,5,14, 2 , 134 ,8.2
15/05/2018,2018,5,15, 3 , 135 ,4.6
16/05/2018,2018,5,16, 4 , 136 ,7.6
17/05/2018,2018,5,17, 5 , 137 ,6.9
18/05/2018,2018,5,18, 6 , 138 ,8
19/05/2018,2018,5,19, 7 , 139 ,6.5
20/05/2018,2018,5,20, 1 , 140 ,1.7
21/05/2018,2018,5,21, 2 , 141 ,5
22/05/2018,2018,5,22, 3 , 142 ,3.6
23/05/2018,2018,5,23, 4 , 143 ,6.5
24/05/2018,2018,5,24, 5 , 144 ,5.1
25/05/2018,2018,5,25, 6 , 145 ,9.5
26/05/2018,2018,5,26, 7 , 146 ,9.9
27/05/2018,2018,5,27, 1 , 147 ,8
28/05/2018,2018,5,28, 2 , 148 ,6
29/05/2018,2018,5,29, 3 , 149 ,8.1
30/05/2018,2018,5,30, 4 , 150 ,7.9
31/05/2018,2018,5,31, 5 , 151 ,7.6
1/06/2018,2018,6,1, 6 , 152 ,9.6
2/06/2018,2018,6,2, 7 , 153 ,9.6
3/06/2018,2018,6,3, 1 , 154 ,8.5
4/06/2018,2018,6,4, 2 , 155 ,9.3
5/06/2018,2018,6,5, 3 , 156 ,8.8
6/06/2018,2018,6,6, 4 , 157 ,9.4
7/06/2018,2018,6,7, 5 , 158 ,5.7
8/06/2018,2018,6,8, 6 , 159 ,3.3
9/06/2018,2018,6,9, 7 , 160 ,8
10/06/2018,2018,6,10, 1 , 161 ,9.3
11/06/2018,2018,6,11, 2 , 162 ,8.9
12/06/2018,2018,6,12, 3 , 163 ,6.7
13/06/2018,2018,6,13, 4 , 164 ,7.1
14/06/2018,2018,6,14, 5 , 165 ,7.8
15/06/2018,2018,6,15, 6 , 166 ,4.4
16/06/2018,2018,6,16, 7 , 167 ,7.1
17/06/2018,2018,6,17, 1 , 168 ,5.1
18/06/2018,2018,6,18, 2 , 169 ,5.9
19/06/2018,2018,6,19, 3 , 170 ,9
20/06/2018,2018,6,20, 4 , 171 ,8
21/06/2018,2018,6,21, 5 , 172 ,9.1
22/06/2018,2018,6,22, 6 , 173 ,8.5
23/06/2018,2018,6,23, 7 , 174 ,3.9
24/06/2018,2018,6,24, 1 , 175 ,5.7
25/06/2018,2018,6,25, 2 , 176 ,7.8
26/06/2018,2018,6,26, 3 , 177 ,6.6
27/06/2018,2018,6,27, 4 , 178 ,6
28/06/2018,2018,6,28, 5 , 179 ,5.2
29/06/2018,2018,6,29, 6 , 180 ,6.1
30/06/2018,2018,6,30, 7 , 181 ,4.9
1/07/2018,2018,7,1, 1 , 182 ,8.8
2/07/2018,2018,7,2, 2 , 183 ,9.4
3/07/2018,2018,7,3, 3 , 184 ,6.7
4/07/2018,2018,7,4, 4 , 185 ,6
5/07/2018,2018,7,5, 5 , 186 ,2.8
6/07/2018,2018,7,6, 6 , 187 ,8.3
7/07/2018,2018,7,7, 7 , 188 ,6.5
8/07/2018,2018,7,8, 1 , 189 ,6.2
9/07/2018,2018,7,9, 2 , 190 ,8.1
10/07/2018,2018,7,10, 3 , 191 ,5.4
11/07/2018,2018,7,11, 4 , 192 ,6
12/07/2018,2018,7,12, 5 , 193 ,7.5
13/07/2018,2018,7,13, 6 , 194 ,9.3
14/07/2018,2018,7,14, 7 , 195 ,10
15/07/2018,2018,7,15, 1 , 196 ,9.8
16/07/2018,2018,7,16, 2 , 197 ,4.5
17/07/2018,2018,7,17, 3 , 198 ,9.2
18/07/2018,2018,7,18, 4 , 199 ,10.3
19/07/2018,2018,7,19, 5 , 200 ,8.5
20/07/2018,2018,7,20, 6 , 201 ,7.2
21/07/2018,2018,7,21, 7 , 202 ,7.2
22/07/2018,2018,7,22, 1 , 203 ,10.5
23/07/2018,2018,7,23, 2 , 204 ,6.9
24/07/2018,2018,7,24, 3 , 205 ,7.1
25/07/2018,2018,7,25, 4 , 206 ,9.3
26/07/2018,2018,7,26, 5 , 207 ,8.9
27/07/2018,2018,7,27, 6 , 208 ,10.3
28/07/2018,2018,7,28, 7 , 209 ,9.3
29/07/2018,2018,7,29, 1 , 210 ,10
30/07/2018,2018,7,30, 2 , 211 ,7.3
31/07/2018,2018,7,31, 3 , 212 ,10.2
1/08/2018,2018,8,1, 4 , 213 ,11.4
2/08/2018,2018,8,2, 5 , 214 ,11.7
3/08/2018,2018,8,3, 6 , 215 ,6.3
4/08/2018,2018,8,4, 7 , 216 ,8.7
5/08/2018,2018,8,5, 1 , 217 ,11.2
6/08/2018,2018,8,6, 2 , 218 ,8.5
7/08/2018,2018,8,7, 3 , 219 ,9.6
8/08/2018,2018,8,8, 4 , 220 ,7.2
9/08/2018,2018,8,9, 5 , 221 ,8.6
10/08/2018,2018,8,10, 6 , 222 ,11.8
11/08/2018,2018,8,11, 7 , 223 ,7.4
12/08/2018,2018,8,12, 1 , 224 ,10.4
13/08/2018,2018,8,13, 2 , 225 ,8.6
14/08/2018,2018,8,14, 3 , 226 ,13.2
15/08/2018,2018,8,15, 4 , 227 ,10.1
16/08/2018,2018,8,16, 5 , 228 ,9.2
17/08/2018,2018,8,17, 6 , 229 ,12.2
18/08/2018,2018,8,18, 7 , 230 ,10.4
19/08/2018,2018,8,19, 1 , 231 ,9.3
20/08/2018,2018,8,20, 2 , 232 ,6.5
21/08/2018,2018,8,21, 3 , 233 ,7.7
22/08/2018,2018,8,22, 4 , 234 ,8.5
23/08/2018,2018,8,23, 5 , 235 ,11.1
24/08/2018,2018,8,24, 6 , 236 ,14.7
25/08/2018,2018,8,25, 7 , 237 ,14.9
26/08/2018,2018,8,26, 1 , 238 ,12.3
27/08/2018,2018,8,27, 2 , 239 ,12.4
28/08/2018,2018,8,28, 3 , 240 ,11.7
29/08/2018,2018,8,29, 4 , 241 ,15.5
30/08/2018,2018,8,30, 5 , 242 ,5.1
31/08/2018,2018,8,31, 6 , 243 ,6.8
1/09/2018,2018,9,1, 7 , 244 ,7.4
2/09/2018,2018,9,2, 1 , 245 ,11.2
3/09/2018,2018,9,3, 2 , 246 ,14.7
4/09/2018,2018,9,4, 3 , 247 ,14.7
5/09/2018,2018,9,5, 4 , 248 ,14.5
6/09/2018,2018,9,6, 5 , 249 ,9.5
7/09/2018,2018,9,7, 6 , 250 ,14.7
8/09/2018,2018,9,8, 7 , 251 ,16.2
9/09/2018,2018,9,9, 1 , 252 ,7.3
10/09/2018,2018,9,10, 2 , 253 ,10.2
11/09/2018,2018,9,11, 3 , 254 ,17.7
12/09/2018,2018,9,12, 4 , 255 ,15.8
13/09/2018,2018,9,13, 5 , 256 ,18.2
14/09/2018,2018,9,14, 6 , 257 ,18.2
15/09/2018,2018,9,15, 7 , 258 ,6.3
16/09/2018,2018,9,16, 1 , 259 ,15.3
17/09/2018,2018,9,17, 2 , 260 ,18.7
18/09/2018,2018,9,18, 3 , 261 ,8
19/09/2018,2018,9,19, 4 , 262 ,16.1
20/09/2018,2018,9,20, 5 , 263 ,18.5
21/09/2018,2018,9,21, 6 , 264 ,16.6
22/09/2018,2018,9,22, 7 , 265 ,19.7
23/09/2018,2018,9,23, 1 , 266 ,11.6
24/09/2018,2018,9,24, 2 , 267 ,17.2
25/09/2018,2018,9,25, 3 , 268 ,12.2
26/09/2018,2018,9,26, 4 , 269 ,20.8
27/09/2018,2018,9,27, 5 , 270 ,20.8
28/09/2018,2018,9,28, 6 , 271 ,10.2
29/09/2018,2018,9,29, 7 , 272 ,17
30/09/2018,2018,9,30, 1 , 273 ,19.8
1/10/2018,2018,10,1, 2 , 274 ,21.4
2/10/2018,2018,10,2, 3 , 275 ,13.4
3/10/2018,2018,10,3, 4 , 276 ,10.9
4/10/2018,2018,10,4, 5 , 277 ,12.5
5/10/2018,2018,10,5, 6 , 278 ,22.5
6/10/2018,2018,10,6, 7 , 279 ,22.7
7/10/2018,2018,10,7, 1 , 280 ,21.2
8/10/2018,2018,10,8, 2 , 281 ,22.7
9/10/2018,2018,10,9, 3 , 282 ,7.2
10/10/2018,2018,10,10, 4 , 283 ,20
11/10/2018,2018,10,11, 5 , 284 ,23.7
12/10/2018,2018,10,12, 6 , 285 ,23.9
13/10/2018,2018,10,13, 7 , 286 ,23.2
14/10/2018,2018,10,14, 1 , 287 ,22.1
15/10/2018,2018,10,15, 2 , 288 ,19.4
16/10/2018,2018,10,16, 3 , 289 ,6.1
17/10/2018,2018,10,17, 4 , 290 ,15.1
18/10/2018,2018,10,18, 5 , 291 ,10.5
19/10/2018,2018,10,19, 6 , 292 ,23
20/10/2018,2018,10,20, 7 , 293 ,9.8
21/10/2018,2018,10,21, 1 , 294 ,22.7
22/10/2018,2018,10,22, 2 , 295 ,25.7
23/10/2018,2018,10,23, 3 , 296 ,16.7
24/10/2018,2018,10,24, 4 , 297 ,19.7
25/10/2018,2018,10,25, 5 , 298 ,25
26/10/2018,2018,10,26, 6 , 299 ,23.7
27/10/2018,2018,10,27, 7 , 300 ,20.5
28/10/2018,2018,10,28, 1 , 301 ,22.8
29/10/2018,2018,10,29, 2 , 302 ,25.6
30/10/2018,2018,10,30, 3 , 303 ,25.8
31/10/2018,2018,10,31, 4 , 304 ,16.7
1/11/2018,2018,11,1, 5 , 305 ,14.2
2/11/2018,2018,11,2, 6 , 306 ,13.4
3/11/2018,2018,11,3, 7 , 307 ,19.9
4/11/2018,2018,11,4, 1 , 308 ,19.7
5/11/2018,2018,11,5, 2 , 309 ,15.8
6/11/2018,2018,11,6, 3 , 310 ,7.8
7/11/2018,2018,11,7, 4 , 311 ,18.2
8/11/2018,2018,11,8, 5 , 312 ,22.7
9/11/2018,2018,11,9, 6 , 313 ,14.8
10/11/2018,2018,11,10, 7 , 314 ,27.3
11/11/2018,2018,11,11, 1 , 315 ,29.1
12/11/2018,2018,11,12, 2 , 316 ,17.5
13/11/2018,2018,11,13, 3 , 317 ,18.4
14/11/2018,2018,11,14, 4 , 318 ,7.2
15/11/2018,2018,11,15, 5 , 319 ,23.8
16/11/2018,2018,11,16, 6 , 320 ,29.8
17/11/2018,2018,11,17, 7 , 321 ,29.9
18/11/2018,2018,11,18, 1 , 322 ,30.1
19/11/2018,2018,11,19, 2 , 323 ,27.5
20/11/2018,2018,11,20, 3 , 324 ,5.5
21/11/2018,2018,11,21, 4 , 325 ,24.2
22/11/2018,2018,11,22, 5 , 326 ,20.3
23/11/2018,2018,11,23, 6 , 327 ,3.5
24/11/2018,2018,11,24, 7 , 328 ,15.8
25/11/2018,2018,11,25, 1 , 329 ,20.5
26/11/2018,2018,11,26, 2 , 330 ,25.5
27/11/2018,2018,11,27, 3 , 331 ,23.3
28/11/2018,2018,11,28, 4 , 332 ,18
29/11/2018,2018,11,29, 5 , 333 ,21.1
30/11/2018,2018,11,30, 6 , 334 ,28
1/12/2018,2018,12,1, 7 , 335 ,30.8
2/12/2018,2018,12,2, 1 , 336 ,18.9
3/12/2018,2018,12,3, 2 , 337 ,13.4
4/12/2018,2018,12,4, 3 , 338 ,28.2
5/12/2018,2018,12,5, 4 , 339 ,31.1
6/12/2018,2018,12,6, 5 , 340 ,31.3
7/12/2018,2018,12,7, 6 , 341 ,27.1
8/12/2018,2018,12,8, 7 , 342 ,11
9/12/2018,2018,12,9, 1 , 343 ,11.8
10/12/2018,2018,12,10, 2 , 344 ,28.5
11/12/2018,2018,12,11, 3 , 345 ,31.6
12/12/2018,2018,12,12, 4 , 346 ,29.4
13/12/2018,2018,12,13, 5 , 347 ,6
14/12/2018,2018,12,14, 6 , 348 ,13.7
15/12/2018,2018,12,15, 7 , 349 ,17.5
16/12/2018,2018,12,16, 1 , 350 ,16.3
17/12/2018,2018,12,17, 2 , 351 ,23.2
18/12/2018,2018,12,18, 3 , 352 ,21.1
19/12/2018,2018,12,19, 4 , 353 ,16.6
20/12/2018,2018,12,20, 5 , 354 ,14.8
21/12/2018,2018,12,21, 6 , 355 ,9.6
22/12/2018,2018,12,22, 7 , 356 ,27.8
23/12/2018,2018,12,23, 1 , 357 ,32.3
24/12/2018,2018,12,24, 2 , 358 ,32.3
25/12/2018,2018,12,25, 3 , 359 ,32.2
26/12/2018,2018,12,26, 4 , 360 ,32.3
27/12/2018,2018,12,27, 5 , 361 ,29.3
28/12/2018,2018,12,28, 6 , 362 ,19.1
29/12/2018,2018,12,29, 7 , 363 ,5.7
30/12/2018,2018,12,30, 1 , 364 ,9.9
31/12/2018,2018,12,31, 2 , 365 ,31.3
1/01/2019,2019,1,1, 3 , 1 ,31.7
2/01/2019,2019,1,2, 4 , 2 ,26.3
3/01/2019,2019,1,3, 5 , 3 ,27.6
4/01/2019,2019,1,4, 6 , 4 ,27.4
5/01/2019,2019,1,5, 7 , 5 ,12.9
6/01/2019,2019,1,6, 1 , 6 ,30.9
7/01/2019,2019,1,7, 2 , 7 ,30.2
8/01/2019,2019,1,8, 3 , 8 ,28.9
9/01/2019,2019,1,9, 4 , 9 ,28.4
10/01/2019,2019,1,10, 5 , 10 ,25.8
11/01/2019,2019,1,11, 6 , 11 ,31.5
12/01/2019,2019,1,12, 7 , 12 ,28.6
13/01/2019,2019,1,13, 1 , 13 ,31.3
14/01/2019,2019,1,14, 2 , 14 ,31.1
15/01/2019,2019,1,15, 3 , 15 ,22.3
16/01/2019,2019,1,16, 4 , 16 ,17.5
17/01/2019,2019,1,17, 5 , 17 ,6
18/01/2019,2019,1,18, 6 , 18 ,2.6
19/01/2019,2019,1,19, 7 , 19 ,30.2
20/01/2019,2019,1,20, 1 , 20 ,29.2
21/01/2019,2019,1,21, 2 , 21 ,28.2
22/01/2019,2019,1,22, 3 , 22 ,29.3
23/01/2019,2019,1,23, 4 , 23 ,27.4
24/01/2019,2019,1,24, 5 , 24 ,30
25/01/2019,2019,1,25, 6 , 25 ,25.3
26/01/2019,2019,1,26, 7 , 26 ,27.7
27/01/2019,2019,1,27, 1 , 27 ,21.1
28/01/2019,2019,1,28, 2 , 28 ,29.4
29/01/2019,2019,1,29, 3 , 29 ,27.7
30/01/2019,2019,1,30, 4 , 30 ,19.9
31/01/2019,2019,1,31, 5 , 31 ,27.8
1/02/2019,2019,2,1, 6 , 32 ,28.8
2/02/2019,2019,2,2, 7 , 33 ,27.5
3/02/2019,2019,2,3, 1 , 34 ,26.1
4/02/2019,2019,2,4, 2 , 35 ,9.3
5/02/2019,2019,2,5, 3 , 36 ,14.6
6/02/2019,2019,2,6, 4 , 37 ,22.8
7/02/2019,2019,2,7, 5 , 38 ,25.1
8/02/2019,2019,2,8, 6 , 39 ,21.1
9/02/2019,2019,2,9, 7 , 40 ,13.6
10/02/2019,2019,2,10, 1 , 41 ,23.5
11/02/2019,2019,2,11, 2 , 42 ,18.6
12/02/2019,2019,2,12, 3 , 43 ,12.4
13/02/2019,2019,2,13, 4 , 44 ,23.7
14/02/2019,2019,2,14, 5 , 45 ,24.2
15/02/2019,2019,2,15, 6 , 46 ,23.1
16/02/2019,2019,2,16, 7 , 47 ,24.2
17/02/2019,2019,2,17, 1 , 48 ,20
18/02/2019,2019,2,18, 2 , 49 ,16.9
19/02/2019,2019,2,19, 3 , 50 ,21.4
20/02/2019,2019,2,20, 4 , 51 ,20.8
21/02/2019,2019,2,21, 5 , 52 ,16.2
22/02/2019,2019,2,22, 6 , 53 ,23.9
23/02/2019,2019,2,23, 7 , 54 ,24
24/02/2019,2019,2,24, 1 , 55 ,24.6
25/02/2019,2019,2,25, 2 , 56 ,24.4
26/02/2019,2019,2,26, 3 , 57 ,21
27/02/2019,2019,2,27, 4 , 58 ,24
28/02/2019,2019,2,28, 5 , 59 ,23.4
1/03/2019,2019,3,1, 6 , 60 ,22.3
2/03/2019,2019,3,2, 7 , 61 ,23.4
3/03/2019,2019,3,3, 1 , 62 ,14.4
4/03/2019,2019,3,4, 2 , 63 ,21.8
5/03/2019,2019,3,5, 3 , 64 ,15.5
6/03/2019,2019,3,6, 4 , 65 ,19.5
7/03/2019,2019,3,7, 5 , 66 ,21.2
8/03/2019,2019,3,8, 6 , 67 ,10.2
9/03/2019,2019,3,9, 7 , 68 ,20
10/03/2019,2019,3,10, 1 , 69 ,10.1
11/03/2019,2019,3,11, 2 , 70 ,18.6
12/03/2019,2019,3,12, 3 , 71 ,10.8
13/03/2019,2019,3,13, 4 , 72 ,15.1
14/03/2019,2019,3,14, 5 , 73 ,20.6
15/03/2019,2019,3,15, 6 , 74 ,18.7
16/03/2019,2019,3,16, 7 , 75 ,20.1
17/03/2019,2019,3,17, 1 , 76 ,19.2
18/03/2019,2019,3,18, 2 , 77 ,18.9
19/03/2019,2019,3,19, 3 , 78 ,12.7
20/03/2019,2019,3,20, 4 , 79 ,11.1
21/03/2019,2019,3,21, 5 , 80 ,12.5
22/03/2019,2019,3,22, 6 , 81 ,15.3
23/03/2019,2019,3,23, 7 , 82 ,13.6
24/03/2019,2019,3,24, 1 , 83 ,16.9
25/03/2019,2019,3,25, 2 , 84 ,13.6
26/03/2019,2019,3,26, 3 , 85 ,15.9
27/03/2019,2019,3,27, 4 , 86 ,17.8
28/03/2019,2019,3,28, 5 , 87 ,17.8
29/03/2019,2019,3,29, 6 , 88 ,4.9
30/03/2019,2019,3,30, 7 , 89 ,11.4
31/03/2019,2019,3,31, 1 , 90 ,8
1/04/2019,2019,4,1, 2 , 91 ,6.6
2/04/2019,2019,4,2, 3 , 92 ,16.6
3/04/2019,2019,4,3, 4 , 93 ,10.9
4/04/2019,2019,4,4, 5 , 94 ,13.9
5/04/2019,2019,4,5, 6 , 95 ,15.3
6/04/2019,2019,4,6, 7 , 96 ,12.4
7/04/2019,2019,4,7, 1 , 97 ,15.9
8/04/2019,2019,4,8, 2 , 98 ,9
9/04/2019,2019,4,9, 3 , 99 ,13.9
10/04/2019,2019,4,10, 4 , 100 ,4.8
11/04/2019,2019,4,11, 5 , 101 ,14.4
12/04/2019,2019,4,12, 6 , 102 ,15.3
13/04/2019,2019,4,13, 7 , 103 ,10
14/04/2019,2019,4,14, 1 , 104 ,14.4
15/04/2019,2019,4,15, 2 , 105 ,10.9
16/04/2019,2019,4,16, 3 , 106 ,14.4
17/04/2019,2019,4,17, 4 , 107 ,12.8
18/04/2019,2019,4,18, 5 , 108 ,12.8
19/04/2019,2019,4,19, 6 , 109 ,14
20/04/2019,2019,4,20, 7 , 110 ,13.9
21/04/2019,2019,4,21, 1 , 111 ,7.5
22/04/2019,2019,4,22, 2 , 112 ,6
23/04/2019,2019,4,23, 3 , 113 ,8
24/04/2019,2019,4,24, 4 , 114 ,8.2
25/04/2019,2019,4,25, 5 , 115 ,10.6
26/04/2019,2019,4,26, 6 , 116 ,6.9
27/04/2019,2019,4,27, 7 , 117 ,8.5
28/04/2019,2019,4,28, 1 , 118 ,5.2
29/04/2019,2019,4,29, 2 , 119 ,8.4
30/04/2019,2019,4,30, 3 , 120 ,11.7
1/05/2019,2019,5,1, 4 , 121 ,7.8
2/05/2019,2019,5,2, 5 , 122 ,6.2
3/05/2019,2019,5,3, 6 , 123 ,9
4/05/2019,2019,5,4, 7 , 124 ,8.2
5/05/2019,2019,5,5, 1 , 125 ,6.5
6/05/2019,2019,5,6, 2 , 126 ,8.5
7/05/2019,2019,5,7, 3 , 127 ,11.7
8/05/2019,2019,5,8, 4 , 128 ,7.3
9/05/2019,2019,5,9, 5 , 129 ,5.3
10/05/2019,2019,5,10, 6 , 130 ,2.8
11/05/2019,2019,5,11, 7 , 131 ,7.7
12/05/2019,2019,5,12, 1 , 132 ,6.6
13/05/2019,2019,5,13, 2 , 133 ,8.3
14/05/2019,2019,5,14, 3 , 134 ,9
15/05/2019,2019,5,15, 4 , 135 ,8
16/05/2019,2019,5,16, 5 , 136 ,9.8
17/05/2019,2019,5,17, 6 , 137 ,10.7
18/05/2019,2019,5,18, 7 , 138 ,10.6
19/05/2019,2019,5,19, 1 , 139 ,10
20/05/2019,2019,5,20, 2 , 140 ,3.1
21/05/2019,2019,5,21, 3 , 141 ,6.9
22/05/2019,2019,5,22, 4 , 142 ,10.3
23/05/2019,2019,5,23, 5 , 143 ,10.2
24/05/2019,2019,5,24, 6 , 144 ,4.4
25/05/2019,2019,5,25, 7 , 145 ,9.1
26/05/2019,2019,5,26, 1 , 146 ,8.6
27/05/2019,2019,5,27, 2 , 147 ,7.2
28/05/2019,2019,5,28, 3 , 148 ,3.3
29/05/2019,2019,5,29, 4 , 149 ,7.9
30/05/2019,2019,5,30, 5 , 150 ,5.8
31/05/2019,2019,5,31, 6 , 151 ,5.7
1/06/2019,2019,6,1, 7 , 152 ,5.8
2/06/2019,2019,6,2, 1 , 153 ,6.7
3/06/2019,2019,6,3, 2 , 154 ,3.8
4/06/2019,2019,6,4, 3 , 155 ,7.9
5/06/2019,2019,6,5, 4 , 156 ,5.7
6/06/2019,2019,6,6, 5 , 157 ,7.9
7/06/2019,2019,6,7, 6 , 158 ,8
8/06/2019,2019,6,8, 7 , 159 ,9.3
9/06/2019,2019,6,9, 1 , 160 ,8
10/06/2019,2019,6,10, 2 , 161 ,7.6
11/06/2019,2019,6,11, 3 , 162 ,9.2
12/06/2019,2019,6,12, 4 , 163 ,1.3
13/06/2019,2019,6,13, 5 , 164 ,8.9
14/06/2019,2019,6,14, 6 , 165 ,7
15/06/2019,2019,6,15, 7 , 166 ,6.4
16/06/2019,2019,6,16, 1 , 167 ,7.5
17/06/2019,2019,6,17, 2 , 168 ,8.6
18/06/2019,2019,6,18, 3 , 169 ,5.2
19/06/2019,2019,6,19, 4 , 170 ,7
20/06/2019,2019,6,20, 5 , 171 ,6.4
21/06/2019,2019,6,21, 6 , 172 ,8.5
22/06/2019,2019,6,22, 7 , 173 ,7.3
23/06/2019,2019,6,23, 1 , 174 ,5.9
24/06/2019,2019,6,24, 2 , 175 ,9
25/06/2019,2019,6,25, 3 , 176 ,8.9
26/06/2019,2019,6,26, 4 , 177 ,9.2
27/06/2019,2019,6,27, 5 , 178 ,9.2
28/06/2019,2019,6,28, 6 , 179 ,9.2
29/06/2019,2019,6,29, 7 , 180 ,2.6
30/06/2019,2019,6,30, 1 , 181 ,8.5
1/07/2019,2019,7,1, 2 , 182 ,8.3
2/07/2019,2019,7,2, 3 , 183 ,6.6
3/07/2019,2019,7,3, 4 , 184 ,7.5
4/07/2019,2019,7,4, 5 , 185 ,6.9
5/07/2019,2019,7,5, 6 , 186 ,9
6/07/2019,2019,7,6, 7 , 187 ,9.3
7/07/2019,2019,7,7, 1 , 188 ,6.1
8/07/2019,2019,7,8, 2 , 189 ,8.2
9/07/2019,2019,7,9, 3 , 190 ,7.2
10/07/2019,2019,7,10, 4 , 191 ,6.7
11/07/2019,2019,7,11, 5 , 192 ,4.6
12/07/2019,2019,7,12, 6 , 193 ,6.2
13/07/2019,2019,7,13, 7 , 194 ,8.3
14/07/2019,2019,7,14, 1 , 195 ,3.8
15/07/2019,2019,7,15, 2 , 196 ,7.6
16/07/2019,2019,7,16, 3 , 197 ,6.4
17/07/2019,2019,7,17, 4 , 198 ,3.6
18/07/2019,2019,7,18, 5 , 199 ,7.9
19/07/2019,2019,7,19, 6 , 200 ,9.6
20/07/2019,2019,7,20, 7 , 201 ,10.3
21/07/2019,2019,7,21, 1 , 202 ,8.1
22/07/2019,2019,7,22, 2 , 203 ,10.6
23/07/2019,2019,7,23, 3 , 204 ,8.2
24/07/2019,2019,7,24, 4 , 205 ,7.8
25/07/2019,2019,7,25, 5 , 206 ,5.2
26/07/2019,2019,7,26, 6 , 207 ,5.9
27/07/2019,2019,7,27, 7 , 208 ,8.7
28/07/2019,2019,7,28, 1 , 209 ,10.2
29/07/2019,2019,7,29, 2 , 210 ,9.9
30/07/2019,2019,7,30, 3 , 211 ,8.7
31/07/2019,2019,7,31, 4 , 212 ,11.3
1/08/2019,2019,8,1, 5 , 213 ,8.6
2/08/2019,2019,8,2, 6 , 214 ,7.4
3/08/2019,2019,8,3, 7 , 215 ,6.2
4/08/2019,2019,8,4, 1 , 216 ,7.2
5/08/2019,2019,8,5, 2 , 217 ,10.7
6/08/2019,2019,8,6, 3 , 218 ,4.5
7/08/2019,2019,8,7, 4 , 219 ,7.5
8/08/2019,2019,8,8, 5 , 220 ,9.6
9/08/2019,2019,8,9, 6 , 221 ,7.3
10/08/2019,2019,8,10, 7 , 222 ,6.6
11/08/2019,2019,8,11, 1 , 223 ,11.4
12/08/2019,2019,8,12, 2 , 224 ,9.9
13/08/2019,2019,8,13, 3 , 225 ,7
14/08/2019,2019,8,14, 4 , 226 ,6.7
15/08/2019,2019,8,15, 5 , 227 ,10.5
16/08/2019,2019,8,16, 6 , 228 ,6.3
17/08/2019,2019,8,17, 7 , 229 ,13.4
18/08/2019,2019,8,18, 1 , 230 ,9.3
19/08/2019,2019,8,19, 2 , 231 ,12.8
20/08/2019,2019,8,20, 3 , 232 ,7.2
21/08/2019,2019,8,21, 4 , 233 ,11.5
22/08/2019,2019,8,22, 5 , 234 ,11.3
23/08/2019,2019,8,23, 6 , 235 ,14.5
24/08/2019,2019,8,24, 7 , 236 ,13
25/08/2019,2019,8,25, 1 , 237 ,13.9
26/08/2019,2019,8,26, 2 , 238 ,14.7
27/08/2019,2019,8,27, 3 , 239 ,12.9
28/08/2019,2019,8,28, 4 , 240 ,5
29/08/2019,2019,8,29, 5 , 241 ,13.2
30/08/2019,2019,8,30, 6 , 242 ,15.6
31/08/2019,2019,8,31, 7 , 243 ,15.8
1/09/2019,2019,9,1, 1 , 244 ,9.4
2/09/2019,2019,9,2, 2 , 245 ,13.8
3/09/2019,2019,9,3, 3 , 246 ,16.4
4/09/2019,2019,9,4, 4 , 247 ,15.1
5/09/2019,2019,9,5, 5 , 248 ,14.8
6/09/2019,2019,9,6, 6 , 249 ,10.4
7/09/2019,2019,9,7, 7 , 250 ,11.3
8/09/2019,2019,9,8, 1 , 251 ,9.5
9/09/2019,2019,9,9, 2 , 252 ,14.4
10/09/2019,2019,9,10, 3 , 253 ,16.1
11/09/2019,2019,9,11, 4 , 254 ,17.8
12/09/2019,2019,9,12, 5 , 255 ,11.8
13/09/2019,2019,9,13, 6 , 256 ,14
14/09/2019,2019,9,14, 7 , 257 ,18.3
15/09/2019,2019,9,15, 1 , 258 ,8.4
16/09/2019,2019,9,16, 2 , 259 ,17.7
17/09/2019,2019,9,17, 3 , 260 ,19
18/09/2019,2019,9,18, 4 , 261 ,19.2
19/09/2019,2019,9,19, 5 , 262 ,19.4
20/09/2019,2019,9,20, 6 , 263 ,14.4
21/09/2019,2019,9,21, 7 , 264 ,10.5
22/09/2019,2019,9,22, 1 , 265 ,13.6
23/09/2019,2019,9,23, 2 , 266 ,13.9
24/09/2019,2019,9,24, 3 , 267 ,13.3
25/09/2019,2019,9,25, 4 , 268 ,13.1
26/09/2019,2019,9,26, 5 , 269 ,19.6
27/09/2019,2019,9,27, 6 , 270 ,7.4
28/09/2019,2019,9,28, 7 , 271 ,17.7
29/09/2019,2019,9,29, 1 , 272 ,19
30/09/2019,2019,9,30, 2 , 273 ,14.4
1/10/2019,2019,10,1, 3 , 274 ,21.7
2/10/2019,2019,10,2, 4 , 275 ,18.5
3/10/2019,2019,10,3, 5 , 276 ,22
4/10/2019,2019,10,4, 6 , 277 ,11
5/10/2019,2019,10,5, 7 , 278 ,17.4
6/10/2019,2019,10,6, 1 , 279 ,17.4
7/10/2019,2019,10,7, 2 , 280 ,15.1
8/10/2019,2019,10,8, 3 , 281 ,17
9/10/2019,2019,10,9, 4 , 282 ,19.3
10/10/2019,2019,10,10, 5 , 283 ,12.6
11/10/2019,2019,10,11, 6 , 284 ,17.5
12/10/2019,2019,10,12, 7 , 285 ,20.1
13/10/2019,2019,10,13, 1 , 286 ,19.6
14/10/2019,2019,10,14, 2 , 287 ,20.2
15/10/2019,2019,10,15, 3 , 288 ,20.6
16/10/2019,2019,10,16, 4 , 289 ,11.4
17/10/2019,2019,10,17, 5 , 290 ,9.6
18/10/2019,2019,10,18, 6 , 291 ,23.2
19/10/2019,2019,10,19, 7 , 292 ,15.8
20/10/2019,2019,10,20, 1 , 293 ,14.7
21/10/2019,2019,10,21, 2 , 294 ,19.6
22/10/2019,2019,10,22, 3 , 295 ,23.7
23/10/2019,2019,10,23, 4 , 296 ,26
24/10/2019,2019,10,24, 5 , 297 ,26.1
25/10/2019,2019,10,25, 6 , 298 ,10
26/10/2019,2019,10,26, 7 , 299 ,17.2
27/10/2019,2019,10,27, 1 , 300 ,10.1
28/10/2019,2019,10,28, 2 , 301 ,26.3
29/10/2019,2019,10,29, 3 , 302 ,27
30/10/2019,2019,10,30, 4 , 303 ,27.2
31/10/2019,2019,10,31, 5 , 304 ,25.5
1/11/2019,2019,11,1, 6 , 305 ,22.8
2/11/2019,2019,11,2, 7 , 306 ,2.2
3/11/2019,2019,11,3, 1 , 307 ,7.8
4/11/2019,2019,11,4, 2 , 308 ,11.2
5/11/2019,2019,11,5, 3 , 309 ,27.4
6/11/2019,2019,11,6, 4 , 310 ,19.9
7/11/2019,2019,11,7, 5 , 311 ,8.3
8/11/2019,2019,11,8, 6 , 312 ,16.1
9/11/2019,2019,11,9, 7 , 313 ,9.8
10/11/2019,2019,11,10, 1 , 314 ,13.5
11/11/2019,2019,11,11, 2 , 315 ,27.4
12/11/2019,2019,11,12, 3 , 316 ,12.7
13/11/2019,2019,11,13, 4 , 317 ,12
14/11/2019,2019,11,14, 5 , 318 ,19.7
15/11/2019,2019,11,15, 6 , 319 ,12.4
16/11/2019,2019,11,16, 7 , 320 ,23.9
17/11/2019,2019,11,17, 1 , 321 ,24.1
18/11/2019,2019,11,18, 2 , 322 ,29.9
19/11/2019,2019,11,19, 3 , 323 ,27.9
20/11/2019,2019,11,20, 4 , 324 ,30.1
21/11/2019,2019,11,21, 5 , 325 ,18.8
22/11/2019,2019,11,22, 6 , 326 ,28.3
23/11/2019,2019,11,23, 7 , 327 ,24.6
24/11/2019,2019,11,24, 1 , 328 ,30.6
25/11/2019,2019,11,25, 2 , 329 ,18
26/11/2019,2019,11,26, 3 , 330 ,22.2
27/11/2019,2019,11,27, 4 , 331 ,31
28/11/2019,2019,11,28, 5 , 332 ,30.7
29/11/2019,2019,11,29, 6 , 333 ,21.9
30/11/2019,2019,11,30, 7 , 334 ,26.7
1/12/2019,2019,12,1, 1 , 335 ,9.8
2/12/2019,2019,12,2, 2 , 336 ,18.2
3/12/2019,2019,12,3, 3 , 337 ,19.2
4/12/2019,2019,12,4, 4 , 338 ,20.3
5/12/2019,2019,12,5, 5 , 339 ,20.4
6/12/2019,2019,12,6, 6 , 340 ,18.2
7/12/2019,2019,12,7, 7 , 341 ,30.3
8/12/2019,2019,12,8, 1 , 342 ,30.8
9/12/2019,2019,12,9, 2 , 343 ,28.6
10/12/2019,2019,12,10, 3 , 344 ,22.2
11/12/2019,2019,12,11, 4 , 345 ,21.8
12/12/2019,2019,12,12, 5 , 346 ,22.7
13/12/2019,2019,12,13, 6 , 347 ,24.8
14/12/2019,2019,12,14, 7 , 348 ,10.4
15/12/2019,2019,12,15, 1 , 349 ,16.4
16/12/2019,2019,12,16, 2 , 350 ,21.7
17/12/2019,2019,12,17, 3 , 351 ,29.5
18/12/2019,2019,12,18, 4 , 352 ,29.3
19/12/2019,2019,12,19, 5 , 353 ,29.3
20/12/2019,2019,12,20, 6 , 354 ,31.4
21/12/2019,2019,12,21, 7 , 355 ,28.3
22/12/2019,2019,12,22, 1 , 356 ,31.5
23/12/2019,2019,12,23, 2 , 357 ,29.2
24/12/2019,2019,12,24, 3 , 358 ,31.4
25/12/2019,2019,12,25, 4 , 359 ,32
26/12/2019,2019,12,26, 5 , 360 ,26.2
27/12/2019,2019,12,27, 6 , 361 ,31.6
28/12/2019,2019,12,28, 7 , 362 ,20.6
29/12/2019,2019,12,29, 1 , 363 ,31.9
30/12/2019,2019,12,30, 2 , 364 ,18.8
31/12/2019,2019,12,31, 3 , 365 ,29.3
1/01/2020,2020,1,1, 4 , 1 ,31.6
2/01/2020,2020,1,2, 5 , 2 ,31.6
3/01/2020,2020,1,3, 6 , 3 ,30.7
4/01/2020,2020,1,4, 7 , 4 ,22.8
5/01/2020,2020,1,5, 1 , 5 ,5.1
6/01/2020,2020,1,6, 2 , 6 ,2.7
7/01/2020,2020,1,7, 3 , 7 ,7.7
8/01/2020,2020,1,8, 4 , 8 ,26.9
9/01/2020,2020,1,9, 5 , 9 ,29.8
10/01/2020,2020,1,10, 6 , 10 ,10.1
11/01/2020,2020,1,11, 7 , 11 ,18.2
12/01/2020,2020,1,12, 1 , 12 ,21.9
13/01/2020,2020,1,13, 2 , 13 ,28.1
14/01/2020,2020,1,14, 3 , 14 ,27.4
15/01/2020,2020,1,15, 4 , 15 ,20.8
16/01/2020,2020,1,16, 5 , 16 ,18.6
17/01/2020,2020,1,17, 6 , 17 ,24.4
18/01/2020,2020,1,18, 7 , 18 ,27.2
19/01/2020,2020,1,19, 1 , 19 ,23.9
20/01/2020,2020,1,20, 2 , 20 ,8.8
21/01/2020,2020,1,21, 3 , 21 ,28.4
22/01/2020,2020,1,22, 4 , 22 ,12.4
23/01/2020,2020,1,23, 5 , 23 ,13.4
24/01/2020,2020,1,24, 6 , 24 ,20.6
25/01/2020,2020,1,25, 7 , 25 ,30
26/01/2020,2020,1,26, 1 , 26 ,24
27/01/2020,2020,1,27, 2 , 27 ,26.1
28/01/2020,2020,1,28, 3 , 28 ,26.5
29/01/2020,2020,1,29, 4 , 29 ,29.5
30/01/2020,2020,1,30, 5 , 30 ,29.3
31/01/2020,2020,1,31, 6 , 31 ,18.3
1/02/2020,2020,2,1, 7 , 32 ,1.8
2/02/2020,2020,2,2, 1 , 33 ,21
3/02/2020,2020,2,3, 2 , 34 ,22.7
4/02/2020,2020,2,4, 3 , 35 ,28.6
5/02/2020,2020,2,5, 4 , 36 ,27.1
6/02/2020,2020,2,6, 5 , 37 ,25
7/02/2020,2020,2,7, 6 , 38 ,18.4
8/02/2020,2020,2,8, 7 , 39 ,27.5
9/02/2020,2020,2,9, 1 , 40 ,19.9
10/02/2020,2020,2,10, 2 , 41 ,15
11/02/2020,2020,2,11, 3 , 42 ,19.1
12/02/2020,2020,2,12, 4 , 43 ,17.3
13/02/2020,2020,2,13, 5 , 44 ,26.7
14/02/2020,2020,2,14, 6 , 45 ,10.6
15/02/2020,2020,2,15, 7 , 46 ,2.4
16/02/2020,2020,2,16, 1 , 47 ,23.8
17/02/2020,2020,2,17, 2 , 48 ,26.4
18/02/2020,2020,2,18, 3 , 49 ,7.3
19/02/2020,2020,2,19, 4 , 50 ,12.9
20/02/2020,2020,2,20, 5 , 51 ,15.2
21/02/2020,2020,2,21, 6 , 52 ,17.1
22/02/2020,2020,2,22, 7 , 53 ,25.4
23/02/2020,2020,2,23, 1 , 54 ,21.6
24/02/2020,2020,2,24, 2 , 55 ,5.4
25/02/2020,2020,2,25, 3 , 56 ,10.6
26/02/2020,2020,2,26, 4 , 57 ,19.3
27/02/2020,2020,2,27, 5 , 58 ,11.1
28/02/2020,2020,2,28, 6 , 59 ,17.6
29/02/2020,2020,2,29, 7 , 60 ,22.8
1/03/2020,2020,3,1, 1 , 61 ,20.8
2/03/2020,2020,3,2, 2 , 62 ,21.1
3/03/2020,2020,3,3, 3 , 63 ,15.9
4/03/2020,2020,3,4, 4 , 64 ,7.1
5/03/2020,2020,3,5, 5 , 65 ,4.3
6/03/2020,2020,3,6, 6 , 66 ,12.7
7/03/2020,2020,3,7, 7 , 67 ,17.1
8/03/2020,2020,3,8, 1 , 68 ,19.5
9/03/2020,2020,3,9, 2 , 69 ,19.7
10/03/2020,2020,3,10, 3 , 70 ,21.9
11/03/2020,2020,3,11, 4 , 71 ,15.7
12/03/2020,2020,3,12, 5 , 72 ,19.5
13/03/2020,2020,3,13, 6 , 73 ,7.3
14/03/2020,2020,3,14, 7 , 74 ,12.3
15/03/2020,2020,3,15, 1 , 75 ,10.2
16/03/2020,2020,3,16, 2 , 76 ,20.6
17/03/2020,2020,3,17, 3 , 77 ,19.9
18/03/2020,2020,3,18, 4 , 78 ,9.1
19/03/2020,2020,3,19, 5 , 79 ,8.2
20/03/2020,2020,3,20, 6 , 80 ,12.6
21/03/2020,2020,3,21, 7 , 81 ,10.8
22/03/2020,2020,3,22, 1 , 82 ,15.2
23/03/2020,2020,3,23, 2 , 83 ,9.9
24/03/2020,2020,3,24, 3 , 84 ,15.8
25/03/2020,2020,3,25, 4 , 85 ,7.6
26/03/2020,2020,3,26, 5 , 86 ,15.5
27/03/2020,2020,3,27, 6 , 87 ,17.8
28/03/2020,2020,3,28, 7 , 88 ,16.9
29/03/2020,2020,3,29, 1 , 89 ,9.5
30/03/2020,2020,3,30, 2 , 90 ,13.3
31/03/2020,2020,3,31, 3 , 91 ,16.9
1/04/2020,2020,4,1, 4 , 92 ,15.2
2/04/2020,2020,4,2, 5 , 93 ,4.2
3/04/2020,2020,4,3, 6 , 94 ,12
4/04/2020,2020,4,4, 7 , 95 ,6.1
5/04/2020,2020,4,5, 1 , 96 ,4.5
6/04/2020,2020,4,6, 2 , 97 ,11.5
7/04/2020,2020,4,7, 3 , 98 ,9.5
8/04/2020,2020,4,8, 4 , 99 ,10.7
9/04/2020,2020,4,9, 5 , 100 ,15.8
10/04/2020,2020,4,10, 6 , 101 ,9.5
11/04/2020,2020,4,11, 7 , 102 ,11.3
12/04/2020,2020,4,12, 1 , 103 ,7.7
13/04/2020,2020,4,13, 2 , 104 ,14.3
14/04/2020,2020,4,14, 3 , 105 ,11.1
15/04/2020,2020,4,15, 4 , 106 ,11.8
16/04/2020,2020,4,16, 5 , 107 ,11.3
17/04/2020,2020,4,17, 6 , 108 ,10.1
18/04/2020,2020,4,18, 7 , 109 ,7.9
19/04/2020,2020,4,19, 1 , 110 ,11.3
20/04/2020,2020,4,20, 2 , 111 ,8.1
21/04/2020,2020,4,21, 3 , 112 ,9.8
22/04/2020,2020,4,22, 4 , 113 ,8.8
23/04/2020,2020,4,23, 5 , 114 ,9.7
24/04/2020,2020,4,24, 6 , 115 ,12.7
25/04/2020,2020,4,25, 7 , 116 ,10.4
26/04/2020,2020,4,26, 1 , 117 ,6.6
27/04/2020,2020,4,27, 2 , 118 ,12.5
28/04/2020,2020,4,28, 3 , 119 ,10.4
29/04/2020,2020,4,29, 4 , 120 ,3.6
30/04/2020,2020,4,30, 5 , 121 ,5.4
1/05/2020,2020,5,1, 6 , 122 ,5.1
2/05/2020,2020,5,2, 7 , 123 ,6.2
3/05/2020,2020,5,3, 1 , 124 ,8.3
4/05/2020,2020,5,4, 2 , 125 ,7
5/05/2020,2020,5,5, 3 , 126 ,11.6
6/05/2020,2020,5,6, 4 , 127 ,9.7
7/05/2020,2020,5,7, 5 , 128 ,6.2
8/05/2020,2020,5,8, 6 , 129 ,10.7
9/05/2020,2020,5,9, 7 , 130 ,5.4
10/05/2020,2020,5,10, 1 , 131 ,9
11/05/2020,2020,5,11, 2 , 132 ,7.5
12/05/2020,2020,5,12, 3 , 133 ,8.5
13/05/2020,2020,5,13, 4 , 134 ,8.9
14/05/2020,2020,5,14, 5 , 135 ,9.8
15/05/2020,2020,5,15, 6 , 136 ,10.8
16/05/2020,2020,5,16, 7 , 137 ,10.7
17/05/2020,2020,5,17, 1 , 138 ,10.6
18/05/2020,2020,5,18, 2 , 139 ,10.5
19/05/2020,2020,5,19, 3 , 140 ,4.9
20/05/2020,2020,5,20, 4 , 141 ,7.8
21/05/2020,2020,5,21, 5 , 142 ,6.6
22/05/2020,2020,5,22, 6 , 143 ,7.8
23/05/2020,2020,5,23, 7 , 144 ,5.8
24/05/2020,2020,5,24, 1 , 145 ,7.9
25/05/2020,2020,5,25, 2 , 146 ,10
26/05/2020,2020,5,26, 3 , 147 ,9.4
27/05/2020,2020,5,27, 4 , 148 ,7.8
28/05/2020,2020,5,28, 5 , 149 ,6.7
29/05/2020,2020,5,29, 6 , 150 ,9.6
30/05/2020,2020,5,30, 7 , 151 ,9.3
31/05/2020,2020,5,31, 1 , 152 ,8
1/06/2020,2020,6,1, 2 , 153 ,2.6
2/06/2020,2020,6,2, 3 , 154 ,4.9
3/06/2020,2020,6,3, 4 , 155 ,7.3
4/06/2020,2020,6,4, 5 , 156 ,9.3
5/06/2020,2020,6,5, 6 , 157 ,9.4
6/06/2020,2020,6,6, 7 , 158 ,6.6
7/06/2020,2020,6,7, 1 , 159 ,6.3
8/06/2020,2020,6,8, 2 , 160 ,8.8
9/06/2020,2020,6,9, 3 , 161 ,9.3
10/06/2020,2020,6,10, 4 , 162 ,8.8
11/06/2020,2020,6,11, 5 , 163 ,9.1
12/06/2020,2020,6,12, 6 , 164 ,9.2
13/06/2020,2020,6,13, 7 , 165 ,3.4
14/06/2020,2020,6,14, 1 , 166 ,8
15/06/2020,2020,6,15, 2 , 167 ,8
16/06/2020,2020,6,16, 3 , 168 ,6.7
17/06/2020,2020,6,17, 4 , 169 ,8.5
18/06/2020,2020,6,18, 5 , 170 ,9.1
19/06/2020,2020,6,19, 6 , 171 ,8.6
20/06/2020,2020,6,20, 7 , 172 ,8.5
21/06/2020,2020,6,21, 1 , 173 ,4.9
22/06/2020,2020,6,22, 2 , 174 ,5.5
23/06/2020,2020,6,23, 3 , 175 ,8.4
24/06/2020,2020,6,24, 4 , 176 ,8
25/06/2020,2020,6,25, 5 , 177 ,5
26/06/2020,2020,6,26, 6 , 178 ,8.8
27/06/2020,2020,6,27, 7 , 179 ,7.9
28/06/2020,2020,6,28, 1 , 180 ,9.3
29/06/2020,2020,6,29, 2 , 181 ,9.3
30/06/2020,2020,6,30, 3 , 182 ,7.7
1/07/2020,2020,7,1, 4 , 183 ,9.1
2/07/2020,2020,7,2, 5 , 184 ,7.3
3/07/2020,2020,7,3, 6 , 185 ,4.1
4/07/2020,2020,7,4, 7 , 186 ,5.7
5/07/2020,2020,7,5, 1 , 187 ,6.5
6/07/2020,2020,7,6, 2 , 188 ,5.8
7/07/2020,2020,7,7, 3 , 189 ,4.8
8/07/2020,2020,7,8, 4 , 190 ,9.4
9/07/2020,2020,7,9, 5 , 191 ,8.5
10/07/2020,2020,7,10, 6 , 192 ,7.9
11/07/2020,2020,7,11, 7 , 193 ,3.3
12/07/2020,2020,7,12, 1 , 194 ,8.3
13/07/2020,2020,7,13, 2 , 195 ,7.4
14/07/2020,2020,7,14, 3 , 196 ,7.6
15/07/2020,2020,7,15, 4 , 197 ,9.4
16/07/2020,2020,7,16, 5 , 198 ,8.7
17/07/2020,2020,7,17, 6 , 199 ,7.4
18/07/2020,2020,7,18, 7 , 200 ,8.3
19/07/2020,2020,7,19, 1 , 201 ,7.6
20/07/2020,2020,7,20, 2 , 202 ,8.2
21/07/2020,2020,7,21, 3 , 203 ,8.1
22/07/2020,2020,7,22, 4 , 204 ,8.4
23/07/2020,2020,7,23, 5 , 205 ,7.5
24/07/2020,2020,7,24, 6 , 206 ,10.5
25/07/2020,2020,7,25, 7 , 207 ,9.6
26/07/2020,2020,7,26, 1 , 208 ,7.2
27/07/2020,2020,7,27, 2 , 209 ,7.3
28/07/2020,2020,7,28, 3 , 210 ,8
29/07/2020,2020,7,29, 4 , 211 ,9
30/07/2020,2020,7,30, 5 , 212 ,11.3
31/07/2020,2020,7,31, 6 , 213 ,11.3
1/08/2020,2020,8,1, 7 , 214 ,11.1
2/08/2020,2020,8,2, 1 , 215 ,11.7
3/08/2020,2020,8,3, 2 , 216 ,10.2
4/08/2020,2020,8,4, 3 , 217 ,10
5/08/2020,2020,8,5, 4 , 218 ,9.6
6/08/2020,2020,8,6, 5 , 219 ,10.8
7/08/2020,2020,8,7, 6 , 220 ,5.8
8/08/2020,2020,8,8, 7 , 221 ,7.2
9/08/2020,2020,8,9, 1 , 222 ,10.2
10/08/2020,2020,8,10, 2 , 223 ,12.7
11/08/2020,2020,8,11, 3 , 224 ,10.3
12/08/2020,2020,8,12, 4 , 225 ,10
13/08/2020,2020,8,13, 5 , 226 ,11
14/08/2020,2020,8,14, 6 , 227 ,7
15/08/2020,2020,8,15, 7 , 228 ,13
16/08/2020,2020,8,16, 1 , 229 ,9.9
17/08/2020,2020,8,17, 2 , 230 ,10.4
18/08/2020,2020,8,18, 3 , 231 ,11.2
19/08/2020,2020,8,19, 4 , 232 ,7.9
20/08/2020,2020,8,20, 5 , 233 ,9.6
21/08/2020,2020,8,21, 6 , 234 ,12.2
22/08/2020,2020,8,22, 7 , 235 ,3.8
23/08/2020,2020,8,23, 1 , 236 ,8.6
24/08/2020,2020,8,24, 2 , 237 ,12.8
25/08/2020,2020,8,25, 3 , 238 ,11.2
26/08/2020,2020,8,26, 4 , 239 ,12.8
27/08/2020,2020,8,27, 5 , 240 ,13.1
28/08/2020,2020,8,28, 6 , 241 ,15.1
29/08/2020,2020,8,29, 7 , 242 ,15.6
30/08/2020,2020,8,30, 1 , 243 ,9
31/08/2020,2020,8,31, 2 , 244 ,13.5
1/09/2020,2020,9,1, 3 , 245 ,15.9
2/09/2020,2020,9,2, 4 , 246 ,12.1
3/09/2020,2020,9,3, 5 , 247 ,13.5
4/09/2020,2020,9,4, 6 , 248 ,12.7
5/09/2020,2020,9,5, 7 , 249 ,15
6/09/2020,2020,9,6, 1 , 250 ,16.9
7/09/2020,2020,9,7, 2 , 251 ,17.1
8/09/2020,2020,9,8, 3 , 252 ,4.8
9/09/2020,2020,9,9, 4 , 253 ,14.8
10/09/2020,2020,9,10, 5 , 254 ,17.5
11/09/2020,2020,9,11, 6 , 255 ,13.4
12/09/2020,2020,9,12, 7 , 256 ,4
13/09/2020,2020,9,13, 1 , 257 ,16.5
14/09/2020,2020,9,14, 2 , 258 ,18.1
15/09/2020,2020,9,15, 3 , 259 ,18.3
16/09/2020,2020,9,16, 4 , 260 ,17.4
17/09/2020,2020,9,17, 5 , 261 ,9.4
18/09/2020,2020,9,18, 6 , 262 ,13.6
19/09/2020,2020,9,19, 7 , 263 ,17.1
20/09/2020,2020,9,20, 1 , 264 ,16.7
21/09/2020,2020,9,21, 2 , 265 ,13
22/09/2020,2020,9,22, 3 , 266 ,16.8
23/09/2020,2020,9,23, 4 , 267 ,12.3
24/09/2020,2020,9,24, 5 , 268 ,13.9
25/09/2020,2020,9,25, 6 , 269 ,7.2
26/09/2020,2020,9,26, 7 , 270 ,15
27/09/2020,2020,9,27, 1 , 271 ,20.9
28/09/2020,2020,9,28, 2 , 272 ,18.3
29/09/2020,2020,9,29, 3 , 273 ,18.4
30/09/2020,2020,9,30, 4 , 274 ,13
1/10/2020,2020,10,1, 5 , 275 ,21.2
2/10/2020,2020,10,2, 6 , 276 ,22
3/10/2020,2020,10,3, 7 , 277 ,19.8
4/10/2020,2020,10,4, 1 , 278 ,8.4
5/10/2020,2020,10,5, 2 , 279 ,7.3
6/10/2020,2020,10,6, 3 , 280 ,5.8
7/10/2020,2020,10,7, 4 , 281 ,8.6
8/10/2020,2020,10,8, 5 , 282 ,9.7
9/10/2020,2020,10,9, 6 , 283 ,12.1
10/10/2020,2020,10,10, 7 , 284 ,17.7
11/10/2020,2020,10,11, 1 , 285 ,20.7
12/10/2020,2020,10,12, 2 , 286 ,20
13/10/2020,2020,10,13, 3 , 287 ,13.6
14/10/2020,2020,10,14, 4 , 288 ,21.8
15/10/2020,2020,10,15, 5 , 289 ,5.1
16/10/2020,2020,10,16, 6 , 290 ,18.2
17/10/2020,2020,10,17, 7 , 291 ,17.8
18/10/2020,2020,10,18, 1 , 292 ,19.2
19/10/2020,2020,10,19, 2 , 293 ,17.6
20/10/2020,2020,10,20, 3 , 294 ,23.4
21/10/2020,2020,10,21, 4 , 295 ,20.5
22/10/2020,2020,10,22, 5 , 296 ,25.2
23/10/2020,2020,10,23, 6 , 297 ,11
24/10/2020,2020,10,24, 7 , 298 ,11.3
25/10/2020,2020,10,25, 1 , 299 ,17.2
26/10/2020,2020,10,26, 2 , 300 ,26.5
27/10/2020,2020,10,27, 3 , 301 ,20.1
28/10/2020,2020,10,28, 4 , 302 ,26.7
29/10/2020,2020,10,29, 5 , 303 ,17.1
30/10/2020,2020,10,30, 6 , 304 ,21
31/10/2020,2020,10,31, 7 , 305 ,10
1/11/2020,2020,11,1, 1 , 306 ,23.2
2/11/2020,2020,11,2, 2 , 307 ,26.8
3/11/2020,2020,11,3, 3 , 308 ,26.9
4/11/2020,2020,11,4, 4 , 309 ,5.5
5/11/2020,2020,11,5, 5 , 310 ,23.1
6/11/2020,2020,11,6, 6 , 311 ,13.2
7/11/2020,2020,11,7, 7 , 312 ,22.9
8/11/2020,2020,11,8, 1 , 313 ,28.9
9/11/2020,2020,11,9, 2 , 314 ,28.8
10/11/2020,2020,11,10, 3 , 315 ,29.1
11/11/2020,2020,11,11, 4 , 316 ,6.5
12/11/2020,2020,11,12, 5 , 317 ,20.6
13/11/2020,2020,11,13, 6 , 318 ,18.6
14/11/2020,2020,11,14, 7 , 319 ,24.6
15/11/2020,2020,11,15, 1 , 320 ,14.6
16/11/2020,2020,11,16, 2 , 321 ,29.7
17/11/2020,2020,11,17, 3 , 322 ,28.7
18/11/2020,2020,11,18, 4 , 323 ,30.2
19/11/2020,2020,11,19, 5 , 324 ,29.1
20/11/2020,2020,11,20, 6 , 325 ,29.5
21/11/2020,2020,11,21, 7 , 326 ,18.8
22/11/2020,2020,11,22, 1 , 327 ,9.8
23/11/2020,2020,11,23, 2 , 328 ,12.6
24/11/2020,2020,11,24, 3 , 329 ,20.7
25/11/2020,2020,11,25, 4 , 330 ,29.5
26/11/2020,2020,11,26, 5 , 331 ,26.5
27/11/2020,2020,11,27, 6 , 332 ,29
28/11/2020,2020,11,28, 7 , 333 ,7.8
29/11/2020,2020,11,29, 1 , 334 ,19.9
30/11/2020,2020,11,30, 2 , 335 ,30.3
1/12/2020,2020,12,1, 3 , 336 ,8.6
2/12/2020,2020,12,2, 4 , 337 ,29.2
3/12/2020,2020,12,3, 5 , 338 ,31.2
4/12/2020,2020,12,4, 6 , 339 ,31.6
5/12/2020,2020,12,5, 7 , 340 ,7.9
6/12/2020,2020,12,6, 1 , 341 ,15.5
7/12/2020,2020,12,7, 2 , 342 ,20.9
8/12/2020,2020,12,8, 3 , 343 ,13.2
9/12/2020,2020,12,9, 4 , 344 ,30.9
10/12/2020,2020,12,10, 5 , 345 ,28.1
11/12/2020,2020,12,11, 6 , 346 ,32
12/12/2020,2020,12,12, 7 , 347 ,31.8
13/12/2020,2020,12,13, 1 , 348 ,28.4
14/12/2020,2020,12,14, 2 , 349 ,32
15/12/2020,2020,12,15, 3 , 350 ,26.9
16/12/2020,2020,12,16, 4 , 351 ,22.4
17/12/2020,2020,12,17, 5 , 352 ,25.5
18/12/2020,2020,12,18, 6 , 353 ,19.3
19/12/2020,2020,12,19, 7 , 354 ,27.8
20/12/2020,2020,12,20, 1 , 355 ,31.3
21/12/2020,2020,12,21, 2 , 356 ,13.2
22/12/2020,2020,12,22, 3 , 357 ,8.5
23/12/2020,2020,12,23, 4 , 358 ,24.8
24/12/2020,2020,12,24, 5 , 359 ,23.1
25/12/2020,2020,12,25, 6 , 360 ,23
26/12/2020,2020,12,26, 7 , 361 ,32.1
27/12/2020,2020,12,27, 1 , 362 ,3.3
28/12/2020,2020,12,28, 2 , 363 ,26.5
29/12/2020,2020,12,29, 3 , 364 ,30.7
30/12/2020,2020,12,30, 4 , 365 ,30.3
31/12/2020,2020,12,31, 5 , 366 ,7.3
1/01/2021,2021,1,1, 6 , 1 ,27.3
2/01/2021,2021,1,2, 7 , 2 ,13.9
3/01/2021,2021,1,3, 1 , 3 ,19.7
4/01/2021,2021,1,4, 2 , 4 ,8.1
5/01/2021,2021,1,5, 3 , 5 ,8
6/01/2021,2021,1,6, 4 , 6 ,16.4
7/01/2021,2021,1,7, 5 , 7 ,30
8/01/2021,2021,1,8, 6 , 8 ,31.7
9/01/2021,2021,1,9, 7 , 9 ,31.6
10/01/2021,2021,1,10, 1 , 10 ,29.1
11/01/2021,2021,1,11, 2 , 11 ,26.3
12/01/2021,2021,1,12, 3 , 12 ,24.4
13/01/2021,2021,1,13, 4 , 13 ,21.8
14/01/2021,2021,1,14, 5 , 14 ,26.4
15/01/2021,2021,1,15, 6 , 15 ,15.5
16/01/2021,2021,1,16, 7 , 16 ,14.5
17/01/2021,2021,1,17, 1 , 17 ,28.9
18/01/2021,2021,1,18, 2 , 18 ,25.5
19/01/2021,2021,1,19, 3 , 19 ,26.6
20/01/2021,2021,1,20, 4 , 20 ,30.5
21/01/2021,2021,1,21, 5 , 21 ,30
22/01/2021,2021,1,22, 6 , 22 ,29.3
23/01/2021,2021,1,23, 7 , 23 ,29.8
24/01/2021,2021,1,24, 1 , 24 ,24.4
25/01/2021,2021,1,25, 2 , 25 ,17.5
26/01/2021,2021,1,26, 3 , 26 ,5.5
27/01/2021,2021,1,27, 4 , 27 ,28.1
28/01/2021,2021,1,28, 5 , 28 ,10.9
29/01/2021,2021,1,29, 6 , 29 ,3.8
30/01/2021,2021,1,30, 7 , 30 ,19.1
31/01/2021,2021,1,31, 1 , 31 ,25.3
1/02/2021,2021,2,1, 2 , 32 ,10.5
2/02/2021,2021,2,2, 3 , 33 ,19.9
3/02/2021,2021,2,3, 4 , 34 ,28.4
4/02/2021,2021,2,4, 5 , 35 ,18.6
5/02/2021,2021,2,5, 6 , 36 ,12.1
6/02/2021,2021,2,6, 7 , 37 ,15.1
7/02/2021,2021,2,7, 1 , 38 ,15.7
8/02/2021,2021,2,8, 2 , 39 ,12.8
9/02/2021,2021,2,9, 3 , 40 ,27.6
10/02/2021,2021,2,10, 4 , 41 ,27
11/02/2021,2021,2,11, 5 , 42 ,16
12/02/2021,2021,2,12, 6 , 43 ,19.4
13/02/2021,2021,2,13, 7 , 44 ,19.9
14/02/2021,2021,2,14, 1 , 45 ,20
15/02/2021,2021,2,15, 2 , 46 ,22.3
16/02/2021,2021,2,16, 3 , 47 ,20.7
17/02/2021,2021,2,17, 4 , 48 ,25.9
18/02/2021,2021,2,18, 5 , 49 ,25.8
19/02/2021,2021,2,19, 6 , 50 ,25.4
20/02/2021,2021,2,20, 7 , 51 ,13.7
21/02/2021,2021,2,21, 1 , 52 ,7.4
22/02/2021,2021,2,22, 2 , 53 ,17.1
23/02/2021,2021,2,23, 3 , 54 ,22.1
24/02/2021,2021,2,24, 4 , 55 ,23.3
25/02/2021,2021,2,25, 5 , 56 ,18.9
26/02/2021,2021,2,26, 6 , 57 ,15.7
27/02/2021,2021,2,27, 7 , 58 ,11.8
28/02/2021,2021,2,28, 1 , 59 ,23.3
