,Year,Month,Day of the Year,Min
0,0,1,1,13.3
1,0,1,2,15.4
2,0,1,3,20.0
3,0,1,4,16.3
4,0,1,5,15.0
5,0,1,6,17.7
6,0,1,7,18.9
7,0,1,8,23.1
8,0,1,9,16.5
9,0,1,10,13.6
10,0,1,11,15.6
11,0,1,12,16.1
12,0,1,13,20.2
13,0,1,14,18.3
14,0,1,15,15.8
15,0,1,16,13.1
16,0,1,17,15.9
17,0,1,18,15.3
18,0,1,19,13.5
19,0,1,20,13.0
20,0,1,21,19.7
21,0,1,22,18.7
22,0,1,23,20.2
23,0,1,24,15.8
24,0,1,25,14.7
25,0,1,26,11.6
26,0,1,27,11.7
27,0,1,28,13.3
28,0,1,29,12.8
29,0,1,30,13.1
30,0,1,31,14.3
31,0,2,32,13.2
32,0,2,33,13.5
33,0,2,34,16.1
34,0,2,35,14.8
35,0,2,36,13.3
36,0,2,37,14.5
37,0,2,38,18.8
38,0,2,39,18.9
39,0,2,40,13.6
40,0,2,41,16.4
41,0,2,42,18.1
42,0,2,43,17.8
43,0,2,44,16.1
44,0,2,45,19.0
45,0,2,46,18.2
46,0,2,47,17.4
47,0,2,48,17.6
48,0,2,49,17.7
49,0,2,50,18.2
50,0,2,51,17.4
51,0,2,52,18.1
52,0,2,53,20.3
53,0,2,54,21.1
54,0,2,55,15.9
55,0,2,56,14.0
56,0,2,57,16.0
57,0,2,58,14.8
58,0,2,59,17.9
59,0,3,60,15.2
60,0,3,61,11.6
61,0,3,62,15.5
62,0,3,63,15.4
63,0,3,64,12.6
64,0,3,65,14.1
65,0,3,66,15.4
66,0,3,67,16.2
67,0,3,68,14.4
68,0,3,69,16.2
69,0,3,70,11.2
70,0,3,71,13.0
71,0,3,72,14.4
72,0,3,73,9.4
73,0,3,74,13.1
74,0,3,75,10.5
75,0,3,76,13.0
76,0,3,77,17.8
77,0,3,78,16.5
78,0,3,79,14.2
79,0,3,80,11.9
80,0,3,81,11.3
81,0,3,82,13.6
82,0,3,83,12.6
83,0,3,84,13.0
84,0,3,85,9.8
85,0,3,86,11.6
86,0,3,87,12.7
87,0,3,88,8.5
88,0,3,89,10.6
89,0,3,90,11.2
90,0,4,91,13.3
91,0,4,92,12.8
92,0,4,93,8.0
93,0,4,94,8.5
94,0,4,95,10.2
95,0,4,96,11.2
96,0,4,97,12.4
97,0,4,98,13.3
98,0,4,99,8.7
99,0,4,100,8.6
100,0,4,101,11.6
101,0,4,102,12.1
102,0,4,103,7.3
103,0,4,104,10.5
104,0,4,105,13.9
105,0,4,106,15.6
106,0,4,107,10.1
107,0,4,108,13.5
108,0,4,109,9.7
109,0,4,110,7.0
110,0,4,111,6.5
111,0,4,112,9.1
112,0,4,113,12.2
113,0,4,114,14.4
114,0,4,115,11.6
115,0,4,116,10.4
116,0,4,117,10.5
117,0,4,118,10.1
118,0,4,119,7.4
119,0,4,120,6.4
120,0,5,121,7.9
121,0,5,122,11.6
122,0,5,123,9.7
123,0,5,124,7.5
124,0,5,125,9.2
125,0,5,126,9.5
126,0,5,127,10.3
127,0,5,128,10.5
128,0,5,129,12.8
129,0,5,130,12.8
130,0,5,131,12.4
131,0,5,132,12.8
132,0,5,133,6.3
133,0,5,134,7.3
134,0,5,135,11.5
135,0,5,136,11.3
136,0,5,137,7.4
137,0,5,138,7.2
138,0,5,139,9.9
139,0,5,140,13.6
140,0,5,141,10.3
141,0,5,142,9.1
142,0,5,143,10.4
143,0,5,144,6.0
144,0,5,145,7.4
145,0,5,146,5.4
146,0,5,147,7.9
147,0,5,148,13.1
148,0,5,149,9.5
149,0,5,150,11.0
150,0,5,151,12.3
151,0,6,152,5.2
152,0,6,153,7.1
153,0,6,154,8.1
154,0,6,155,4.4
155,0,6,156,7.0
156,0,6,157,9.2
157,0,6,158,11.2
158,0,6,159,11.1
159,0,6,160,10.3
160,0,6,161,7.5
161,0,6,162,5.7
162,0,6,163,5.2
163,0,6,164,6.0
164,0,6,165,5.8
165,0,6,166,7.1
166,0,6,167,9.5
167,0,6,168,11.7
168,0,6,169,10.7
169,0,6,170,7.0
170,0,6,171,4.1
171,0,6,172,2.2
172,0,6,173,3.6
173,0,6,174,9.6
174,0,6,175,12.2
175,0,6,176,9.6
176,0,6,177,10.5
177,0,6,178,8.0
178,0,6,179,9.6
179,0,6,180,6.9
180,0,6,181,5.0
181,0,7,182,7.4
182,0,7,183,10.3
183,0,7,184,5.9
184,0,7,185,7.3
185,0,7,186,8.2
186,0,7,187,7.5
187,0,7,188,7.4
188,0,7,189,4.9
189,0,7,190,6.5
190,0,7,191,7.6
191,0,7,192,10.9
192,0,7,193,3.4
193,0,7,194,6.1
194,0,7,195,8.1
195,0,7,196,5.8
196,0,7,197,6.6
197,0,7,198,7.3
198,0,7,199,6.1
199,0,7,200,0.6
200,0,7,201,1.8
201,0,7,202,4.2
202,0,7,203,11.4
203,0,7,204,5.1
204,0,7,205,7.6
205,0,7,206,9.4
206,0,7,207,8.1
207,0,7,208,6.2
208,0,7,209,7.9
209,0,7,210,8.4
210,0,7,211,8.6
211,0,7,212,4.1
212,0,8,213,6.5
213,0,8,214,7.8
214,0,8,215,7.3
215,0,8,216,3.5
216,0,8,217,6.6
217,0,8,218,7.1
218,0,8,219,9.0
219,0,8,220,8.8
220,0,8,221,7.7
221,0,8,222,8.3
222,0,8,223,7.8
223,0,8,224,9.3
224,0,8,225,8.4
225,0,8,226,10.4
226,0,8,227,10.0
227,0,8,228,4.7
228,0,8,229,6.8
229,0,8,230,6.1
230,0,8,231,5.5
231,0,8,232,6.1
232,0,8,233,10.9
233,0,8,234,11.8
234,0,8,235,7.9
235,0,8,236,8.5
236,0,8,237,9.5
237,0,8,238,9.2
238,0,8,239,9.8
239,0,8,240,8.1
240,0,8,241,6.3
241,0,8,242,7.9
242,0,8,243,8.1
243,0,9,244,5.1
244,0,9,245,8.0
245,0,9,246,10.6
246,0,9,247,8.7
247,0,9,248,10.2
248,0,9,249,5.8
249,0,9,250,8.9
250,0,9,251,8.8
251,0,9,252,10.0
252,0,9,253,10.0
253,0,9,254,5.1
254,0,9,255,12.2
255,0,9,256,13.2
256,0,9,257,15.4
257,0,9,258,10.8
258,0,9,259,8.9
259,0,9,260,9.0
260,0,9,261,10.5
261,0,9,262,6.5
262,0,9,263,8.5
263,0,9,264,14.0
264,0,9,265,7.6
265,0,9,266,8.5
266,0,9,267,5.1
267,0,9,268,5.8
268,0,9,269,6.6
269,0,9,270,9.8
270,0,9,271,8.3
271,0,9,272,9.0
272,0,9,273,11.5
273,0,10,274,6.0
274,0,10,275,9.9
275,0,10,276,16.3
276,0,10,277,13.9
277,0,10,278,12.7
278,0,10,279,15.5
279,0,10,280,11.8
280,0,10,281,7.6
281,0,10,282,10.9
282,0,10,283,17.5
283,0,10,284,16.9
284,0,10,285,11.3
285,0,10,286,7.9
286,0,10,287,11.2
287,0,10,288,14.4
288,0,10,289,17.0
289,0,10,290,11.5
290,0,10,291,12.6
291,0,10,292,8.3
292,0,10,293,12.9
293,0,10,294,17.6
294,0,10,295,11.4
295,0,10,296,11.8
296,0,10,297,9.2
297,0,10,298,10.2
298,0,10,299,14.0
299,0,10,300,10.4
300,0,10,301,10.1
301,0,10,302,13.7
302,0,10,303,12.6
303,0,10,304,15.7
304,0,11,305,16.4
305,0,11,306,14.5
306,0,11,307,8.0
307,0,11,308,10.9
308,0,11,309,16.2
309,0,11,310,16.6
310,0,11,311,11.9
311,0,11,312,8.5
312,0,11,313,13.6
313,0,11,314,15.2
314,0,11,315,11.5
315,0,11,316,13.7
316,0,11,317,13.5
317,0,11,318,12.1
318,0,11,319,13.0
319,0,11,320,11.4
320,0,11,321,15.7
321,0,11,322,14.7
322,0,11,323,15.6
323,0,11,324,15.4
324,0,11,325,12.2
325,0,11,326,13.5
326,0,11,327,13.8
327,0,11,328,13.6
328,0,11,329,13.5
329,0,11,330,10.8
330,0,11,331,9.0
331,0,11,332,12.0
332,0,11,333,12.6
333,0,11,334,10.0
334,0,12,335,14.5
335,0,12,336,9.2
336,0,12,337,12.2
337,0,12,338,11.3
338,0,12,339,15.5
339,0,12,340,15.3
340,0,12,341,18.1
341,0,12,342,20.3
342,0,12,343,15.4
343,0,12,344,13.1
344,0,12,345,14.2
345,0,12,346,10.1
346,0,12,347,10.3
347,0,12,348,11.9
348,0,12,349,14.4
349,0,12,350,15.6
350,0,12,351,16.9
351,0,12,352,19.4
352,0,12,353,19.2
353,0,12,354,25.9
354,0,12,355,15.0
355,0,12,356,12.0
356,0,12,357,15.1
357,0,12,358,16.7
358,0,12,359,21.7
359,0,12,360,12.7
360,0,12,361,11.9
361,0,12,362,12.8
362,0,12,363,12.4
363,0,12,364,13.9
364,0,12,365,19.7
365,1,1,1,19.8
366,1,1,2,17.1
367,1,1,3,17.5
368,1,1,4,16.3
369,1,1,5,17.1
370,1,1,6,17.3
371,1,1,7,16.3
372,1,1,8,16.2
373,1,1,9,16.8
374,1,1,10,15.7
375,1,1,11,17.2
376,1,1,12,17.1
377,1,1,13,16.8
378,1,1,14,16.1
379,1,1,15,13.6
380,1,1,16,11.9
381,1,1,17,14.9
382,1,1,18,18.6
383,1,1,19,17.9
384,1,1,20,19.3
385,1,1,21,19.0
386,1,1,22,17.5
387,1,1,23,17.3
388,1,1,24,16.2
389,1,1,25,16.7
390,1,1,26,16.5
391,1,1,27,19.3
392,1,1,28,20.3
393,1,1,29,14.4
394,1,1,30,12.3
395,1,1,31,13.9
396,1,2,32,12.5
397,1,2,33,15.4
398,1,2,34,18.1
399,1,2,35,17.3
400,1,2,36,15.3
401,1,2,37,16.5
402,1,2,38,19.1
403,1,2,39,19.2
404,1,2,40,17.4
405,1,2,41,17.4
406,1,2,42,18.0
407,1,2,43,16.7
408,1,2,44,17.7
409,1,2,45,16.4
410,1,2,46,14.0
411,1,2,47,13.7
412,1,2,48,12.7
413,1,2,49,15.5
414,1,2,50,15.8
415,1,2,51,15.8
416,1,2,52,12.6
417,1,2,53,15.6
418,1,2,54,18.1
419,1,2,55,22.4
420,1,2,56,19.6
421,1,2,57,15.5
422,1,2,58,17.7
423,1,2,59,17.7
424,1,2,60,15.0
425,1,3,61,17.3
426,1,3,62,17.6
427,1,3,63,17.4
428,1,3,64,16.5
429,1,3,65,20.4
430,1,3,66,17.4
431,1,3,67,18.6
432,1,3,68,19.9
433,1,3,69,20.8
434,1,3,70,18.1
435,1,3,71,18.8
436,1,3,72,18.7
437,1,3,73,17.7
438,1,3,74,18.4
439,1,3,75,15.1
440,1,3,76,15.3
441,1,3,77,18.3
442,1,3,78,15.2
443,1,3,79,12.0
444,1,3,80,10.1
445,1,3,81,11.2
446,1,3,82,11.4
447,1,3,83,13.7
448,1,3,84,16.3
449,1,3,85,15.9
450,1,3,86,14.1
451,1,3,87,14.3
452,1,3,88,9.4
453,1,3,89,14.5
454,1,3,90,15.5
455,1,3,91,11.3
456,1,4,92,13.1
457,1,4,93,15.5
458,1,4,94,11.3
459,1,4,95,9.7
460,1,4,96,12.3
461,1,4,97,13.6
462,1,4,98,8.3
463,1,4,99,11.9
464,1,4,100,10.4
465,1,4,101,13.6
466,1,4,102,14.5
467,1,4,103,14.0
468,1,4,104,11.3
469,1,4,105,11.6
470,1,4,106,13.4
471,1,4,107,14.0
472,1,4,108,13.1
473,1,4,109,9.8
474,1,4,110,13.6
475,1,4,111,15.3
476,1,4,112,17.1
477,1,4,113,14.6
478,1,4,114,12.3
479,1,4,115,9.1
480,1,4,116,9.9
481,1,4,117,11.3
482,1,4,118,13.0
483,1,4,119,19.8
484,1,4,120,16.9
485,1,4,121,16.4
486,1,5,122,14.4
487,1,5,123,9.0
488,1,5,124,12.3
489,1,5,125,9.8
490,1,5,126,12.6
491,1,5,127,15.9
492,1,5,128,11.4
493,1,5,129,15.5
494,1,5,130,15.4
495,1,5,131,13.7
496,1,5,132,12.2
497,1,5,133,14.1
498,1,5,134,15.9
499,1,5,135,14.5
500,1,5,136,15.0
501,1,5,137,7.7
502,1,5,138,11.4
503,1,5,139,13.0
504,1,5,140,14.6
505,1,5,141,11.6
506,1,5,142,8.1
507,1,5,143,9.2
508,1,5,144,12.8
509,1,5,145,10.7
510,1,5,146,7.6
511,1,5,147,10.3
512,1,5,148,9.2
513,1,5,149,5.7
514,1,5,150,8.7
515,1,5,151,7.2
516,1,5,152,3.6
517,1,6,153,4.8
518,1,6,154,4.8
519,1,6,155,6.8
520,1,6,156,9.8
521,1,6,157,10.5
522,1,6,158,8.9
523,1,6,159,10.5
524,1,6,160,9.7
525,1,6,161,10.8
526,1,6,162,10.4
527,1,6,163,9.0
528,1,6,164,5.0
529,1,6,165,3.8
530,1,6,166,8.6
531,1,6,167,6.0
532,1,6,168,7.8
533,1,6,169,9.3
534,1,6,170,10.0
535,1,6,171,7.3
536,1,6,172,9.1
537,1,6,173,10.4
538,1,6,174,11.2
539,1,6,175,10.4
540,1,6,176,6.9
541,1,6,177,5.6
542,1,6,178,3.0
543,1,6,179,4.8
544,1,6,180,5.0
545,1,6,181,8.9
546,1,6,182,10.3
547,1,7,183,7.3
548,1,7,184,9.9
549,1,7,185,10.9
550,1,7,186,10.4
551,1,7,187,8.2
552,1,7,188,9.8
553,1,7,189,10.5
554,1,7,190,9.7
555,1,7,191,5.3
556,1,7,192,6.5
557,1,7,193,8.3
558,1,7,194,10.7
559,1,7,195,4.5
560,1,7,196,6.6
561,1,7,197,8.8
562,1,7,198,7.8
563,1,7,199,3.1
564,1,7,200,9.6
565,1,7,201,12.6
566,1,7,202,9.8
567,1,7,203,6.9
568,1,7,204,9.2
569,1,7,205,7.5
570,1,7,206,4.7
571,1,7,207,6.3
572,1,7,208,6.5
573,1,7,209,7.5
574,1,7,210,6.9
575,1,7,211,10.2
576,1,7,212,9.1
577,1,7,213,10.3
578,1,8,214,11.2
579,1,8,215,8.5
580,1,8,216,8.7
581,1,8,217,4.9
582,1,8,218,3.4
583,1,8,219,5.8
584,1,8,220,7.6
585,1,8,221,5.0
586,1,8,222,9.7
587,1,8,223,9.6
588,1,8,224,6.8
589,1,8,225,7.7
590,1,8,226,7.9
591,1,8,227,8.5
592,1,8,228,10.2
593,1,8,229,10.0
594,1,8,230,12.5
595,1,8,231,7.1
596,1,8,232,15.3
597,1,8,233,6.9
598,1,8,234,9.5
599,1,8,235,7.8
600,1,8,236,7.0
601,1,8,237,3.7
602,1,8,238,6.5
603,1,8,239,7.2
604,1,8,240,9.3
605,1,8,241,10.5
606,1,8,242,8.7
607,1,8,243,10.2
608,1,8,244,12.8
609,1,9,245,11.6
610,1,9,246,9.6
611,1,9,247,10.0
612,1,9,248,10.1
613,1,9,249,12.8
614,1,9,250,9.2
615,1,9,251,9.6
616,1,9,252,13.1
617,1,9,253,16.0
618,1,9,254,11.5
619,1,9,255,7.3
620,1,9,256,9.9
621,1,9,257,9.6
622,1,9,258,10.5
623,1,9,259,8.7
624,1,9,260,9.0
625,1,9,261,11.1
626,1,9,262,10.8
627,1,9,263,8.5
628,1,9,264,9.1
629,1,9,265,10.9
630,1,9,266,9.6
631,1,9,267,9.8
632,1,9,268,10.0
633,1,9,269,9.5
634,1,9,270,8.1
635,1,9,271,7.4
636,1,9,272,7.5
637,1,9,273,12.5
638,1,9,274,9.3
639,1,10,275,11.6
640,1,10,276,12.1
641,1,10,277,11.1
642,1,10,278,10.6
643,1,10,279,8.0
644,1,10,280,9.7
645,1,10,281,14.1
646,1,10,282,9.7
647,1,10,283,9.5
648,1,10,284,13.0
649,1,10,285,7.5
650,1,10,286,10.2
651,1,10,287,6.8
652,1,10,288,5.2
653,1,10,289,9.4
654,1,10,290,17.4
655,1,10,291,9.8
656,1,10,292,9.6
657,1,10,293,7.5
658,1,10,294,6.8
659,1,10,295,14.8
660,1,10,296,6.9
661,1,10,297,7.9
662,1,10,298,9.4
663,1,10,299,9.6
664,1,10,300,16.5
665,1,10,301,10.1
666,1,10,302,6.3
667,1,10,303,9.3
668,1,10,304,12.7
669,1,10,305,7.9
670,1,11,306,9.4
671,1,11,307,9.7
672,1,11,308,10.0
673,1,11,309,10.2
674,1,11,310,10.0
675,1,11,311,11.5
676,1,11,312,14.6
677,1,11,313,11.0
678,1,11,314,9.2
679,1,11,315,11.9
680,1,11,316,8.4
681,1,11,317,13.2
682,1,11,318,11.7
683,1,11,319,11.5
684,1,11,320,11.0
685,1,11,321,11.9
686,1,11,322,12.0
687,1,11,323,15.3
688,1,11,324,11.7
689,1,11,325,11.9
690,1,11,326,17.9
691,1,11,327,14.5
692,1,11,328,11.0
693,1,11,329,10.3
694,1,11,330,10.9
695,1,11,331,12.2
696,1,11,332,11.6
697,1,11,333,12.2
698,1,11,334,10.4
699,1,11,335,13.3
700,1,12,336,12.9
701,1,12,337,13.0
702,1,12,338,9.9
703,1,12,339,12.7
704,1,12,340,16.9
705,1,12,341,12.8
706,1,12,342,10.5
707,1,12,343,15.4
708,1,12,344,10.0
709,1,12,345,11.2
710,1,12,346,12.9
711,1,12,347,10.7
712,1,12,348,16.5
713,1,12,349,15.7
714,1,12,350,11.7
715,1,12,351,9.7
716,1,12,352,15.1
717,1,12,353,10.0
718,1,12,354,8.8
719,1,12,355,14.4
720,1,12,356,13.5
721,1,12,357,14.6
722,1,12,358,12.5
723,1,12,359,16.2
724,1,12,360,16.4
725,1,12,361,25.4
726,1,12,362,18.0
727,1,12,363,20.3
728,1,12,364,27.0
729,1,12,365,20.1
730,1,12,366,17.3
731,2,1,1,16.8
732,2,1,2,14.8
733,2,1,3,14.6
734,2,1,4,13.3
735,2,1,5,18.5
736,2,1,6,18.3
737,2,1,7,20.9
738,2,1,8,28.0
739,2,1,9,18.5
740,2,1,10,17.7
741,2,1,11,16.6
742,2,1,12,14.9
743,2,1,13,17.5
744,2,1,14,15.2
745,2,1,15,15.2
746,2,1,16,12.2
747,2,1,17,16.4
748,2,1,18,15.6
749,2,1,19,11.0
750,2,1,20,16.1
751,2,1,21,15.3
752,2,1,22,12.7
753,2,1,23,17.8
754,2,1,24,19.1
755,2,1,25,13.5
756,2,1,26,16.4
757,2,1,27,17.0
758,2,1,28,15.0
759,2,1,29,15.1
760,2,1,30,17.8
761,2,1,31,16.5
762,2,2,32,14.3
763,2,2,33,14.2
764,2,2,34,15.4
765,2,2,35,14.6
766,2,2,36,18.5
767,2,2,37,15.1
768,2,2,38,15.4
769,2,2,39,16.5
770,2,2,40,20.3
771,2,2,41,18.7
772,2,2,42,18.5
773,2,2,43,15.1
774,2,2,44,14.0
775,2,2,45,14.5
776,2,2,46,10.0
777,2,2,47,14.9
778,2,2,48,13.7
779,2,2,49,13.3
780,2,2,50,11.7
781,2,2,51,11.6
782,2,2,52,10.1
783,2,2,53,12.8
784,2,2,54,15.9
785,2,2,55,15.8
786,2,2,56,13.7
787,2,2,57,13.2
788,2,2,58,15.6
789,2,2,59,17.3
790,2,3,60,16.6
791,2,3,61,17.7
792,2,3,62,18.1
793,2,3,63,16.1
794,2,3,64,17.6
795,2,3,65,17.7
796,2,3,66,15.0
797,2,3,67,14.2
798,2,3,68,15.0
799,2,3,69,18.5
800,2,3,70,18.0
801,2,3,71,17.9
802,2,3,72,15.7
803,2,3,73,18.8
804,2,3,74,20.8
805,2,3,75,21.7
806,2,3,76,15.8
807,2,3,77,12.4
808,2,3,78,14.5
809,2,3,79,19.3
810,2,3,80,19.9
811,2,3,81,17.8
812,2,3,82,16.2
813,2,3,83,13.9
814,2,3,84,15.3
815,2,3,85,19.3
816,2,3,86,19.3
817,2,3,87,11.9
818,2,3,88,13.9
819,2,3,89,10.2
820,2,3,90,10.1
821,2,4,91,10.0
822,2,4,92,11.7
823,2,4,93,8.2
824,2,4,94,10.0
825,2,4,95,11.0
826,2,4,96,12.0
827,2,4,97,12.7
828,2,4,98,18.6
829,2,4,99,11.7
830,2,4,100,9.0
831,2,4,101,12.3
832,2,4,102,10.8
833,2,4,103,10.9
834,2,4,104,13.0
835,2,4,105,11.8
836,2,4,106,9.9
837,2,4,107,11.1
838,2,4,108,9.5
839,2,4,109,13.0
840,2,4,110,14.6
841,2,4,111,16.5
842,2,4,112,16.9
843,2,4,113,14.4
844,2,4,114,15.9
845,2,4,115,16.2
846,2,4,116,10.1
847,2,4,117,8.3
848,2,4,118,9.4
849,2,4,119,14.9
850,2,4,120,13.6
851,2,5,121,13.6
852,2,5,122,10.4
853,2,5,123,7.4
854,2,5,124,5.8
855,2,5,125,6.2
856,2,5,126,9.6
857,2,5,127,8.9
858,2,5,128,10.1
859,2,5,129,10.9
860,2,5,130,8.1
861,2,5,131,6.1
862,2,5,132,5.9
863,2,5,133,8.4
864,2,5,134,6.4
865,2,5,135,6.3
866,2,5,136,5.6
867,2,5,137,7.6
868,2,5,138,10.7
869,2,5,139,10.2
870,2,5,140,10.2
871,2,5,141,10.8
872,2,5,142,10.4
873,2,5,143,12.8
874,2,5,144,11.7
875,2,5,145,13.7
876,2,5,146,13.1
877,2,5,147,11.9
878,2,5,148,10.2
879,2,5,149,7.7
880,2,5,150,9.3
881,2,5,151,6.7
882,2,6,152,7.9
883,2,6,153,8.0
884,2,6,154,9.9
885,2,6,155,4.4
886,2,6,156,5.6
887,2,6,157,8.7
888,2,6,158,5.9
889,2,6,159,3.6
890,2,6,160,6.6
891,2,6,161,7.0
892,2,6,162,3.4
893,2,6,163,6.0
894,2,6,164,8.8
895,2,6,165,4.0
896,2,6,166,7.7
897,2,6,167,6.6
898,2,6,168,4.2
899,2,6,169,5.4
900,2,6,170,7.1
901,2,6,171,6.4
902,2,6,172,7.8
903,2,6,173,6.7
904,2,6,174,7.4
905,2,6,175,8.3
906,2,6,176,8.6
907,2,6,177,8.8
908,2,6,178,6.0
909,2,6,179,6.8
910,2,6,180,9.2
911,2,6,181,7.1
912,2,7,182,1.1
913,2,7,183,0.8
914,2,7,184,3.8
915,2,7,185,9.0
916,2,7,186,10.1
917,2,7,187,4.8
918,2,7,188,8.0
919,2,7,189,5.3
920,2,7,190,7.3
921,2,7,191,7.0
922,2,7,192,6.9
923,2,7,193,3.2
924,2,7,194,4.8
925,2,7,195,9.9
926,2,7,196,4.5
927,2,7,197,3.0
928,2,7,198,5.7
929,2,7,199,9.7
930,2,7,200,8.9
931,2,7,201,7.9
932,2,7,202,3.3
933,2,7,203,5.4
934,2,7,204,8.4
935,2,7,205,8.1
936,2,7,206,9.8
937,2,7,207,10.9
938,2,7,208,4.4
939,2,7,209,6.2
940,2,7,210,9.7
941,2,7,211,11.3
942,2,7,212,6.7
943,2,8,213,3.5
944,2,8,214,3.4
945,2,8,215,3.1
946,2,8,216,4.3
947,2,8,217,8.8
948,2,8,218,9.0
949,2,8,219,7.7
950,2,8,220,7.9
951,2,8,221,8.9
952,2,8,222,11.4
953,2,8,223,10.3
954,2,8,224,10.3
955,2,8,225,9.4
956,2,8,226,12.3
957,2,8,227,10.4
958,2,8,228,12.1
959,2,8,229,9.3
960,2,8,230,8.0
961,2,8,231,5.9
962,2,8,232,5.1
963,2,8,233,6.8
964,2,8,234,5.7
965,2,8,235,8.3
966,2,8,236,5.2
967,2,8,237,4.9
968,2,8,238,9.9
969,2,8,239,5.8
970,2,8,240,5.8
971,2,8,241,5.4
972,2,8,242,7.7
973,2,8,243,4.0
974,2,9,244,3.7
975,2,9,245,7.3
976,2,9,246,13.4
977,2,9,247,8.8
978,2,9,248,6.5
979,2,9,249,6.7
980,2,9,250,7.9
981,2,9,251,8.0
982,2,9,252,7.1
983,2,9,253,5.3
984,2,9,254,8.1
985,2,9,255,12.2
986,2,9,256,13.3
987,2,9,257,5.8
988,2,9,258,9.6
989,2,9,259,7.4
990,2,9,260,4.0
991,2,9,261,10.5
992,2,9,262,9.0
993,2,9,263,6.0
994,2,9,264,11.6
995,2,9,265,12.8
996,2,9,266,14.8
997,2,9,267,12.9
998,2,9,268,10.3
999,2,9,269,5.0
1000,2,9,270,9.6
1001,2,9,271,10.4
1002,2,9,272,10.6
1003,2,9,273,11.0
1004,2,10,274,9.7
1005,2,10,275,9.5
1006,2,10,276,6.8
1007,2,10,277,8.5
1008,2,10,278,11.7
1009,2,10,279,10.1
1010,2,10,280,7.2
1011,2,10,281,11.1
1012,2,10,282,14.0
1013,2,10,283,8.0
1014,2,10,284,9.8
1015,2,10,285,10.5
1016,2,10,286,13.1
1017,2,10,287,8.2
1018,2,10,288,6.8
1019,2,10,289,11.3
1020,2,10,290,12.8
1021,2,10,291,14.5
1022,2,10,292,21.7
1023,2,10,293,11.3
1024,2,10,294,11.0
1025,2,10,295,11.1
1026,2,10,296,11.9
1027,2,10,297,12.1
1028,2,10,298,13.3
1029,2,10,299,12.9
1030,2,10,300,10.3
1031,2,10,301,15.0
1032,2,10,302,11.5
1033,2,10,303,8.8
1034,2,10,304,8.1
1035,2,11,305,11.9
1036,2,11,306,11.3
1037,2,11,307,9.4
1038,2,11,308,8.3
1039,2,11,309,6.4
1040,2,11,310,10.9
1041,2,11,311,10.0
1042,2,11,312,12.1
1043,2,11,313,8.7
1044,2,11,314,12.1
1045,2,11,315,14.8
1046,2,11,316,13.2
1047,2,11,317,13.7
1048,2,11,318,18.2
1049,2,11,319,21.5
1050,2,11,320,18.1
1051,2,11,321,16.4
1052,2,11,322,16.1
1053,2,11,323,15.1
1054,2,11,324,16.6
1055,2,11,325,17.8
1056,2,11,326,18.7
1057,2,11,327,16.2
1058,2,11,328,18.6
1059,2,11,329,19.3
1060,2,11,330,19.4
1061,2,11,331,16.5
1062,2,11,332,13.7
1063,2,11,333,18.5
1064,2,11,334,22.5
1065,2,12,335,21.5
1066,2,12,336,14.7
1067,2,12,337,11.5
1068,2,12,338,12.4
1069,2,12,339,10.8
1070,2,12,340,13.6
1071,2,12,341,11.6
1072,2,12,342,11.4
1073,2,12,343,12.7
1074,2,12,344,14.5
1075,2,12,345,16.4
1076,2,12,346,15.8
1077,2,12,347,15.8
1078,2,12,348,20.5
1079,2,12,349,14.1
1080,2,12,350,13.8
1081,2,12,351,15.7
1082,2,12,352,17.1
1083,2,12,353,19.7
1084,2,12,354,15.8
1085,2,12,355,12.3
1086,2,12,356,13.6
1087,2,12,357,14.7
1088,2,12,358,15.8
1089,2,12,359,15.1
1090,2,12,360,12.5
1091,2,12,361,17.3
1092,2,12,362,24.0
1093,2,12,363,18.6
1094,2,12,364,15.6
1095,2,12,365,12.0
1096,3,1,1,16.6
1097,3,1,2,16.4
1098,3,1,3,14.6
1099,3,1,4,14.1
1100,3,1,5,14.7
1101,3,1,6,18.8
1102,3,1,7,18.7
1103,3,1,8,17.3
1104,3,1,9,15.7
1105,3,1,10,13.6
1106,3,1,11,15.5
1107,3,1,12,20.4
1108,3,1,13,16.0
1109,3,1,14,12.7
1110,3,1,15,14.6
1111,3,1,16,12.9
1112,3,1,17,12.4
1113,3,1,18,16.6
1114,3,1,19,22.5
1115,3,1,20,20.3
1116,3,1,21,21.0
1117,3,1,22,20.5
1118,3,1,23,18.0
1119,3,1,24,14.8
1120,3,1,25,17.1
1121,3,1,26,19.4
1122,3,1,27,21.2
1123,3,1,28,22.7
1124,3,1,29,27.8
1125,3,1,30,15.6
1126,3,1,31,14.6
1127,3,2,32,12.1
1128,3,2,33,13.4
1129,3,2,34,15.8
1130,3,2,35,14.7
1131,3,2,36,17.0
1132,3,2,37,17.7
1133,3,2,38,18.7
1134,3,2,39,20.6
1135,3,2,40,20.4
1136,3,2,41,18.7
1137,3,2,42,15.5
1138,3,2,43,16.3
1139,3,2,44,13.6
1140,3,2,45,17.5
1141,3,2,46,13.5
1142,3,2,47,15.7
1143,3,2,48,12.4
1144,3,2,49,13.6
1145,3,2,50,17.6
1146,3,2,51,14.1
1147,3,2,52,16.0
1148,3,2,53,20.3
1149,3,2,54,21.2
1150,3,2,55,22.7
1151,3,2,56,16.2
1152,3,2,57,14.3
1153,3,2,58,14.9
1154,3,2,59,20.0
1155,3,3,60,16.2
1156,3,3,61,14.5
1157,3,3,62,13.9
1158,3,3,63,15.8
1159,3,3,64,14.9
1160,3,3,65,12.5
1161,3,3,66,14.4
1162,3,3,67,14.9
1163,3,3,68,14.6
1164,3,3,69,14.3
1165,3,3,70,17.0
1166,3,3,71,16.7
1167,3,3,72,14.6
1168,3,3,73,12.8
1169,3,3,74,15.3
1170,3,3,75,12.5
1171,3,3,76,15.4
1172,3,3,77,22.6
1173,3,3,78,13.2
1174,3,3,79,15.4
1175,3,3,80,11.2
1176,3,3,81,12.3
1177,3,3,82,15.2
1178,3,3,83,20.2
1179,3,3,84,17.8
1180,3,3,85,10.7
1181,3,3,86,9.6
1182,3,3,87,11.3
1183,3,3,88,16.5
1184,3,3,89,12.2
1185,3,3,90,13.2
1186,3,4,91,13.0
1187,3,4,92,14.9
1188,3,4,93,13.4
1189,3,4,94,13.3
1190,3,4,95,13.3
1191,3,4,96,13.8
1192,3,4,97,9.8
1193,3,4,98,11.8
1194,3,4,99,15.9
1195,3,4,100,14.8
1196,3,4,101,18.1
1197,3,4,102,15.9
1198,3,4,103,11.9
1199,3,4,104,13.5
1200,3,4,105,9.7
1201,3,4,106,13.1
1202,3,4,107,13.2
1203,3,4,108,6.2
1204,3,4,109,11.0
1205,3,4,110,8.9
1206,3,4,111,11.9
1207,3,4,112,11.2
1208,3,4,113,11.9
1209,3,4,114,13.7
1210,3,4,115,15.7
1211,3,4,116,11.9
1212,3,4,117,11.6
1213,3,4,118,7.7
1214,3,4,119,10.5
1215,3,4,120,8.8
1216,3,5,121,7.2
1217,3,5,122,10.2
1218,3,5,123,14.5
1219,3,5,124,11.5
1220,3,5,125,12.1
1221,3,5,126,9.9
1222,3,5,127,12.0
1223,3,5,128,13.4
1224,3,5,129,8.0
1225,3,5,130,9.0
1226,3,5,131,7.4
1227,3,5,132,11.0
1228,3,5,133,13.0
1229,3,5,134,6.8
1230,3,5,135,8.9
1231,3,5,136,9.4
1232,3,5,137,11.7
1233,3,5,138,12.3
1234,3,5,139,10.6
1235,3,5,140,11.8
1236,3,5,141,12.6
1237,3,5,142,13.0
1238,3,5,143,11.8
1239,3,5,144,12.9
1240,3,5,145,9.4
1241,3,5,146,5.2
1242,3,5,147,7.3
1243,3,5,148,12.9
1244,3,5,149,13.7
1245,3,5,150,7.7
1246,3,5,151,9.6
1247,3,6,152,4.1
1248,3,6,153,3.5
1249,3,6,154,4.3
1250,3,6,155,4.5
1251,3,6,156,7.5
1252,3,6,157,5.6
1253,3,6,158,7.7
1254,3,6,159,12.4
1255,3,6,160,11.3
1256,3,6,161,4.1
1257,3,6,162,5.3
1258,3,6,163,7.9
1259,3,6,164,9.5
1260,3,6,165,8.6
1261,3,6,166,9.6
1262,3,6,167,6.9
1263,3,6,168,8.0
1264,3,6,169,9.5
1265,3,6,170,3.0
1266,3,6,171,4.3
1267,3,6,172,4.0
1268,3,6,173,4.3
1269,3,6,174,6.0
1270,3,6,175,9.0
1271,3,6,176,8.4
1272,3,6,177,8.4
1273,3,6,178,4.8
1274,3,6,179,5.3
1275,3,6,180,6.1
1276,3,6,181,9.4
1277,3,7,182,3.5
1278,3,7,183,2.4
1279,3,7,184,4.1
1280,3,7,185,10.4
1281,3,7,186,12.7
1282,3,7,187,12.5
1283,3,7,188,9.6
1284,3,7,189,9.3
1285,3,7,190,10.1
1286,3,7,191,9.3
1287,3,7,192,6.6
1288,3,7,193,4.3
1289,3,7,194,5.8
1290,3,7,195,4.4
1291,3,7,196,6.0
1292,3,7,197,7.9
1293,3,7,198,9.1
1294,3,7,199,6.2
1295,3,7,200,8.7
1296,3,7,201,7.2
1297,3,7,202,6.7
1298,3,7,203,8.0
1299,3,7,204,8.4
1300,3,7,205,8.6
1301,3,7,206,8.3
1302,3,7,207,7.7
1303,3,7,208,9.2
1304,3,7,209,8.4
1305,3,7,210,10.8
1306,3,7,211,8.2
1307,3,7,212,8.3
1308,3,8,213,9.9
1309,3,8,214,4.9
1310,3,8,215,7.8
1311,3,8,216,8.0
1312,3,8,217,10.6
1313,3,8,218,9.4
1314,3,8,219,7.3
1315,3,8,220,9.6
1316,3,8,221,5.6
1317,3,8,222,9.4
1318,3,8,223,8.1
1319,3,8,224,5.4
1320,3,8,225,7.9
1321,3,8,226,9.4
1322,3,8,227,11.5
1323,3,8,228,8.7
1324,3,8,229,7.7
1325,3,8,230,8.9
1326,3,8,231,6.7
1327,3,8,232,5.5
1328,3,8,233,8.6
1329,3,8,234,8.7
1330,3,8,235,5.6
1331,3,8,236,4.8
1332,3,8,237,3.9
1333,3,8,238,4.9
1334,3,8,239,6.8
1335,3,8,240,1.9
1336,3,8,241,0.8
1337,3,8,242,4.8
1338,3,8,243,8.9
1339,3,9,244,10.5
1340,3,9,245,5.0
1341,3,9,246,5.0
1342,3,9,247,3.4
1343,3,9,248,8.1
1344,3,9,249,13.8
1345,3,9,250,8.7
1346,3,9,251,4.2
1347,3,9,252,8.6
1348,3,9,253,13.4
1349,3,9,254,9.1
1350,3,9,255,11.7
1351,3,9,256,7.1
1352,3,9,257,10.9
1353,3,9,258,10.2
1354,3,9,259,5.5
1355,3,9,260,6.7
1356,3,9,261,11.0
1357,3,9,262,8.5
1358,3,9,263,3.8
1359,3,9,264,8.3
1360,3,9,265,6.8
1361,3,9,266,10.4
1362,3,9,267,4.6
1363,3,9,268,8.6
1364,3,9,269,6.4
1365,3,9,270,9.2
1366,3,9,271,10.7
1367,3,9,272,5.5
1368,3,9,273,6.8
1369,3,10,274,4.7
1370,3,10,275,11.4
1371,3,10,276,14.7
1372,3,10,277,10.9
1373,3,10,278,9.1
1374,3,10,279,8.3
1375,3,10,280,10.3
1376,3,10,281,13.5
1377,3,10,282,16.1
1378,3,10,283,10.1
1379,3,10,284,6.4
1380,3,10,285,8.7
1381,3,10,286,10.5
1382,3,10,287,12.4
1383,3,10,288,19.5
1384,3,10,289,20.0
1385,3,10,290,16.1
1386,3,10,291,14.7
1387,3,10,292,12.8
1388,3,10,293,11.7
1389,3,10,294,7.6
1390,3,10,295,8.9
1391,3,10,296,13.0
1392,3,10,297,9.2
1393,3,10,298,6.4
1394,3,10,299,9.6
1395,3,10,300,11.3
1396,3,10,301,9.3
1397,3,10,302,9.1
1398,3,10,303,8.3
1399,3,10,304,13.0
1400,3,11,305,12.8
1401,3,11,306,16.3
1402,3,11,307,12.6
1403,3,11,308,9.2
1404,3,11,309,14.5
1405,3,11,310,16.3
1406,3,11,311,11.1
1407,3,11,312,7.7
1408,3,11,313,8.0
1409,3,11,314,9.0
1410,3,11,315,9.3
1411,3,11,316,10.9
1412,3,11,317,16.9
1413,3,11,318,14.8
1414,3,11,319,13.7
1415,3,11,320,8.3
1416,3,11,321,9.6
1417,3,11,322,9.8
1418,3,11,323,15.4
1419,3,11,324,22.5
1420,3,11,325,12.3
1421,3,11,326,9.7
1422,3,11,327,11.0
1423,3,11,328,11.1
1424,3,11,329,12.7
1425,3,11,330,11.9
1426,3,11,331,14.4
1427,3,11,332,14.4
1428,3,11,333,13.9
1429,3,11,334,14.7
1430,3,12,335,10.3
1431,3,12,336,12.2
1432,3,12,337,13.3
1433,3,12,338,13.4
1434,3,12,339,13.4
1435,3,12,340,14.5
1436,3,12,341,25.1
1437,3,12,342,22.7
1438,3,12,343,16.0
1439,3,12,344,15.8
1440,3,12,345,13.0
1441,3,12,346,16.0
1442,3,12,347,16.9
1443,3,12,348,16.4
1444,3,12,349,17.2
1445,3,12,350,15.8
1446,3,12,351,15.6
1447,3,12,352,16.7
1448,3,12,353,16.8
1449,3,12,354,16.9
1450,3,12,355,15.4
1451,3,12,356,14.1
1452,3,12,357,11.5
1453,3,12,358,14.3
1454,3,12,359,15.8
1455,3,12,360,13.3
1456,3,12,361,16.2
1457,3,12,362,21.9
1458,3,12,363,21.0
1459,3,12,364,18.2
1460,3,12,365,17.3
1461,4,1,1,15.5
1462,4,1,2,18.4
1463,4,1,3,15.9
1464,4,1,4,18.0
1465,4,1,5,17.4
1466,4,1,6,14.6
1467,4,1,7,17.1
1468,4,1,8,16.7
1469,4,1,9,16.1
1470,4,1,10,13.5
1471,4,1,11,12.9
1472,4,1,12,17.7
1473,4,1,13,14.4
1474,4,1,14,18.7
1475,4,1,15,19.4
1476,4,1,16,19.8
1477,4,1,17,20.7
1478,4,1,18,22.3
1479,4,1,19,16.5
1480,4,1,20,15.2
1481,4,1,21,18.4
1482,4,1,22,19.0
1483,4,1,23,18.7
1484,4,1,24,17.3
1485,4,1,25,21.1
1486,4,1,26,19.9
1487,4,1,27,18.4
1488,4,1,28,15.5
1489,4,1,29,17.5
1490,4,1,30,18.0
1491,4,1,31,17.2
1492,4,2,32,12.6
1493,4,2,33,15.0
1494,4,2,34,19.1
1495,4,2,35,20.0
1496,4,2,36,17.7
1497,4,2,37,18.5
1498,4,2,38,20.7
1499,4,2,39,18.1
1500,4,2,40,14.6
1501,4,2,41,13.0
1502,4,2,42,14.4
1503,4,2,43,18.4
1504,4,2,44,11.8
1505,4,2,45,12.3
1506,4,2,46,14.8
1507,4,2,47,16.1
1508,4,2,48,15.0
1509,4,2,49,18.0
1510,4,2,50,13.7
1511,4,2,51,13.5
1512,4,2,52,14.0
1513,4,2,53,15.5
1514,4,2,54,16.4
1515,4,2,55,13.8
1516,4,2,56,18.0
1517,4,2,57,17.9
1518,4,2,58,12.9
1519,4,2,59,16.3
1520,4,3,60,22.6
1521,4,3,61,22.3
1522,4,3,62,25.1
1523,4,3,63,19.0
1524,4,3,64,18.0
1525,4,3,65,13.2
1526,4,3,66,9.7
1527,4,3,67,11.3
1528,4,3,68,13.9
1529,4,3,69,14.3
1530,4,3,70,15.9
1531,4,3,71,15.8
1532,4,3,72,11.9
1533,4,3,73,12.1
1534,4,3,74,11.7
1535,4,3,75,12.2
1536,4,3,76,14.2
1537,4,3,77,16.5
1538,4,3,78,16.9
1539,4,3,79,19.3
1540,4,3,80,18.2
1541,4,3,81,18.7
1542,4,3,82,19.9
1543,4,3,83,16.5
1544,4,3,84,14.8
1545,4,3,85,12.3
1546,4,3,86,11.1
1547,4,3,87,11.6
1548,4,3,88,14.6
1549,4,3,89,9.1
1550,4,3,90,9.4
1551,4,4,91,13.0
1552,4,4,92,7.4
1553,4,4,93,9.4
1554,4,4,94,13.3
1555,4,4,95,14.4
1556,4,4,96,16.5
1557,4,4,97,9.5
1558,4,4,98,12.5
1559,4,4,99,11.1
1560,4,4,100,10.7
1561,4,4,101,11.3
1562,4,4,102,6.7
1563,4,4,103,10.5
1564,4,4,104,11.8
1565,4,4,105,12.9
1566,4,4,106,17.1
1567,4,4,107,22.1
1568,4,4,108,13.2
1569,4,4,109,8.6
1570,4,4,110,10.2
1571,4,4,111,14.8
1572,4,4,112,13.7
1573,4,4,113,11.1
1574,4,4,114,14.6
1575,4,4,115,10.2
1576,4,4,116,11.9
1577,4,4,117,8.7
1578,4,4,118,12.4
1579,4,4,119,11.5
1580,4,4,120,7.9
1581,4,5,121,15.6
1582,4,5,122,17.1
1583,4,5,123,11.8
1584,4,5,124,13.0
1585,4,5,125,11.3
1586,4,5,126,11.7
1587,4,5,127,7.4
1588,4,5,128,10.3
1589,4,5,129,9.7
1590,4,5,130,10.2
1591,4,5,131,10.2
1592,4,5,132,12.2
1593,4,5,133,12.7
1594,4,5,134,11.3
1595,4,5,135,12.0
1596,4,5,136,10.5
1597,4,5,137,6.5
1598,4,5,138,6.2
1599,4,5,139,8.9
1600,4,5,140,12.0
1601,4,5,141,11.1
1602,4,5,142,10.7
1603,4,5,143,9.9
1604,4,5,144,13.8
1605,4,5,145,13.7
1606,4,5,146,9.5
1607,4,5,147,7.8
1608,4,5,148,8.2
1609,4,5,149,8.7
1610,4,5,150,6.7
1611,4,5,151,8.5
1612,4,6,152,11.7
1613,4,6,153,11.0
1614,4,6,154,8.2
1615,4,6,155,8.4
1616,4,6,156,8.6
1617,4,6,157,10.2
1618,4,6,158,11.7
1619,4,6,159,6.7
1620,4,6,160,7.8
1621,4,6,161,12.0
1622,4,6,162,9.6
1623,4,6,163,11.9
1624,4,6,164,8.8
1625,4,6,165,10.0
1626,4,6,166,9.0
1627,4,6,167,8.6
1628,4,6,168,6.3
1629,4,6,169,8.0
1630,4,6,170,6.6
1631,4,6,171,6.4
1632,4,6,172,6.5
1633,4,6,173,6.8
1634,4,6,174,3.6
1635,4,6,175,4.2
1636,4,6,176,3.5
1637,4,6,177,4.6
1638,4,6,178,5.9
1639,4,6,179,10.7
1640,4,6,180,13.0
1641,4,6,181,8.1
1642,4,7,182,9.5
1643,4,7,183,8.6
1644,4,7,184,8.2
1645,4,7,185,5.3
1646,4,7,186,3.5
1647,4,7,187,6.0
1648,4,7,188,9.0
1649,4,7,189,11.0
1650,4,7,190,6.8
1651,4,7,191,9.5
1652,4,7,192,7.8
1653,4,7,193,10.1
1654,4,7,194,7.0
1655,4,7,195,7.1
1656,4,7,196,8.9
1657,4,7,197,9.9
1658,4,7,198,9.7
1659,4,7,199,9.0
1660,4,7,200,7.5
1661,4,7,201,8.0
1662,4,7,202,11.3
1663,4,7,203,7.9
1664,4,7,204,9.9
1665,4,7,205,7.0
1666,4,7,206,9.2
1667,4,7,207,11.0
1668,4,7,208,9.8
1669,4,7,209,6.6
1670,4,7,210,8.9
1671,4,7,211,7.9
1672,4,7,212,3.0
1673,4,8,213,5.8
1674,4,8,214,9.7
1675,4,8,215,10.0
1676,4,8,216,9.2
1677,4,8,217,10.0
1678,4,8,218,9.1
1679,4,8,219,9.3
1680,4,8,220,6.7
1681,4,8,221,7.8
1682,4,8,222,5.2
1683,4,8,223,4.8
1684,4,8,224,6.3
1685,4,8,225,8.8
1686,4,8,226,9.1
1687,4,8,227,7.3
1688,4,8,228,10.6
1689,4,8,229,7.0
1690,4,8,230,8.8
1691,4,8,231,5.8
1692,4,8,232,7.6
1693,4,8,233,11.5
1694,4,8,234,9.6
1695,4,8,235,3.8
1696,4,8,236,7.9
1697,4,8,237,6.5
1698,4,8,238,5.3
1699,4,8,239,4.2
1700,4,8,240,8.3
1701,4,8,241,6.1
1702,4,8,242,2.3
1703,4,8,243,5.0
1704,4,9,244,11.1
1705,4,9,245,10.2
1706,4,9,246,9.2
1707,4,9,247,8.2
1708,4,9,248,8.7
1709,4,9,249,11.3
1710,4,9,250,8.8
1711,4,9,251,8.2
1712,4,9,252,6.8
1713,4,9,253,7.7
1714,4,9,254,5.0
1715,4,9,255,11.1
1716,4,9,256,7.7
1717,4,9,257,9.3
1718,4,9,258,12.4
1719,4,9,259,9.7
1720,4,9,260,3.6
1721,4,9,261,4.3
1722,4,9,262,8.2
1723,4,9,263,15.7
1724,4,9,264,14.5
1725,4,9,265,7.9
1726,4,9,266,8.9
1727,4,9,267,8.3
1728,4,9,268,8.7
1729,4,9,269,8.3
1730,4,9,270,12.3
1731,4,9,271,7.2
1732,4,9,272,9.1
1733,4,9,273,10.1
1734,4,10,274,4.2
1735,4,10,275,9.3
1736,4,10,276,15.1
1737,4,10,277,12.5
1738,4,10,278,7.6
1739,4,10,279,12.9
1740,4,10,280,11.6
1741,4,10,281,9.5
1742,4,10,282,8.5
1743,4,10,283,10.2
1744,4,10,284,9.5
1745,4,10,285,8.2
1746,4,10,286,9.4
1747,4,10,287,13.6
1748,4,10,288,13.0
1749,4,10,289,13.3
1750,4,10,290,9.5
1751,4,10,291,7.3
1752,4,10,292,9.4
1753,4,10,293,10.0
1754,4,10,294,11.5
1755,4,10,295,11.9
1756,4,10,296,8.2
1757,4,10,297,13.0
1758,4,10,298,16.8
1759,4,10,299,9.6
1760,4,10,300,10.3
1761,4,10,301,8.7
1762,4,10,302,9.7
1763,4,10,303,13.8
1764,4,10,304,14.2
1765,4,11,305,20.0
1766,4,11,306,15.8
1767,4,11,307,12.8
1768,4,11,308,9.5
1769,4,11,309,7.7
1770,4,11,310,10.5
1771,4,11,311,11.5
1772,4,11,312,10.3
1773,4,11,313,7.6
1774,4,11,314,10.8
1775,4,11,315,10.0
1776,4,11,316,11.5
1777,4,11,317,9.1
1778,4,11,318,12.1
1779,4,11,319,13.0
1780,4,11,320,9.2
1781,4,11,321,10.8
1782,4,11,322,8.5
1783,4,11,323,11.4
1784,4,11,324,9.4
1785,4,11,325,14.0
1786,4,11,326,13.6
1787,4,11,327,10.1
1788,4,11,328,11.9
1789,4,11,329,11.4
1790,4,11,330,11.4
1791,4,11,331,8.6
1792,4,11,332,11.4
1793,4,11,333,11.9
1794,4,11,334,10.3
1795,4,12,335,12.2
1796,4,12,336,9.8
1797,4,12,337,11.0
1798,4,12,338,12.1
1799,4,12,339,12.3
1800,4,12,340,13.3
1801,4,12,341,11.2
1802,4,12,342,13.8
1803,4,12,343,16.3
1804,4,12,344,14.3
1805,4,12,345,13.4
1806,4,12,346,13.4
1807,4,12,347,11.4
1808,4,12,348,14.1
1809,4,12,349,15.1
1810,4,12,350,13.0
1811,4,12,351,12.6
1812,4,12,352,15.9
1813,4,12,353,17.2
1814,4,12,354,13.7
1815,4,12,355,16.9
1816,4,12,356,13.1
1817,4,12,357,12.1
1818,4,12,358,14.1
1819,4,12,359,14.0
1820,4,12,360,16.5
1821,4,12,361,13.6
1822,4,12,362,16.7
1823,4,12,363,16.8
1824,4,12,364,19.7
1825,4,12,365,15.3
1826,5,1,1,11.8
1827,5,1,2,12.8
1828,5,1,3,13.7
1829,5,1,4,18.6
1830,5,1,5,12.7
1831,5,1,6,11.9
1832,5,1,7,12.6
1833,5,1,8,16.8
1834,5,1,9,17.9
1835,5,1,10,20.1
1836,5,1,11,13.5
1837,5,1,12,14.2
1838,5,1,13,12.7
1839,5,1,14,16.7
1840,5,1,15,19.5
1841,5,1,16,15.7
1842,5,1,17,14.4
1843,5,1,18,13.9
1844,5,1,19,17.5
1845,5,1,20,19.1
1846,5,1,21,14.8
1847,5,1,22,14.1
1848,5,1,23,12.9
1849,5,1,24,11.7
1850,5,1,25,13.0
1851,5,1,26,15.8
1852,5,1,27,12.8
1853,5,1,28,13.6
1854,5,1,29,15.2
1855,5,1,30,16.4
1856,5,1,31,21.5
1857,5,2,32,23.5
1858,5,2,33,14.2
1859,5,2,34,13.2
1860,5,2,35,11.3
1861,5,2,36,10.8
1862,5,2,37,13.7
1863,5,2,38,16.5
1864,5,2,39,17.4
1865,5,2,40,19.6
1866,5,2,41,18.5
1867,5,2,42,19.5
1868,5,2,43,19.1
1869,5,2,44,19.4
1870,5,2,45,20.3
1871,5,2,46,18.9
1872,5,2,47,16.9
1873,5,2,48,15.2
1874,5,2,49,17.6
1875,5,2,50,13.3
1876,5,2,51,14.2
1877,5,2,52,13.5
1878,5,2,53,11.4
1879,5,2,54,13.3
1880,5,2,55,16.8
1881,5,2,56,18.4
1882,5,2,57,16.2
1883,5,2,58,11.0
1884,5,2,59,13.1
1885,5,2,60,14.7
1886,5,3,61,13.2
1887,5,3,62,14.2
1888,5,3,63,14.7
1889,5,3,64,13.6
1890,5,3,65,15.4
1891,5,3,66,15.9
1892,5,3,67,15.4
1893,5,3,68,13.9
1894,5,3,69,12.3
1895,5,3,70,10.3
1896,5,3,71,12.6
1897,5,3,72,16.6
1898,5,3,73,19.1
1899,5,3,74,13.1
1900,5,3,75,12.7
1901,5,3,76,9.3
1902,5,3,77,11.6
1903,5,3,78,17.7
1904,5,3,79,18.7
1905,5,3,80,16.1
1906,5,3,81,14.6
1907,5,3,82,12.1
1908,5,3,83,12.7
1909,5,3,84,8.5
1910,5,3,85,10.8
1911,5,3,86,13.7
1912,5,3,87,13.6
1913,5,3,88,14.8
1914,5,3,89,16.5
1915,5,3,90,15.9
1916,5,3,91,12.2
1917,5,4,92,11.0
1918,5,4,93,12.4
1919,5,4,94,13.7
1920,5,4,95,12.8
1921,5,4,96,9.5
1922,5,4,97,10.7
1923,5,4,98,11.9
1924,5,4,99,11.7
1925,5,4,100,8.9
1926,5,4,101,12.7
1927,5,4,102,13.0
1928,5,4,103,11.0
1929,5,4,104,12.2
1930,5,4,105,12.1
1931,5,4,106,15.6
1932,5,4,107,15.4
1933,5,4,108,11.4
1934,5,4,109,12.9
1935,5,4,110,11.2
1936,5,4,111,12.0
1937,5,4,112,8.5
1938,5,4,113,12.8
1939,5,4,114,9.6
1940,5,4,115,15.1
1941,5,4,116,10.5
1942,5,4,117,15.4
1943,5,4,118,8.1
1944,5,4,119,7.1
1945,5,4,120,11.2
1946,5,4,121,8.9
1947,5,5,122,7.6
1948,5,5,123,8.3
1949,5,5,124,9.8
1950,5,5,125,9.4
1951,5,5,126,8.0
1952,5,5,127,10.2
1953,5,5,128,15.1
1954,5,5,129,12.6
1955,5,5,130,12.6
1956,5,5,131,7.2
1957,5,5,132,7.8
1958,5,5,133,10.3
1959,5,5,134,10.4
1960,5,5,135,6.6
1961,5,5,136,4.5
1962,5,5,137,4.5
1963,5,5,138,5.1
1964,5,5,139,5.5
1965,5,5,140,8.1
1966,5,5,141,10.3
1967,5,5,142,9.4
1968,5,5,143,9.1
1969,5,5,144,9.4
1970,5,5,145,10.9
1971,5,5,146,5.5
1972,5,5,147,5.4
1973,5,5,148,5.9
1974,5,5,149,12.1
1975,5,5,150,7.2
1976,5,5,151,8.1
1977,5,5,152,12.4
1978,5,6,153,9.3
1979,5,6,154,8.4
1980,5,6,155,10.5
1981,5,6,156,9.3
1982,5,6,157,4.1
1983,5,6,158,6.0
1984,5,6,159,7.9
1985,5,6,160,4.5
1986,5,6,161,2.0
1987,5,6,162,3.9
1988,5,6,163,4.5
1989,5,6,164,4.2
1990,5,6,165,5.7
1991,5,6,166,10.4
1992,5,6,167,11.6
1993,5,6,168,13.0
1994,5,6,169,10.2
1995,5,6,170,4.6
1996,5,6,171,6.4
1997,5,6,172,12.8
1998,5,6,173,6.9
1999,5,6,174,8.1
2000,5,6,175,9.0
2001,5,6,176,10.1
2002,5,6,177,10.2
2003,5,6,178,7.9
2004,5,6,179,6.2
2005,5,6,180,1.7
2006,5,6,181,2.2
2007,5,6,182,3.0
2008,5,7,183,9.8
2009,5,7,184,10.2
2010,5,7,185,7.7
2011,5,7,186,6.5
2012,5,7,187,8.9
2013,5,7,188,8.1
2014,5,7,189,8.9
2015,5,7,190,4.9
2016,5,7,191,5.7
2017,5,7,192,6.4
2018,5,7,193,7.3
2019,5,7,194,9.0
2020,5,7,195,8.7
2021,5,7,196,7.7
2022,5,7,197,6.2
2023,5,7,198,4.2
2024,5,7,199,3.1
2025,5,7,200,4.0
2026,5,7,201,8.2
2027,5,7,202,7.6
2028,5,7,203,7.2
2029,5,7,204,8.1
2030,5,7,205,8.1
2031,5,7,206,6.1
2032,5,7,207,4.3
2033,5,7,208,5.0
2034,5,7,209,7.4
2035,5,7,210,9.6
2036,5,7,211,8.6
2037,5,7,212,8.0
2038,5,7,213,3.4
2039,5,8,214,5.7
2040,5,8,215,9.0
2041,5,8,216,7.5
2042,5,8,217,5.1
2043,5,8,218,4.7
2044,5,8,219,5.5
2045,5,8,220,3.3
2046,5,8,221,4.7
2047,5,8,222,8.9
2048,5,8,223,5.7
2049,5,8,224,4.3
2050,5,8,225,9.4
2051,5,8,226,11.4
2052,5,8,227,10.7
2053,5,8,228,7.4
2054,5,8,229,10.7
2055,5,8,230,9.5
2056,5,8,231,10.0
2057,5,8,232,9.7
2058,5,8,233,9.6
2059,5,8,234,8.5
2060,5,8,235,5.8
2061,5,8,236,6.8
2062,5,8,237,6.3
2063,5,8,238,3.6
2064,5,8,239,6.1
2065,5,8,240,8.8
2066,5,8,241,8.5
2067,5,8,242,9.2
2068,5,8,243,12.0
2069,5,8,244,6.9
2070,5,9,245,6.6
2071,5,9,246,8.6
2072,5,9,247,12.9
2073,5,9,248,9.0
2074,5,9,249,9.7
2075,5,9,250,6.9
2076,5,9,251,8.8
2077,5,9,252,16.6
2078,5,9,253,8.1
2079,5,9,254,5.4
2080,5,9,255,10.4
2081,5,9,256,13.3
2082,5,9,257,11.9
2083,5,9,258,11.1
2084,5,9,259,7.4
2085,5,9,260,7.1
2086,5,9,261,11.8
2087,5,9,262,8.4
2088,5,9,263,11.3
2089,5,9,264,17.1
2090,5,9,265,16.6
2091,5,9,266,12.3
2092,5,9,267,10.6
2093,5,9,268,8.2
2094,5,9,269,7.2
2095,5,9,270,6.2
2096,5,9,271,8.8
2097,5,9,272,6.5
2098,5,9,273,4.3
2099,5,9,274,10.7
2100,5,10,275,9.4
2101,5,10,276,12.8
2102,5,10,277,17.4
2103,5,10,278,13.5
2104,5,10,279,9.1
2105,5,10,280,8.9
2106,5,10,281,10.1
2107,5,10,282,11.4
2108,5,10,283,11.7
2109,5,10,284,10.8
2110,5,10,285,11.5
2111,5,10,286,6.3
2112,5,10,287,10.6
2113,5,10,288,11.9
2114,5,10,289,13.8
2115,5,10,290,9.4
2116,5,10,291,11.9
2117,5,10,292,11.3
2118,5,10,293,8.2
2119,5,10,294,7.3
2120,5,10,295,10.4
2121,5,10,296,9.2
2122,5,10,297,12.9
2123,5,10,298,11.8
2124,5,10,299,8.3
2125,5,10,300,9.2
2126,5,10,301,11.1
2127,5,10,302,9.5
2128,5,10,303,11.2
2129,5,10,304,12.9
2130,5,10,305,14.2
2131,5,11,306,12.6
2132,5,11,307,9.6
2133,5,11,308,12.1
2134,5,11,309,21.9
2135,5,11,310,11.1
2136,5,11,311,9.5
2137,5,11,312,11.3
2138,5,11,313,8.4
2139,5,11,314,11.3
2140,5,11,315,16.1
2141,5,11,316,22.8
2142,5,11,317,19.3
2143,5,11,318,15.4
2144,5,11,319,13.5
2145,5,11,320,12.3
2146,5,11,321,18.2
2147,5,11,322,11.9
2148,5,11,323,10.8
2149,5,11,324,16.1
2150,5,11,325,15.6
2151,5,11,326,13.3
2152,5,11,327,16.1
2153,5,11,328,16.6
2154,5,11,329,13.5
2155,5,11,330,13.2
2156,5,11,331,15.8
2157,5,11,332,10.2
2158,5,11,333,16.0
2159,5,11,334,14.4
2160,5,11,335,12.1
2161,5,12,336,16.8
2162,5,12,337,11.9
2163,5,12,338,10.6
2164,5,12,339,11.4
2165,5,12,340,13.9
2166,5,12,341,12.9
2167,5,12,342,11.3
2168,5,12,343,10.6
2169,5,12,344,11.7
2170,5,12,345,13.1
2171,5,12,346,9.6
2172,5,12,347,11.9
2173,5,12,348,16.0
2174,5,12,349,17.7
2175,5,12,350,20.4
2176,5,12,351,15.8
2177,5,12,352,15.5
2178,5,12,353,12.5
2179,5,12,354,12.3
2180,5,12,355,9.9
2181,5,12,356,11.2
2182,5,12,357,13.8
2183,5,12,358,13.5
2184,5,12,359,13.4
2185,5,12,360,13.6
2186,5,12,361,10.2
2187,5,12,362,16.2
2188,5,12,363,11.5
2189,5,12,364,9.0
2190,5,12,365,13.7
2191,5,12,366,15.5
2192,6,1,1,15.6
2193,6,1,2,18.4
2194,6,1,3,17.0
2195,6,1,4,16.0
2196,6,1,5,15.9
2197,6,1,6,13.7
2198,6,1,7,14.7
2199,6,1,8,12.7
2200,6,1,9,14.2
2201,6,1,10,16.9
2202,6,1,11,19.2
2203,6,1,12,18.3
2204,6,1,13,14.5
2205,6,1,14,15.0
2206,6,1,15,13.2
2207,6,1,16,11.0
2208,6,1,17,12.9
2209,6,1,18,14.1
2210,6,1,19,14.2
2211,6,1,20,10.3
2212,6,1,21,12.7
2213,6,1,22,15.8
2214,6,1,23,14.7
2215,6,1,24,16.1
2216,6,1,25,22.2
2217,6,1,26,17.7
2218,6,1,27,14.3
2219,6,1,28,15.4
2220,6,1,29,18.9
2221,6,1,30,16.7
2222,6,1,31,16.4
2223,6,2,32,13.4
2224,6,2,33,14.5
2225,6,2,34,13.7
2226,6,2,35,13.5
2227,6,2,36,17.3
2228,6,2,37,16.9
2229,6,2,38,14.7
2230,6,2,39,15.0
2231,6,2,40,12.0
2232,6,2,41,13.8
2233,6,2,42,17.2
2234,6,2,43,17.4
2235,6,2,44,14.7
2236,6,2,45,12.7
2237,6,2,46,14.4
2238,6,2,47,15.9
2239,6,2,48,16.6
2240,6,2,49,18.1
2241,6,2,50,18.2
2242,6,2,51,20.3
2243,6,2,52,17.9
2244,6,2,53,15.9
2245,6,2,54,13.1
2246,6,2,55,13.0
2247,6,2,56,11.3
2248,6,2,57,13.3
2249,6,2,58,11.3
2250,6,2,59,10.6
0,6,3,60,14.7
1,6,3,61,13.2
2,6,3,62,14.2
3,6,3,63,14.7
4,6,3,64,13.6
5,6,3,65,15.4
6,6,3,66,15.9
7,6,3,67,15.4
8,6,3,68,13.9
9,6,3,69,12.3
10,6,3,70,10.3
11,6,3,71,12.6
12,6,3,72,16.6
13,6,3,73,19.1
14,6,3,74,13.1
15,6,3,75,12.7
16,6,3,76,9.3
17,6,3,77,11.6
18,6,3,78,17.7
19,6,3,79,18.7
20,6,3,80,16.1
21,6,3,81,14.6
22,6,3,82,12.1
23,6,3,83,12.7
24,6,3,84,8.5
25,6,3,85,10.8
26,6,3,86,13.7
27,6,3,87,13.6
28,6,3,88,14.8
29,6,3,89,16.5
30,6,3,90,15.9
31,6,4,91,12.2
32,6,4,92,11.0
33,6,4,93,12.4
34,6,4,94,13.7
35,6,4,95,12.8
36,6,4,96,9.5
37,6,4,97,10.7
38,6,4,98,11.9
39,6,4,99,11.7
40,6,4,100,8.9
41,6,4,101,12.7
42,6,4,102,13.0
43,6,4,103,11.0
44,6,4,104,12.2
45,6,4,105,12.1
46,6,4,106,15.6
47,6,4,107,15.4
48,6,4,108,11.4
49,6,4,109,12.9
50,6,4,110,11.2
51,6,4,111,12.0
52,6,4,112,8.5
53,6,4,113,12.8
54,6,4,114,9.6
55,6,4,115,15.1
56,6,4,116,10.5
57,6,4,117,15.4
58,6,4,118,8.1
59,6,4,119,7.1
60,6,4,120,11.2
61,6,5,121,7.6
62,6,5,122,7.6
63,6,5,123,8.3
64,6,5,124,9.8
65,6,5,125,9.4
66,6,5,126,8.0
67,6,5,127,10.2
68,6,5,128,15.1
69,6,5,129,12.6
70,6,5,130,12.6
71,6,5,131,7.2
72,6,5,132,7.8
73,6,5,133,10.3
74,6,5,134,10.4
75,6,5,135,6.6
76,6,5,136,4.5
77,6,5,137,4.5
78,6,5,138,5.1
79,6,5,139,5.5
80,6,5,140,8.1
81,6,5,141,10.3
82,6,5,142,9.4
83,6,5,143,9.1
84,6,5,144,9.4
85,6,5,145,10.9
86,6,5,146,5.5
87,6,5,147,5.4
88,6,5,148,5.9
89,6,5,149,12.1
90,6,5,150,7.2
91,6,5,151,8.1
92,6,6,152,12.4
93,6,6,153,9.3
94,6,6,154,8.4
95,6,6,155,10.5
96,6,6,156,9.3
97,6,6,157,4.1
98,6,6,158,6.0
99,6,6,159,7.9
100,6,6,160,4.5
101,6,6,161,2.0
102,6,6,162,3.9
103,6,6,163,4.5
104,6,6,164,4.2
105,6,6,165,5.7
106,6,6,166,10.4
107,6,6,167,11.6
108,6,6,168,13.0
109,6,6,169,10.2
110,6,6,170,4.6
111,6,6,171,6.4
112,6,6,172,12.8
113,6,6,173,6.9
114,6,6,174,8.1
115,6,6,175,9.0
116,6,6,176,10.1
117,6,6,177,10.2
118,6,6,178,7.9
119,6,6,179,6.2
120,6,6,180,1.7
121,6,6,181,2.2
122,6,7,182,9.8
123,6,7,183,9.8
124,6,7,184,10.2
125,6,7,185,7.7
126,6,7,186,6.5
127,6,7,187,8.9
128,6,7,188,8.1
129,6,7,189,8.9
130,6,7,190,4.9
131,6,7,191,5.7
132,6,7,192,6.4
133,6,7,193,7.3
134,6,7,194,9.0
135,6,7,195,8.7
136,6,7,196,7.7
137,6,7,197,6.2
138,6,7,198,4.2
139,6,7,199,3.1
140,6,7,200,4.0
141,6,7,201,8.2
142,6,7,202,7.6
143,6,7,203,7.2
144,6,7,204,8.1
145,6,7,205,8.1
146,6,7,206,6.1
147,6,7,207,4.3
148,6,7,208,5.0
149,6,7,209,7.4
150,6,7,210,9.6
151,6,7,211,8.6
152,6,7,212,8.0
153,6,8,213,3.4
154,6,8,214,5.7
155,6,8,215,9.0
156,6,8,216,7.5
157,6,8,217,5.1
158,6,8,218,4.7
159,6,8,219,5.5
160,6,8,220,3.3
161,6,8,221,4.7
162,6,8,222,8.9
163,6,8,223,5.7
164,6,8,224,4.3
165,6,8,225,9.4
166,6,8,226,11.4
167,6,8,227,10.7
168,6,8,228,7.4
169,6,8,229,10.7
170,6,8,230,9.5
171,6,8,231,10.0
172,6,8,232,9.7
173,6,8,233,9.6
174,6,8,234,8.5
175,6,8,235,5.8
176,6,8,236,6.8
177,6,8,237,6.3
178,6,8,238,3.6
179,6,8,239,6.1
180,6,8,240,8.8
181,6,8,241,8.5
182,6,8,242,9.2
183,6,8,243,12.0
