bay_id,st_marker_id,lat,lon
2671,10180E,-37.8040527480692,144.94954174409875
6647,13622E,-37.81944571124622,144.94364028336634
3380,6203W,-37.806349134859786,144.95100392489394
3282,5846E,-37.80652889345573,144.95356284829148
4617,8347W,-37.82398272026749,144.9684977951452
9011,9174N,-37.83080635719813,144.96791912070805
8829,8528E,-37.82301688122173,144.9675509946321
5879,12906N,-37.79833223440656,144.964953915928
6760,13103W,-37.82088566429645,144.9441655051868
4197,C6670,-37.80871070565439,144.9585441698922
946,C790,-37.81157057108945,144.96753234404272
958,C830,-37.81116388797592,144.9673469528956
3284,5850E,-37.806470560294805,144.95357314589475
2652,10153W,-37.80481793310244,144.94921772651412
2653,10155W,-37.80476269838175,144.94922777133996
5917,12804N,-37.8027954891266,144.96721631450913
954,C822,-37.8112575098866,144.96738963162676
2681,10190E,-37.80379246057316,144.9495876166959
1270,4462E,-37.81370335407711,144.9546191683335
2323,2888N,-37.810907523740994,144.9666268212244
5109,9910N,-37.82555338488256,144.96862208844982
2672,10181W,-37.80404052141371,144.94935384858712
2666,10174E,-37.80421438564064,144.94951325623254
6421,13668E,-37.82103994258789,144.94543155458342
2655,10159W,-37.80465392902081,144.94924754947715
2657,10162E,-37.80459147449535,144.9494476362235
4329,C6996,-37.809234010653554,144.956283910284
4405,C7244,-37.80795060562168,144.95211398570711
2656,10160E,-37.80464318737358,144.9494385370504
3629,7578N,-37.80562156829398,144.95449038760398
1052,975W,-37.818654156115066,144.9622532484584
2678,10187W,-37.803879688971975,144.94938219754158
2661,10168E,-37.804416546517615,144.94947831042316
6742,6581S,-37.80841314412618,144.9599170672416
2665,10173W,-37.80424624833567,144.94931762698118
8323,12107W,-37.810012000580045,144.98349324243753
3026,5121W,-37.80341088444709,144.95713839031447
3860,C5616,-37.80721481684331,144.9549108590483
9012,9172N,-37.83072932690226,144.96818485448006
3686,7646N,-37.80500159217506,144.95712214565845
3516,6676N,-37.80867892311177,144.95830745188204
957,C828,-37.8111871873981,144.96735757463318
5177,C8006,-37.810444828813935,144.95256857742612
6048,13018N,-37.8210556374137,144.94697668939432
2680,10189W,-37.80382682159421,144.94939150990004
5249,11523S,-37.81184392505163,144.95207745463983
2663,10170E,-37.80435822131767,144.9494885385869
2322,2886N,-37.8108887374072,144.96669066831026
6427,13681W,-37.8208595675166,144.94618719281783
5855,C9122,-37.79840475600588,144.96477329313018
877,775W,-37.81221754261522,144.96770542370388
5185,C8022,-37.81053163250514,144.95226223951698
875,771W,-37.81231930547644,144.96775142225908
8347,781W,-37.8121116398716,144.9676573100245
3510,6664N,-37.80861997525496,144.95851053592747
3661,7620N,-37.80498763656492,144.94875372356168
8348,783W,-37.81205654670124,144.96763232945378
955,C824,-37.81123421045719,144.96737901042525
9064,9278N,-37.82897744884528,144.969902966706
9065,9280N,-37.82898732000513,144.96986900459305
5752,12442N,-37.81184753134404,144.9758455824391
4360,C7154,-37.80710988161803,144.95384108436636
4431,C7702,-37.80362895153358,144.95478126097842
3665,7624N,-37.804981341212326,144.9486975025199
1268,4460E,-37.81375394177102,144.95464267215107
4611,8341W,-37.82418550936762,144.96843740980995
3858,C5612,-37.80726545039158,144.95490180880097
5104,9902N,-37.82552097320152,144.96873292859686
951,C810,-37.81135346943457,144.96743345892835
1542,1912N,-37.81448487130381,144.96971035097545
6060,13042N,-37.82111067346008,144.94365836931635
3669,7628N,-37.80497509749722,144.94864127967384
6184,13258N,-37.81991234380873,144.94322369995194
5083,9872N,-37.82527566721832,144.9695816357146
1264,4456E,-37.8138551724101,144.95468997104118
4281,C6898,-37.80927077090735,144.95587045729843
4615,8345W,-37.82404081749422,144.96848053408235
5089,9887S,-37.82555406424633,144.96898712837856
3955,C5878,-37.80507303067749,144.95378898323872
3601,7336E,-37.80537810506202,144.94933123203518
3694,7656N,-37.80497846789832,144.956914516136
3977,C5922,-37.804322468655904,144.9539231482384
5077,9860N,-37.82522705779425,144.96974789039888
5113,9918N,-37.8255856298431,144.96851178027129
5075,9856N,-37.82521056177717,144.96980438213149
3386,6215W,-37.80619898611389,144.95093556067548
4362,C7158,-37.80713630327168,144.95378654885616
3408,6257S,-37.807708853788455,144.96630832170874
4361,C7156,-37.80712310200124,144.95381396511996
5100,9898N,-37.825504773219706,144.96878836099705
5232,11518N,-37.81181041473464,144.95177886825996
5080,9866N,-37.825251359134185,144.9696647625151
2099,3611S,-37.8078340524451,144.97008448777785
4070,C6178,-37.803713326089664,144.95251800751856
5036,9512N,-37.82837376717498,144.96640899509504
4066,C6170,-37.80381216319044,144.9525005404663
5122,9935S,-37.82595012878551,144.9676278635754
2664,10171W,-37.80429710830276,144.94930866478808
3348,6032E,-37.80648440390729,144.95214642968898
5085,9880N,-37.82543076326911,144.96904208177807
3989,C5946,-37.80402622172311,144.9539758534026
5107,9906N,-37.82553718451382,144.96867750962733
4012,C6062,-37.8058611193095,144.95213990621272
4376,C7186,-37.80750619198183,144.95302924456635
5084,9878N,-37.825421146290815,144.96907762374056
3864,C5624,-37.80709106879101,144.95493314683276
6045,13010N,-37.81982751532851,144.95122373557066
4265,C6862,-37.80945561676933,144.95583569188864
4087,C6290,-37.80495291579882,144.95079328591325
5144,9958N,-37.825944486806165,144.96730411505928
3882,C5660,-37.806567309722695,144.95502658681517
5514,11961W,-37.814788281680734,144.9826884775059
5832,12551S,-37.81598886917868,144.980844512107
3562,7088N,-37.80885217507168,144.95347329740525
4357,C7148,-37.80707022300263,144.9539228674356
3360,6055W,-37.80606678593307,144.95198437373847
5069,9846N,-37.82516952911359,144.9699450946444
5057,9834N,-37.82509507210527,144.97019984945638
3632,7582N,-37.80559938943729,144.95429309928642
4032,C6102,-37.80478102145965,144.9523285559688
5091,9889S,-37.82557149268495,144.96892735783138
4267,C6866,-37.80943461730371,144.95583958698757
4438,C7716,-37.80358380942906,144.95438074055522
3250,5795W,-37.803907217110535,144.95538386037444
3707,7673S,-37.80396439252925,144.9569678014635
4440,C7726,-37.80329122707427,144.95175998391886
5751,12440N,-37.81183965405239,144.9757730865461
4392,C7218,-37.80772880720932,144.9525707720099
3834,C5544,-37.80665469383226,144.95407715763554
2236,3922N,-37.81212183566778,144.95488565311987
4277,C6890,-37.809310495093584,144.9558629671165
4307,C6950,-37.809270411989615,144.95601108049476
4332,C7002,-37.80930996293084,144.95640267925893
4286,C6908,-37.80920486408468,144.95581991090108
2259,3956N,-37.81259394702187,144.95321026102414
8335,C7736C,-37.80314956292773,144.9505000421462
5737,12385S,-37.81092530934786,144.976518791447
5050,9827S,-37.82518902155107,144.97023841617954
3285,5852E,-37.80643916628682,144.9535782464586
882,789W,-37.811548168895655,144.96739859882695
1284,4476E,-37.81293227279018,144.95426076235793
3838,C5552,-37.80656093303304,144.95403448215598
9015,9166N,-37.8306659237945,144.9684035734228
3892,C5692,-37.80626986938957,144.9550797471396
5058,9835S,-37.82526384684668,144.96998201452013
4297,C6930,-37.80937230506347,144.95599230220782
4907,9329S,-37.8295249771529,144.96845256736603
8997,C7802,-37.82575486527303,144.9710755191141
9006,C7838,-37.82526620655438,144.97090722158168
3604,7552N,-37.80596466609564,144.9589088869089
5843,12573S,-37.81607452602595,144.98161910012794
3835,C5546,-37.80663113872315,144.95406643640456
866,694E,-37.814039708455965,144.96879153410495
3995,C5958,-37.80387723844995,144.95400241254293
4294,C6924,-37.80941776136631,144.9560472846859
3022,5106E,-37.80431387841997,144.95768253401354
5554,12041W,-37.812567426593496,144.98306706076198
4291,C6918,-37.80943222900656,144.95598123453215
4292,C6920,-37.809436831154784,144.95604387808373
4293,C6922,-37.80941294082535,144.95598468844753
5303,9535S,-37.82822052099056,144.965172806929
4263,C6858,-37.80947581306851,144.95583196711485
3398,6239W,-37.805874010410136,144.95078756712493
3400,6241W,-37.80585287262254,144.95077786807047
3957,C5882,-37.80502575552135,144.95379739471906
8999,C7810,-37.82564473878949,144.97104026378582
3840,C5558,-37.80648880773117,144.9540015443544
5119,9930N,-37.82584306481065,144.96765820889988
5754,12446N,-37.811910283196696,144.97642226941176
5087,9884N,-37.82544817643825,144.9689823818615
5326,7839W,-37.82777151279123,144.97113110275285
5325,7837W,-37.82782606825873,144.97112689939493
5321,7829W,-37.82805262576258,144.97110406201244
8989,7917W,-37.82844524779473,144.97107210205033
5330,7847W,-37.82724933276639,144.9711517636958
4559,8000E,-37.83021142092793,144.96936488265194
4844,9244N,-37.82876804360365,144.9706236824099
4849,9249S,-37.828904965270624,144.97057758854965
4867,9272N,-37.828947194284616,144.97000692703705
4842,9242N,-37.828757293337546,144.97066021854704
4877,9292N,-37.82907502979826,144.96956775385016
8987,7913W,-37.82855144274095,144.97106612688054
4911,9333S,-37.82954302222381,144.9683903657431
4840,9240N,-37.82874702907301,144.97069525467938
4804,9128N,-37.830173899417005,144.97014075218613
857,673W,-37.81440535365421,144.96871090989146
4326,C6990,-37.80927211640835,144.95621497884622
5519,11971W,-37.81453171425345,144.98273230770295
5322,7831W,-37.82799583047071,144.97110986702245
1294,4486E,-37.81267387438292,144.95414032864602
8967,7867W,-37.82634663628231,144.9710563444774
6192,13274N,-37.820201470670746,144.94223168804564
4016,C6070,-37.805689637861846,144.9521707552837
4009,C6056,-37.80595788507389,144.952122521354
5332,7851W,-37.82714658240661,144.97114918635492
4090,C6300,-37.80476874676958,144.95082582224578
8961,7855W,-37.82666388153106,144.97110767878104
2659,10166E,-37.80447057318887,144.94946883084802
856,671W,-37.81445691781761,144.96873486337353
4261,C6854,-37.80949024283423,144.9557663736784
5744,12399S,-37.81097939951793,144.9770174279758
3550,7073S,-37.80882498247023,144.95408965711715
3559,7085S,-37.80894274538265,144.9536800040944
3700,7665S,-37.80407451875426,144.9579547673291
5785,12487S,-37.81215577393052,144.9776229495011
6059,13040N,-37.82112630274722,144.94372360484854
4335,C7008,-37.80924430645762,144.95641336062138
4088,C6296,-37.804813638660896,144.95081790039853
4324,C6986,-37.80929193561419,144.95621118531693
5237,11528N,-37.81196123966662,144.95124657121818
1290,4482E,-37.81278151294654,144.95419047769457
2650,10141W,-37.80250501262054,144.94809301745207
3561,7087S,-37.80896248136547,144.95361135956864
3911,C5736,-37.80505420261908,144.95529309991852
4111,C6374,-37.804078905415935,144.95094698339892
8978,7889W,-37.82530114811314,144.97074653319035
6081,13227S,-37.81942235225009,144.94554422786018
5328,7843W,-37.827352424794405,144.97115074040516
4883,9304N,-37.82914667575941,144.96931992163593
4905,9327S,-37.829516123864686,144.96848308435517
3803,C5434,-37.80809212219789,144.95473598666138
3390,6223W,-37.806091285795176,144.95088646363757
6745,6621S,-37.808482050941095,144.95967700708283
6387,13637W,-37.82006792589053,144.9443343571001
4015,C6068,-37.80571127328676,144.95216680590244
4180,C6628,-37.80844275440215,144.9594691475015
5524,11981W,-37.81427144972767,144.98277676593383
5720,12394N,-37.810718579554994,144.97632719272056
4655,8475W,-37.825310411538005,144.96671269895492
5230,11514N,-37.81172820317063,144.95206978744298
3626,7575S,-37.80583679377868,144.95475299683875
4205,C6702,-37.8087795417706,144.95830675563434
4442,C7730,-37.80318101848323,144.95078523746167
5072,9850N,-37.82518597250625,144.96988858955484
4125,C6412,-37.80361052899204,144.95103010525628
4389,C7212,-37.807693797530085,144.95264287299918
8990,7919W,-37.82839126763832,144.97107575022238
4279,C6894,-37.80929055733951,144.9558667226908
874,770E,-37.81246042749984,144.96806467179186
5829,12545S,-37.81596396837868,144.98061896478418
2670,10179W,-37.80409428467373,144.9493444001103
8325,12111W,-37.80990841655152,144.9835105942471
8152,15197S,-37.81674508862993,144.9811153053907
4278,C6892,-37.809285056837695,144.95580487254955
2649,10124E,-37.80313925576209,144.94821838550098
2752,4590E,-37.80745530729499,144.9659084655904
3410,6259S,-37.80772157855816,144.96626523007518
2645,10119W,-37.80325643016957,144.94796492747898
3546,7066N,-37.80861227506381,144.9543020355954
5331,7849W,-37.82719826086641,144.97115121650052
3388,6219W,-37.80615662649424,144.95091629830176
5318,7823W,-37.82918128727978,144.971038392475
4104,C6350,-37.804241181936646,144.95091819325842
5266,4531W,-37.81074527389115,144.95299777390767
5272,4505W,-37.81176184617329,144.9534716677163
953,C818,-37.811306870582015,144.96741221649182
4008,C6054,-37.80598064170636,144.9521184505153
4274,C6884,-37.8093259183127,144.95579728354494
5851,C9106,-37.7983913980568,144.96464837250426
5922,12809S,-37.80297901819951,144.96714913656768
1260,4450E,-37.81397735450837,144.9547467827323
4287,C6910,-37.80920996860398,144.95588179462618
3570,7098N,-37.80895014004577,144.95313144220654
2689,10198E,-37.80357973082905,144.94962510604972
3556,7082N,-37.80879376806563,144.95367715058157
4847,9247S,-37.82889341667521,144.97061739779667
5271,4503W,-37.81181254780275,144.95349529738968
4805,9130N,-37.83018372512101,144.97010715551073
6744,6619S,-37.80846385230284,144.95974035586147
5714,12382N,-37.81067634376477,144.975939394499
5749,12436N,-37.81182447430852,144.97563353553048
1266,4458E,-37.81380452889191,144.95466629238138
4668,8490E,-37.8248974184067,144.96702055374405
5244,11513S,-37.8117530468802,144.95239831172455
5534,12001W,-37.81365261265179,144.98288282649173
5345,8871W,-37.82543122206522,144.96054694628188
1292,4484E,-37.8127273293113,144.95416523342118
5522,11977W,-37.81437468978826,144.98275918545454
6391,13638E,-37.82031917698089,144.9445537965233
3359,6051W,-37.80615235713561,144.95196907814835
3913,C5740,-37.80500514612093,144.9553019180858
3923,C5762,-37.804624341020585,144.9553703687372
4027,C6092,-37.80495669586404,144.95229762380393
5173,11607S,-37.81086311637422,144.95142511877822
3372,6189W,-37.80663100342997,144.95113184139066
5273,4507W,-37.81171114451988,144.9534480392092
4679,8502E,-37.824569634670425,144.9671180764057
4256,C6844,-37.8092295962456,144.9556683639797
5397,11760E,-37.81002289302269,144.97570474403477
2662,10169W,-37.80435064498897,144.9492992310059
3725,7739S,-37.803247458986434,144.95052815098978
4909,9331S,-37.82953393887039,144.96842167586396
5056,9833S,-37.82524505614767,144.97004651695818
2635,10105W,-37.80341705438269,144.9479373179905
1276,4468E,-37.81355506304922,144.95455077200643
3544,7064N,-37.80859440745567,144.95436484864248
2750,4586E,-37.807559275525335,144.96589502708156
3569,7097S,-37.809060628854326,144.95327000275765
8970,7873W,-37.82574443958312,144.97090597652834
2640,10113W,-37.80352505496764,144.94791924015442
2642,10116E,-37.803361894255374,144.94817847650577
5025,9461S,-37.83031768271073,144.96571850171455
4262,C6856,-37.80947043997966,144.95577017845275
4264,C6860,-37.80945053004468,144.95577383741607
4272,C6880,-37.80934619097715,144.95579335852568
3382,6207W,-37.80630677783586,144.950984602318
4585,8312E,-37.825260011771256,144.96822951021875
4109,C6368,-37.80412517102357,144.95093860815354
3678,7638N,-37.804957821738654,144.9484872417794
5777,12471S,-37.812095858047925,144.97707459631323
5736,12383S,-37.810916660051134,144.97644004460352
5722,12398N,-37.810732652757935,144.9764568695379
5408,11751W,-37.81034399941822,144.97536559551864
2242,3930N,-37.81219457073095,144.9546289525064
5536,12005W,-37.81355041343346,144.98290011748566
3631,7580N,-37.80560674439511,144.95435776275738
2647,10121W,-37.80320440920335,144.9479740924209
5311,7809W,-37.82956030917069,144.9710350647198
3808,C5452,-37.8075195968963,144.95446934643988
3377,6197W,-37.80650034286104,144.95107275435578
8126,15152N,-37.81666435391564,144.9814410070728
3726,7741S,-37.80323523134001,144.9504105756235
4861,9264N,-37.82890482147644,144.97015254202498
4207,C6710,-37.80879640283257,144.9582486285122
5875,C9202,-37.79848480646727,144.96551685131993
4901,9323S,-37.82949867265479,144.9685432250867
5393,11752E,-37.8101529993364,144.9756832293735
6064,13050N,-37.82104865070899,144.94339949099586
6034,13079S,-37.82125258940435,144.9435102512326
5024,9459S,-37.83030751183702,144.9657543712225
5733,12420N,-37.810876946438654,144.9777832199635
1471,1775S,-37.8167541660727,144.96609310265694
6126,C13608,-37.81956463076618,144.94473774155034
6641,13623W,-37.81941608249674,144.943464905669
4449,C7744,-37.80312601510492,144.95028936539006
5781,12479S,-37.812126297815965,144.97735350944217
5446,11844E,-37.81290967032932,144.97792343027936
9002,C7822,-37.825479771875365,144.97098674688323
8963,7859W,-37.82656085803442,144.97109351119087
5078,9862N,-37.825235153707965,144.9697201811101
4846,9246N,-37.82877889104269,144.9705868243352
4848,9248N,-37.82878349998097,144.9705581410601
5756,12450N,-37.81192570588628,144.97656464025124
5344,8299W,-37.82608254939832,144.96786205139705
5763,12443S,-37.811967229561546,144.97590028800312
3251,5802E,-37.807106293352206,144.95346088611086
4809,9138N,-37.83025021601415,144.96986798925036
3984,C5936,-37.80414982555552,144.95395385533615
5398,11762E,-37.80999036689085,144.97571012254173
5520,11973W,-37.81447883560203,144.98274136235003
3147,5329W,-37.81066116658156,144.95581668430805
4838,9238N,-37.82873655614081,144.97073104695767
3394,6231W,-37.805983889506166,144.95083741087635
4388,C7210,-37.80768164143269,144.95266786398412
5758,12433S,-37.811912068922375,144.97539496289204
6187,13264N,-37.82010885582415,144.9425517842708
1274,4466E,-37.81360161910824,144.95457224854204
5535,12003W,-37.81360134858862,144.9828915144626
3619,7567S,-37.805918333860525,144.9554908226089
5396,11758E,-37.810055420054766,144.97569936495483
5526,11985W,-37.81416868420777,144.9827942083191
6177,13244N,-37.81963249537165,144.94418446205017
3371,6187W,-37.80665223491636,144.95114148280203
8971,7875W,-37.82568924384239,144.97088752803077
5021,9453S,-37.830275139404506,144.9658662466181
3959,C5886,-37.80497787496565,144.9538059499031
4067,C6172,-37.80378588076532,144.95250516614124
4863,9266N,-37.828915262045584,144.97011668627863
886,797W,-37.81133408286653,144.96729994151607
8342,647W,-37.81613310190409,144.9695092774775
8306,657W,-37.81519141122446,144.9690770938655
4868,9274N,-37.828957278297125,144.96997237228405
4128,C6418,-37.80354154461598,144.95104250013748
5390,11746E,-37.81025046161003,144.97566700300655
5541,12015W,-37.81329104696481,144.98294512110553
3007,5068E,-37.805044328852205,144.95801660850978
5147,9964N,-37.82596669710984,144.96722787979286
8962,7857W,-37.82661459712314,144.97110095206216
4249,C6830,-37.80936638336279,144.95564373036325
6648,13624E,-37.81938983038466,144.94361466006205
3572,7101S,-37.80909926288987,144.95313558997623
863,683W,-37.81410516230751,144.9685714372265
3636,7588N,-37.80557615295422,144.95408666598183
5353,8887W,-37.824908323670655,144.96116233018282
4061,C6160,-37.8039328081435,144.95247910959128
4063,C6164,-37.80388628644553,144.95248741442433
4429,C7698,-37.80363572036981,144.9548409901965
909,C664,-37.81450216981256,144.96887680360908
4656,8476E,-37.82528047566092,144.96691130032548
5348,8877W,-37.82531767208792,144.96068072466193
3819,C5490,-37.80725899738779,144.9543510344472
3002,5058E,-37.80516415538277,144.95807184586596
8891,8121W,-37.82585771314211,144.96916110708406
4320,C6978,-37.80933144439968,144.9562035389631
4657,8478E,-37.82522773067467,144.9669262219488
8330,C7734A,-37.8031707374671,144.95069360507088
3623,7572N,-37.80564432646193,144.95469212813896
5863,C9154,-37.798434243639065,144.96504816433952
5449,11850E,-37.81275471459187,144.9779493113446
4451,C7748,-37.803118931583,144.95022626614318
5768,12453S,-37.81200576717279,144.97624765426804
6246,13310N,-37.82225314054185,144.9468388509502
3818,C5486,-37.80728263826147,144.95436191587947
3997,C5962,-37.80382766599281,144.95401122200406
4069,C6176,-37.80373641156282,144.95251392706675
8336,C6632a,-37.808460677241314,144.95940727803438
5755,12448N,-37.81191814416295,144.97649484309903
8979,7891W,-37.825247665661855,144.9707237360832
5730,12414N,-37.81085653328952,144.97759520657974
5881,12910N,-37.79837484550813,144.96534595918206
3847,C5580,-37.80632339665107,144.95392640003823
6401,13655W,-37.82024151135455,144.9453732793993
3514,6669S,-37.80888302289152,144.95828361591987
5717,12388N,-37.810697497599946,144.97613294712625
1545,1918N,-37.81456889297397,144.9694242770763
8340,643W,-37.81624159851649,144.96955925814933
5300,9541S,-37.82820079089227,144.96507237473207
6124,C13600,-37.81954632976269,144.9448009913908
3020,5102E,-37.80435626153255,144.95770235546706
4439,C7718,-37.80357997154879,144.95434658469168
3813,C5466,-37.8074008905007,144.95441548939652
2643,10117W,-37.80331033543291,144.94795547514428
2749,4580E,-37.80793927082333,144.96599596432765
6191,13272N,-37.82018292396344,144.94229570425165
1672,2195S,-37.81459201387816,144.96586862109748
3801,C5426,-37.80814069305637,144.95475819604104
3008,5072E,-37.80495738619152,144.95797680186288
3257,5810E,-37.80701382917928,144.95347745313472
4995,9427S,-37.83013830438813,144.96633745445027
5013,9445S,-37.8302333537833,144.96601013077878
3370,6185W,-37.80667341985976,144.95115105940047
5316,7819W,-37.82928939365385,144.97103614796043
4183,C6636,-37.80849716973863,144.95928147553542
5152,9974N,-37.82603239661488,144.96700237253026
3974,C5916,-37.80445717101084,144.95389918647953
4046,C6130,-37.80438686504067,144.95239853304048
4113,C6378,-37.8040323112338,144.9509553469769
5539,12011W,-37.81339430386741,144.98292717261975
1282,4474E,-37.813033688592654,144.95430777343313
3568,7096N,-37.80893103506304,144.9531981100168
4194,C6658,-37.80868545936831,144.95863135976057
2646,10120E,-37.803251489583005,144.9481982658528
934,C744,-37.813432061253614,144.9683864485381
5856,C9146,-37.79842760088242,144.96498739150113
5765,12447S,-37.811983005070296,144.97604299006127
5548,12029W,-37.81292958901017,144.98300681441947
4247,C6826,-37.809458940985735,144.9556238169763
5866,C9166,-37.79844867510848,144.96517647689
4386,C7206,-37.8076428838599,144.9527478672994
5489,11901W,-37.81016455233531,144.97814572387844
3863,C5622,-37.80711601952778,144.9549286868729
5448,11848E,-37.812805836600006,144.97794075678263
8969,7871W,-37.82580044547807,144.9709239077456
5771,12459S,-37.81202871548963,144.97646009491763
3799,C5422,-37.8081880452568,144.95477990129928
7053,4666Ea,-37.80565351639972,144.95948789451333
5314,7815W,-37.829398163803255,144.97103467262724
8988,7915W,-37.82849924242765,144.9710688158288
917,C684,-37.81426349973698,144.96876939345793
4266,C6864,-37.80942924377933,144.95577779777847
918,C688,-37.8142397294038,144.9687587104906
5132,9945S,-37.82604382216543,144.96730883675184
4062,C6162,-37.8039092021253,144.9524831784812
4129,C6420,-37.80351884180942,144.95104654652096
4433,C7706,-37.80362157835981,144.95471628095635
5015,9447S,-37.830244231466125,144.96597270863515
6066,13054N,-37.82095614688842,144.94301339738053
873,769W,-37.81236878042407,144.96777381541787
5716,12386N,-37.810690502813486,144.9760686161336
4246,C6824,-37.80948144669376,144.9556201057953
4568,8009W,-37.82996881006135,144.96913198248313
4371,C7176,-37.80742646322691,144.95319331349833
8996,13016Nb,-37.82037434765545,144.9493406433051
3950,C5868,-37.80519125640346,144.9537678721809
911,C668,-37.814430071402604,144.9688443056996
6185,13260N,-37.81993095052916,144.94315971846427
9063,985W,-37.81836934705734,144.96212279570167
3797,C5418,-37.80823469346832,144.95480119265767
885,795W,-37.81138739382134,144.96732451137103
3554,7079S,-37.8088832825562,144.95388681329126
5584,12202N,-37.80927403563136,144.9740444973502
5607,12233S,-37.8095064011665,144.9744578243005
8768,8220E,-37.829540378217246,144.96693611698873
4390,C7214,-37.80770522527534,144.95261933784485
4011,C6060,-37.80588431030715,144.95213574337413
943,C768,-37.813204770295954,144.96828258220722
3971,C5910,-37.8045312080333,144.9538860279457
4107,C6360,-37.80417138872289,144.9509307250296
4878,9294N,-37.82908477361024,144.96953427744694
4879,9296N,-37.82908914685031,144.96950626699916
4350,C7116,-37.80804514638703,144.95403959462425
3567,7095S,-37.80904047159493,144.95334011301645
3602,7337W,-37.80541851681704,144.94924071435915
4577,8018E,-37.82953407573397,144.96905443417953
4675,8498E,-37.8246747827873,144.96708668717767
5023,9457S,-37.83029655063751,144.96579219736887
5136,9949S,-37.826081168135794,144.9671815385024
3820,C5494,-37.80723525042285,144.9543402966289
3821,C5498,-37.807211723869486,144.9543295690596
4044,C6126,-37.80449363067284,144.9523802440605
4421,C7682,-37.803682008212505,144.95524866067768
5315,7817W,-37.8293436719966,144.97103506581627
8123,15146N,-37.816686653828086,144.98164638908594
3368,6179W,-37.80406031812777,144.94317667886412
5861,C9126,-37.79840800144704,144.96480353238462
4058,C6154,-37.80401705888572,144.9524639590897
8980,7893W,-37.82519546863071,144.9707016868202
2251,3944N,-37.81232176480125,144.95417995459024
3253,5806E,-37.80706021886858,144.9534691810597
3395,6233W,-37.80596271642133,144.95082772735728
5491,12042E,-37.81253567407869,144.98330804701277
6643,13614E,-37.81965566371133,144.9437366496957
4391,C7216,-37.80771698319124,144.95259512342693
3376,6195W,-37.80654441068764,144.9510926353886
8976,7885W,-37.82541128789467,144.9707907363868
5141,9954N,-37.825929575948365,144.96735529376676
5098,9896N,-37.82549668799794,144.9688160779475
3365,6173W,-37.804212839877096,144.94314966085244
5413,11786E,-37.8110279506238,144.97557498790297
5523,11979W,-37.81432259979354,144.9827679803555
5773,12463S,-37.81204342877746,144.97659599901044
3805,C5442,-37.80804139113411,144.9547126926679
3868,C5632,-37.80696860509048,144.95497333469075
5419,11789W,-37.81123821091168,144.97543311379718
5761,12439S,-37.81193637715751,144.97561571940406
5775,12467S,-37.81207203309084,144.97685324023576
6052,13026N,-37.82113454662832,144.946703641525
3865,C5626,-37.80706400128357,144.95493798489738
8972,7877W,-37.825633474274696,144.97086905082563
6409,13654E,-37.82031162170047,144.94548627048027
3418,6267S,-37.807762829410166,144.96612510396102
4101,C6340,-37.80431152161183,144.95090581468867
6093,13253S,-37.82013907685693,144.94306994818584
5833,12553S,-37.81599647120727,144.98091417073698
8992,7923W,-37.82828423562769,144.9710836789194
4574,8015W,-37.82974047092655,144.96902592745062
3476,6540N,-37.80782093646036,144.9612678162011
4794,9102N,-37.829972344957305,144.97078761533447
5116,9924N,-37.82560977501026,144.96842918210805
5767,12451S,-37.811998362497285,144.9761823289095
3541,7060N,-37.808558249149854,144.95449049698723
3730,7784N,-37.80243112433208,144.94482481471812
5130,9943S,-37.82602520768455,144.9673722168779
8341,645W,-37.81618810644635,144.96953461682887
5862,C9150,-37.79843097783437,144.96501800911716
5445,11842E,-37.812961471544114,144.97791474187858
5323,7833W,-37.827939243427664,144.97111569612792
3000,5050E,-37.80528745757218,144.9581284479058
5476,11875W,-37.81134185179575,144.9779498156394
9009,9178N,-37.830844706696624,144.96778682513389
5414,11788E,-37.8109708089936,144.97558487670682
879,780E,-37.81195047079741,144.96782860739688
4444,C7734,-37.80317433294745,144.9507256492657
5250,11525S,-37.81186210040582,144.9520132830241
3563,7089S,-37.80898189187612,144.95354385138776
6035,13081S,-37.821152904500416,144.94309232883276
2682,10191W,-37.80377542661587,144.94940056369148
3871,C5638,-37.80689341253498,144.95498678939614
5721,12396N,-37.810725586187885,144.97639176158225
1541,1910N,-37.81446480983439,144.969777886918
3159,5351W,-37.8100925321033,144.95555611506072
9067,9284N,-37.82900198160536,144.96980586715864
6400,13653W,-37.82029753055295,144.94538722060872
1544,1916N,-37.81454685704701,144.96949993064857
5347,8875W,-37.825353797628,144.9606383154937
5874,C9198,-37.79848168467851,144.96548768683328
4103,C6348,-37.80426469250205,144.9509140071126
6390,13636E,-37.8203709882682,144.94457618624395
5243,11511S,-37.81173638829861,144.95245718481078
3381,6205W,-37.80632796748596,144.95099429902604
3557,7083S,-37.80892288185282,144.9537490876604
3719,7722N,-37.8033264017554,144.95290410890726
4885,9306N,-37.82915780383411,144.96928169832938
3873,C5642,-37.806819323504826,144.95498160861192
4385,C7204,-37.80763082398215,144.952772566335
5715,12384N,-37.81068356955564,144.97600564601393
5718,12390N,-37.81070462684247,144.97619865867392
5770,12457S,-37.81202093776078,144.97638779659894
3975,C5918,-37.80443281842472,144.95390350719538
5738,12387S,-37.81093375373146,144.9765958884354
3555,7081S,-37.808902940538886,144.95381844311694
3844,C5568,-37.80639428984537,144.95395860656504
3966,C5900,-37.80470462823361,144.9538548253778
5853,C9114,-37.79839824640371,144.9647112405815
5601,12221S,-37.80945494058656,144.97399416594155
4402,C7238,-37.80791180590474,144.95219403620663
5400,11766E,-37.80992531283371,144.9757208795518
4443,C7732,-37.80317773867142,144.95075600524456
6038,13087S,-37.82110352876951,144.9428860551576
8893,8125W,-37.82575265342357,144.96919319792124
3477,6542N,-37.80783883260787,144.961207007023
1470,1773S,-37.81671305080848,144.9662354050186
6065,13052N,-37.82103357916686,144.9433364022451
6156,C13726,-37.82007954448196,144.94295514316474
5860,C9142,-37.798424358368734,144.9649562824252
5772,12461S,-37.81203633259018,144.97653032572737
3192,5417W,-37.80828103109838,144.95469843560392
3255,5808E,-37.80703702449419,144.95347330563334
4014,C6066,-37.80573413324744,144.95216266993137
5388,11742E,-37.81031560329828,144.97565625972442
5542,12017W,-37.81323985591021,144.98295410682363
4327,C6992,-37.80925569590514,144.9562800890904
3816,C5478,-37.8073298126271,144.95438333468036
3193,5419W,-37.80823444070779,144.9546771997277
4495,3690N,-37.80870708888169,144.96661078530911
6155,C13724,-37.820071481251816,144.94298286812057
2130,3705S,-37.80915108992147,144.9655783623318
933,C740,-37.81348501071899,144.96841138944723
6033,13077S,-37.821270967232365,144.94358696022024
3416,6265S,-37.80775320631275,144.96615764256336
1051,973W,-37.81870463469922,144.96227650552385
2632,10102E,-37.80374342669734,144.94811070076594
5784,12485S,-37.81214838971037,144.9775554475019
1893,989W,-37.81825427138061,144.9620693273518
5803,12534N,-37.81573906594603,144.98027397146186
4178,C6620,-37.80842568141322,144.9595280840578
3389,6221W,-37.806112435723136,144.95089614486108
4422,C7684,-37.80367821515115,144.95521518472984
3252,5804E,-37.8070834098104,144.9534650542374
4130,C6424,-37.803496275233954,144.95105059551076
4915,9337S,-37.82956095367428,144.96832855350937
4494,3688N,-37.80868832126183,144.96667506755247
3644,7599S,-37.80533795701216,144.9502833511384
3401,6243W,-37.80583170375059,144.95076832070202
8344,631W,-37.81653393890703,144.96969394246375
3622,7570N,-37.8056518213384,144.95475934922203
4913,9335S,-37.82955191844707,144.96835970098678
4349,C7114,-37.80802812515082,144.95409821879915
4841,9241S,-37.82886061579615,144.970730489606
1528,1892N,-37.81372065885267,144.97230264023773
5453,11858E,-37.812549429477926,144.97798371349444
7054,4682Ea,-37.805096353442494,144.9592315617178
2675,10184E,-37.80394889182276,144.949560046036
5176,C8004,-37.81043608917297,144.9525996878082
7061,4696Ea,-37.80474307012923,144.9590686673693
5461,11876E,-37.81069102956343,144.9782943005934
5757,12431S,-37.81190422205182,144.97532416666604
5759,12435S,-37.81191989668511,144.9754660500313
2685,10194E,-37.80368581491156,144.94960640827674
9010,9176N,-37.8308255319616,144.96785297264103
3509,6663S,-37.80881969006806,144.95850779415798
3706,7672N,-37.80378709775066,144.957052297915
4288,C6912,-37.80918214379872,144.95582412203683
5865,C9162,-37.79844487875489,144.96514275067392
6178,13246N,-37.819650615032266,144.94412266984102
4206,C6706,-37.80878804945635,144.9582774255727
8346,767Wa,-37.81243621759688,144.9678039100279
6910,1920N,-37.81459062113608,144.9693496487792
5312,7811W,-37.829506278589136,144.97103500186853
5317,7821W,-37.829235341352806,144.97103730768947
3405,6254N,-37.80760467000953,144.9663048493107
5234,11522N,-37.81184611103463,144.9516526409932
6398,13649W,-37.82042089676618,144.94542033551966
7959,15006E,-37.81708836870367,144.98206749738844
8153,15199S,-37.81673355931401,144.9809988170741
2314,2855S,-37.81075192758727,144.96782788227944
3384,6211W,-37.80626448712989,144.9509651348636
3594,7329W,-37.8055645772432,144.94922467217737
2667,10176E,-37.80415897928181,144.9495230210675
3845,C5572,-37.80637067967282,144.95394788014832
3937,C5790,-37.804085208998885,144.95546730823222
910,C666,-37.81445232772084,144.96885430889915
2738,4559W,-37.80867167411489,144.9660838980326
920,C696,-37.81419221506229,144.9687373545966
5769,12455S,-37.812013091109314,144.97631518738513
5022,9455S,-37.8302858788631,144.965829067967
2488,C2874,-37.810709013284594,144.9676187371634
5793,12514N,-37.815255785861225,144.97588635377474
5727,12408N,-37.810771427274034,144.97681376619752
6053,13028N,-37.82121879659034,144.94410948147316
6119,C13580,-37.81949368254661,144.94498293377134
9016,9164N,-37.83064665772184,144.9684700161329
3565,7091S,-37.80900153817465,144.9534755228143
948,C798,-37.81142548592456,144.96746628857727
5351,8883W,-37.824982808080016,144.9610747837695
883,791W,-37.81149443594989,144.96737383811362
1543,1914N,-37.81450344349496,144.9696479546364
4673,8496E,-37.82472739091254,144.96707100726738
6150,C13704,-37.82001997888074,144.94315996150792
3832,C5540,-37.80670269150073,144.954099007013
2686,10195W,-37.80366437698866,144.9494201510351
3877,C5650,-37.806716761819445,144.9549998749622
3195,5435W,-37.80812111907606,144.95462556128655
1056,983W,-37.81843925969426,144.96215486694993
6031,13073S,-37.821304574786026,144.94372722737688
4186,C6642,-37.80852425616692,144.95918789262674
3028,5125W,-37.80331620166535,144.95709440292953
3895,C5702,-37.80611672890922,144.95510711694146
3809,C5454,-37.80749564751712,144.95445854052207
6151,C13708,-37.82003923050601,144.94309376899662
2324,2890N,-37.81093248766649,144.96654227147445
5731,12416N,-37.81086362447625,144.97766052142163
5392,11750E,-37.81018552636626,144.9756778508521
5183,C8018,-37.81051613054472,144.95231748350216
8308,661W,-37.815093369132136,144.96903145876053
1539,1906N,-37.8144263954724,144.96990710114474
2676,10185W,-37.80393277960911,144.94937283926816
5240,11505S,-37.81163085341211,144.95283057502752
6120,C13584,-37.819502818231925,144.94495134353332
950,C806,-37.81137803962183,144.96744465926923
5469,11892E,-37.81028160890837,144.97836372102498
5568,12069W,-37.81183781077067,144.98318875471043
3628,7577S,-37.8058291849574,144.95468553992856
4865,9268N,-37.82892561982128,144.97008112535386
5133,9946N,-37.82590006559615,144.96745658543583
3993,C5954,-37.80392684324373,144.95399357403704
4201,C6686,-37.808745386937495,144.95842532855065
927,C722,-37.81364554121871,144.96848423444078
5527,11987W,-37.81411708650631,144.98280290190883
3571,7099S,-37.80907994356288,144.95320282586704
5528,11989W,-37.81406523305979,144.98281190574397
5529,11991W,-37.81401364214847,144.98282073109584
2660,10167W,-37.80440418442524,144.9492897972084
4850,9250N,-37.828832914848135,144.97040012415158
6092,13251S,-37.82011525242285,144.9431517749976
5575,12083W,-37.81109578976549,144.9833128252393
5882,12912N,-37.798385444199326,144.96544383522328
2327,2897S,-37.811207387820446,144.9662508405088
3931,C5778,-37.80423505345836,144.95544037232816
4404,C7242,-37.807937380447,144.95214133755007
2321,2884N,-37.81086765834064,144.96676222197016
3140,5321W,-37.81088470301799,144.95591914749332
864,686E,-37.81413624354119,144.9688357652647
3492,6576N,-37.80822296307644,144.95988661053423
2131,3707S,-37.80916993592463,144.96551450156215
3404,6253S,-37.80768038391391,144.96640504611318
2328,2899S,-37.81122660037914,144.9661858851592
2674,10183W,-37.803986538656574,144.94936336445556
7057,4688Ea,-37.80494402980314,144.9591612913402
3402,6251S,-37.807670399778175,144.9664388087702
4899,9321S,-37.82949044784328,144.96857157061635
4897,9319S,-37.829481318964014,144.96860303930276
4573,8014E,-37.8296316908518,144.96909856930577
7055,4684Ea,-37.80504558257059,144.95920805769492
2687,10196E,-37.80363260222154,144.94961580163655
2673,10182E,-37.80400183516052,144.9495507132346
4562,8003W,-37.83012850694021,144.96920583230468
4859,9262N,-37.82889407958439,144.97018952912822
4177,C6616,-37.80841695340485,144.9595582189984
881,787W,-37.81160147807964,144.9674231907233
3564,7090N,-37.80887228659661,144.9534031171151
1837,2527S,-37.81169320961345,144.96815437038526
9066,9282N,-37.82899689624728,144.96983500340266
5876,12900N,-37.79830151808934,144.9646668998155
4839,9239S,-37.82884921067272,144.97076981597644
5049,9826N,-37.82506259705826,144.97031063892433
5896,C9024,-37.80287587557753,144.9670609601942
4917,9339S,-37.8295696721793,144.96829860997644
6753,13090N,-37.82136677470263,144.94474255993526
1839,2531S,-37.81172700693746,144.96803930487232
1892,987W,-37.81831341043588,144.96209694223612
3859,C5614,-37.8072410232429,144.9549061747726
2248,3938N,-37.81226727797973,144.95437225197944
5817,12562N,-37.81584255022129,144.98121721107145
4250,C6832,-37.80934732253807,144.9556472770944
8343,649W,-37.81607789160405,144.96948384379704
3196,5437W,-37.80808044883812,144.95460703377822
3350,6034E,-37.80638211114966,144.95216474182206
2688,10197W,-37.803609634862845,144.94942976511825
3393,6229W,-37.8060050580372,144.95084709764473
9014,9168N,-37.830685099278455,144.96833742562072
4887,9308N,-37.82916917565997,144.96924263891702
4889,9310N,-37.82918036665261,144.96920419855763
916,C680,-37.81428852568912,144.96878064119255
7064,4704Ea,-37.804516364541406,144.9589644045107
8965,7863W,-37.82645364094237,144.9710761147205
6036,13083S,-37.82113479065242,144.94301661517727
2669,10178E,-37.80410451447679,144.94953261336826
7062,4700Ea,-37.80463110382532,144.95901729620357
5401,11768E,-37.80989306166771,144.97572600869802
1291,4483W,-37.81285802621315,144.95397486300203
6037,13085S,-37.821119165074585,144.94295135097482
3191,5415W,-37.80833177449209,144.95472159046906
3197,5444E,-37.807953687580905,144.95479673649325
9068,9288N,-37.829054419636975,144.96963859415112
952,C814,-37.81133017001849,144.96742283713283
5028,9500N,-37.82844959256275,144.96680804737142
4091,C6302,-37.80474565400296,144.95082990373714
4313,C6962,-37.80920769120985,144.9560225553128
5327,7841W,-37.827402655274994,144.9711505809585
8991,7921W,-37.82833729707376,144.97107964009126
4853,9256N,-37.82886292711834,144.97029677805853
4893,9315S,-37.82946744191621,144.96866459989212
4895,9317S,-37.829472149906586,144.96863463463274
2677,10186E,-37.80389685139612,144.94956921982626
3475,6538N,-37.807802590485366,144.96133093254252
3157,5349W,-37.810148414031445,144.95558171538377
5859,C9138,-37.79841777962216,144.96489529290943
8305,655W,-37.81523874251336,144.9690991044169
3508,6661S,-37.808800623522416,144.95857337326385
4876,9290N,-37.82906481199191,144.96960285206353
4869,9276N,-37.82896730532619,144.96993785828036
2633,10103W,-37.803471559047566,144.9479280887954
4049,C6136,-37.804317160431054,144.95241101290793
3001,5052E,-37.805265514029216,144.95811795168993
2658,10164E,-37.80452187953159,144.9494598162812
5242,11509S,-37.811666544616806,144.9527043470513
6063,13048N,-37.82106378486651,144.94346265553844
5313,7813W,-37.82945222138655,144.9710348841311
3804,C5438,-37.80806758201713,144.9547247167863
4005,C6048,-37.80605009204831,144.95210596139026
5248,11521S,-37.811825749221,144.95214162680563
5725,12404N,-37.81075417518851,144.9766552194074
4200,C6682,-37.80873667807961,144.95845516673938
1472,1777S,-37.81677525216784,144.96602201405722
2683,10192E,-37.80373847192441,144.94959713136984
4298,C6932,-37.809377574431565,144.9560547857816
4300,C6936,-37.80935620860668,144.95605863228343
4302,C6940,-37.8093356516848,144.95606244657955
7063,4702Ea,-37.804573127716736,144.95899052129965
5274,4509W,-37.81166044059066,144.953424408537
8337,C6632b,-37.808470225354085,144.95937429833708
7060,4694Ea,-37.80479172656398,144.95909104701795
5887,12907S,-37.79854616510456,144.96523813543055
9013,9170N,-37.83071076981805,144.9682488680851
6128,C13616,-37.81964805193297,144.94444535818434
3880,C5656,-37.80661752104408,144.95501761198784
5062,9839S,-37.82530161899675,144.96985361454364
5830,12547S,-37.81597116437966,144.9806842999829
3905,C5724,-37.80522625027015,144.95526217349115
2696,10326E,-37.80304693129534,144.94402475908936
3027,5123W,-37.803363543058055,144.95711639661
5063,9840N,-37.82514565804229,144.97002721297184
2668,10177W,-37.80414887713744,144.9493349031893
5880,12908N,-37.79836692956692,144.96527283263367
5093,9891S,-37.82559015176679,144.9688633278964
5842,12571S,-37.81606708418995,144.98155199986667
4020,C6078,-37.80511953669214,144.95226842413223
3013,5088E,-37.80463759165694,144.95782799435162
4083,C6280,-37.80504309612259,144.9507772992846
2708,10341W,-37.80353234388977,144.94388507321685
8981,7901W,-37.8244845427473,144.97037905578156
6173,13236N,-37.81944612678392,144.94483434404276
2637,10107W,-37.80368282112505,144.94789332681202
4025,C6088,-37.80500356460843,144.95228928847817
6243,13301S,-37.82234164036471,144.946869916901
4019,C6076,-37.80514297321365,144.95226428308345
3723,7735S,-37.80326767897914,144.95071374441312
8334,C7736B,-37.80315295366602,144.95053163261065
8128,15156N,-37.816650137434166,144.98130396822356
3680,7640N,-37.80495465965016,144.94845913747562
3939,C5794,-37.80401038177662,144.9554807587221
4017,C6072,-37.80518907672143,144.9522558073889
3918,C5750,-37.80477303060156,144.95534364200836
8975,7883W,-37.82546659947157,144.9708114635522
5139,9952N,-37.82592212118155,144.96738088338464
5834,12555S,-37.81600397738242,144.98098276323154
5135,9948N,-37.82590736555987,144.9674315295153
3936,C5788,-37.80411018285281,144.95546281852842
2644,10118E,-37.803307797109184,144.94818815873492
5814,12556N,-37.81582039584319,144.98101517498233
3991,C5950,-37.80397643814763,144.95398474355974
8982,7903W,-37.82442448474448,144.97035129260922
3024,5117W,-37.8036417823928,144.95723751206768
5099,9897S,-37.825646029689,144.96867158032396
4036,C6110,-37.80468600562186,144.95234559605683
8133,15166N,-37.81661337143654,144.9809619187024
5839,12565S,-37.81604399396138,144.98134599405873
3720,7723S,-37.80352181053711,144.9529787612068
3910,C5734,-37.805078730862704,144.95528869054613
3916,C5746,-37.80482565498134,144.95533418201455
3906,C5726,-37.80520172201874,144.95526658230324
3965,C5898,-37.80472866680152,144.95385053369245
3624,7573S,-37.80584440198315,144.9548204611726
3011,5084E,-37.80468237388431,144.95784863450982
5120,9932N,-37.8258483441805,144.96763411153665
3952,C5872,-37.80514393571363,144.95377631037417
8151,15195S,-37.81674928920695,144.98114263809254
5131,9944N,-37.82589261035631,144.9674821750466
4029,C6096,-37.80485069571662,144.95231614632763
5669,12336N,-37.80987568569655,144.9793561919218
5086,9882N,-37.82544009206045,144.9690100993639
8121,15142N,-37.81670150241312,144.9817833119722
5888,12909S,-37.79855408394544,144.96531027324374
3713,7680N,-37.80374980216992,144.95671029255175
3676,7636N,-37.80496100182541,144.94851534910413
5079,9864N,-37.825243256419526,144.96969247238326
8985,7909W,-37.82410747204598,144.97020475094172
5128,9941S,-37.826006437898286,144.96743612844762
4445,C7736,-37.80314610524371,144.95046851427497
3914,C5742,-37.80487827892888,144.95532472315324
5831,12549S,-37.81598145514784,144.9807774962766
3009,5078E,-37.804851403825936,144.95792778815903
3962,C5892,-37.80486179757756,144.95382674260944
3016,5094E,-37.80445522391068,144.95774694686023
3956,C5880,-37.805049362625496,144.9537931885639
6186,13262N,-37.819949557664174,144.94309573752605
8122,15144N,-37.81669407791513,144.9817148599355
3924,C5764,-37.804495548133154,144.95539354523032
3035,5136E,-37.80301980439469,144.95708108619985
3926,C5768,-37.80444470791144,144.95540268447868
3960,C5888,-37.80495470294587,144.95381007070802
3938,C5792,-37.8040602342537,144.95547179734015
5826,12539S,-37.81594173624363,144.98041689467863
6695,5082E,-37.804704440449,144.95785871800302
5082,9870N,-37.82526694162934,144.96961147586524
1101,C1118,-37.81461495691755,144.96052248158327
4119,C6400,-37.80375005016145,144.95100527683002
4039,C6116,-37.80461099949032,144.9523591001093
4437,C7714,-37.80358756983143,144.95441431149385
3684,7644N,-37.80494833451298,144.9484029253028
3682,7642N,-37.80495149707501,144.948431030418
3637,7590N,-37.80556771137624,144.9540120387018
5735,12381S,-37.81090721648867,144.97635409035226
2999,5048E,-37.805320727736856,144.95814372075984
5525,11983W,-37.81421999952676,144.982785460789
5511,11955W,-37.81494395394061,144.98266205749468
3005,5064E,-37.80508968150744,144.95803743823717
2700,10330E,-37.80319296434918,144.94399913772605
3953,C5874,-37.80512030839985,144.95378052840346
5870,C9182,-37.79846529772058,144.96533287717432
6144,C13680,-37.81996043671544,144.94336469710623
4042,C6122,-37.80453993952276,144.95237190008652
8332,C7734C,-37.80316332831725,144.9506278002043
5426,11804E,-37.81404552323686,144.97773552912304
8333,C7736A,-37.80315648139222,144.9505643124663
6190,13270N,-37.82016441447789,144.94235971345913
3919,C5752,-37.8047467186264,144.9553483714258
2694,10324E,-37.80300386158146,144.94403243100396
8986,7911W,-37.82404106735321,144.97017405148785
4050,C6138,-37.80429383184477,144.95241519870223
3630,7579S,-37.80582157665668,144.9546180926589
3925,C5766,-37.80447012824767,144.95539811485625
3018,5098E,-37.804412030760886,144.95772746578052
4031,C6100,-37.80480420853655,144.95232441419762
8974,7881W,-37.825522114506,144.9708312093819
4038,C6114,-37.80463775633693,144.9523542850579
5304,9533S,-37.82822665507143,144.96520178212438
8984,7907W,-37.824304359625735,144.97029576158002
5412,11784E,-37.811085566669895,144.97556512143274
4430,C7700,-37.80363224544294,144.9548103245295
5076,9858N,-37.82521881024444,144.96977613546596
5117,9926N,-37.82561803176388,144.9684009383468
3620,7568N,-37.80565938100267,144.954826317798
9001,C7818,-37.825534786362326,144.97100441917507
3710,7676N,-37.80377230962868,144.95691685901107
4446,C7738,-37.80314276449994,144.95043863536836
3690,7650N,-37.80499242599822,144.95703922690257
4105,C6352,-37.80421782013373,144.95092242388282
5679,12335S,-37.81001179316358,144.97925548474626
3727,7762N,-37.80254076503344,144.9458218122118
4131,C6428,-37.80347326534873,144.95105471557133
5307,9527S,-37.82828491228878,144.96550766956204
5096,9894N,-37.82548875847726,144.96884326235067
4085,C6284,-37.804997748785695,144.95078534515235
5066,9843S,-37.825339260188585,144.96972529598187
4426,C7692,-37.8036608605574,144.95506192376945
3999,C5966,-37.80377804476591,144.95402017467023
3944,C5856,-37.80533677006978,144.95374189429305
5835,12557S,-37.8160145726762,144.9810797335309
4447,C7740,-37.803139591402825,144.95041041830297
3998,C5964,-37.803803046432606,144.95401565882918
3920,C5754,-37.80469658766741,144.9553573821334
3917,C5748,-37.80479934256647,144.95533891201956
5103,9901S,-37.82568324580839,144.96854386777866
4496,3692N,-37.80872620102045,144.9665460954397
3640,7595S,-37.805352315471154,144.95041134473956
5305,9531S,-37.82825376671197,144.96534903941188
5505,11943W,-37.81525340642786,144.9826094509918
5684,12345S,-37.81004871301233,144.979592157656
5823,12533S,-37.81591965830468,144.98021528232428
7056,4686Ea,-37.80499480448088,144.95918466191517
2639,10111W,-37.80357734637805,144.9479108219798
3017,5096E,-37.80443374608326,144.9577373342755
4117,C6392,-37.8037967924817,144.9509968828238
4435,C7710,-37.80359824282294,144.95451109653197
2326,2895S,-37.81118873125521,144.96631406952298
5064,9841S,-37.82532058401922,144.9697891887252
4598,8326E,-37.82489214028516,144.96834118542722
4450,C7746,-37.80312242317344,144.9502573801377
8130,15160N,-37.81663498932373,144.98116356058125
5115,9922N,-37.82560167531653,144.96845689275244
3004,5062E,-37.80512292678459,144.95805252500634
4436,C7712,-37.80359470663074,144.95447976391296
3702,7667S,-37.80406749384197,144.95788992690052
5507,11947W,-37.81514995297523,144.98262700920668
8331,C7734B,-37.80316707899577,144.9506609998553
6199,13311W,-37.8203608500787,144.94716161241865
5890,C9000,-37.8028519401346,144.96684307221085
4110,C6372,-37.804101990803616,144.95094279543164
4118,C6396,-37.8037734258926,144.95100108193583
5521,11975W,-37.81442711693971,144.98275030591668
4114,C6380,-37.8040088660976,144.95095945647938
3704,7670N,-37.80379372113377,144.95711295373144
4441,C7728,-37.803184192208334,144.95081336012015
5682,12341S,-37.81003394796344,144.97945746381384
3973,C5914,-37.80448176840822,144.9538948503972
3721,7724N,-37.80324791826156,144.95220979108632
3942,C5800,-37.803932783966495,144.95549470757186
5821,12570N,-37.81587181680066,144.98148603607405
4018,C6074,-37.80516621714112,144.95225998005083
4423,C7686,-37.80367465531964,144.95518377795898
4086,C6286,-37.80497529927409,144.95078932967044
5143,9956N,-37.82593703115003,144.96732970469938
3040,5143W,-37.80295473347809,144.95692438957946
5537,12007W,-37.813498645452,144.98290903858867
5822,12531S,-37.81591260602434,144.98015121969345
5780,12477S,-37.81211824519026,144.97727994274808
3927,C5770,-37.80441928801535,144.95540725409757
5493,12046E,-37.812337421022605,144.98334238469334
7059,4692Ea,-37.80484250934886,144.9591144008784
8345,633W,-37.81646851131973,144.9696637908396
5883,12914N,-37.79839303700173,144.96551372538534
5074,9854N,-37.82520231330287,144.9698326288035
2648,10122E,-37.803191517115465,144.94820900121596
3387,6217W,-37.80617781003179,144.95092591905063
3015,5092E,-37.80447675631378,144.95775638940404
5886,12905S,-37.79853551627522,144.965142058334
3006,5066E,-37.80506700905272,144.95802706944522
5055,9832N,-37.82508693877273,144.97022754415357
5102,9900N,-37.82551286390782,144.96876064344832
3618,7566N,-37.80566694062923,144.95489328638936
6176,13242N,-37.819613851850605,144.9442484098157
5047,9824N,-37.82505449827978,144.97033834966942
4989,9421S,-37.83010731733697,144.96644468290793
8894,8123W,-37.825805142280885,144.96917715285431
5070,9847S,-37.82537586966632,144.96959683137294
4590,8318E,-37.82510235384696,144.968277314659
8973,7879W,-37.82557774456435,144.9708503748579
1053,977W,-37.81860096436384,144.96222892276018
4126,C6414,-37.80358787018449,144.95103430187015
5892,C9008,-37.80285872182182,144.9669047620368
3019,5100E,-37.804378178843,144.9577120543801
1538,1903S,-37.8142409264922,144.9710888210162
3392,6227W,-37.80604895328538,144.9508671460027
5907,C9068,-37.80293199839085,144.9675715117793
3688,7648N,-37.80499702751212,144.9570799244915
5878,12904N,-37.79832412543489,144.96488078826815
3367,6177W,-37.80411157251581,144.94316750978206
2706,10338E,-37.803428726035634,144.94395698879092
4112,C6376,-37.80405566544815,144.9509510218349
1098,C1104,-37.81615960326194,144.96123167387884
583,16E,-37.81458368292173,144.9746548650308
4987,9419S,-37.83009693501285,144.96648061028844
5017,9449S,-37.83025528679968,144.96593472032285
1766,2394N,-37.81470482592168,144.96132030224308
3929,C5774,-37.80436844780128,144.9554163932999
3943,C5854,-37.80536284258624,144.95373722072688
2753,4592E,-37.80740153209552,144.96591541546846
3897,C5706,-37.806067037313525,144.9551160044954
5498,11929W,-37.8156116514398,144.9825483658929
3947,C5862,-37.80526213247293,144.95375521844215
5508,11949W,-37.81509804827256,144.9826358111394
3922,C5760,-37.804648423233246,144.95536603987242
4043,C6124,-37.80451697889771,144.95237596698098
1110,C1136,-37.8143763501657,144.96041280692424
888,816E,-37.811246410797146,144.9675098136646
6061,13044N,-37.82109504413756,144.94359313381324
5509,11951W,-37.81504652097266,144.98264459820194
2679,10188E,-37.80384576867768,144.94957821859185
3414,6263S,-37.80774341058874,144.9661907526817
6062,13046N,-37.82107941377973,144.94352789890692
4427,C7694,-37.80365748714469,144.9550320987078
6056,13034N,-37.82117319038632,144.94391931390288
2325,2893S,-37.8111698947865,144.96637794247437
6172,13234N,-37.81942611349134,144.94490342879857
2651,10151W,-37.80487227218458,144.94920785251884
5510,11953W,-37.81499544968763,144.98265330166902
1104,C1124,-37.81454637238771,144.96049093434277
5809,12546N,-37.81578335137982,144.98067858304387
5867,C9170,-37.79845224001575,144.96520917346135
3044,5147W,-37.80285324569802,144.9568774084001
1838,2529S,-37.81171009882618,144.9680968607801
5872,C9190,-37.79847513739384,144.96542559059571
3945,C5858,-37.80531069392037,144.9537465349453
5804,12536N,-37.8157464614875,144.98034187475793
5552,12037W,-37.81272358090266,144.98304109521604
4116,C6390,-37.803819986544745,144.95099277694794
3675,7634N,-37.80496415539301,144.94854345868964
2747,4576E,-37.80803999840939,144.96604209597555
949,C802,-37.8114017627735,144.9674554739191
3673,7632N,-37.8049688034327,144.94858505740615
4985,9417S,-37.830086551284325,144.96651645702718
5884,12901S,-37.79851767140652,144.96497972045887
6309,13375W,-37.81981416605073,144.949885833992
6162,13214N,-37.81869041132199,144.94741865685148
3948,C5864,-37.8052387829283,144.95375936377005
2641,10115W,-37.80336311365046,144.94794649930117
2654,10157W,-37.80470817873153,144.94923768619498
3642,7597S,-37.80534515289085,144.9503473572917
3941,C5798,-37.80395954199116,144.95548989782293
5095,9893S,-37.82560883549456,144.9687992143289
1759,2382N,-37.81435132375749,144.9625323934673
4424,C7688,-37.80367125555499,144.95515378078784
6040,13000N,-37.819277474460826,144.9531460181991
5518,11969W,-37.814583043445566,144.98272347942634
5806,12540N,-37.815761228793,144.9804762023069
8983,7905W,-37.82436442673581,144.9703235252092
3912,C5738,-37.80502967437511,144.95529750928762
3023,5108E,-37.804292539726006,144.95767318591783
6170,13230N,-37.81938963907055,144.9450293121314
6183,13256N,-37.81989373658233,144.94328768081613
3932,C5780,-37.80421007960622,144.95544486202414
4121,C6404,-37.80370335884251,144.95101367765076
4122,C6406,-37.80368004193126,144.9510178787948
921,C700,-37.81416846060719,144.9687266792635
5857,C9130,-37.79841124372694,144.96483415326622
5864,C9158,-37.79844107478208,144.96510894917088
5108,9908N,-37.82554528515192,144.96864979905382
5352,8885W,-37.824946075716575,144.96111801948322
5358,8897W,-37.82450433070958,144.96163789794954
5306,9529S,-37.82825972899688,144.96537712369843
3933,C5782,-37.80418510531321,144.95544935114913
4123,C6408,-37.803657177784935,144.95102191088802
3025,5119W,-37.80359102769667,144.95721410852093
5346,8873W,-37.82539182057477,144.9605934088404
5354,8889W,-37.824869818255166,144.9612076794827
3987,C5942,-37.80407539707152,144.9539671009614
3012,5086E,-37.804660182853496,144.95783832325395
3021,5104E,-37.804335100882575,144.95769222970844
8766,8224E,-37.82943524622864,144.9669679441877
5121,9934N,-37.82585564463342,144.96760905564972
3667,7626N,-37.80497823259952,144.94866939081794
4010,C6058,-37.80590733551236,144.952131579965
3940,C5796,-37.80398540792126,144.9554852483999
5065,9842N,-37.8251537185909,144.96999948442422
4054,C6146,-37.8042026441709,144.95243150666175
5818,12564N,-37.81584986652931,144.98128435990577
3903,C5718,-37.805359057027225,144.95523830079958
8762,8232E,-37.82922499429415,144.96703159629502
5819,12566N,-37.81585716353906,144.98135152160313
5820,12568N,-37.81586448563712,144.98141868728942
5032,9508N,-37.82839890113054,144.9665412828054
956,C826,-37.811210911027,144.9673683886752
4006,C6050,-37.80602702323796,144.9521101242498
6139,C13660,-37.81992012179301,144.94350332364704
5805,12538N,-37.81575388301522,144.9804096233853
1399,1581S,-37.81865397291395,144.96367840905828
5048,9825S,-37.825170494531946,144.97030242398665
3635,7586N,-37.80558417130324,144.95415795040003
7966,15020E,-37.81748207274789,144.98199983090774
8964,7861W,-37.8265071985624,144.97108525409342
8998,C7806,-37.82569968834423,144.97105816472444
9003,C7826,-37.82542492856548,144.97096835037712
1411,1603S,-37.816281459661965,144.97178416820037
1498,1853S,-37.81887435368425,144.9590848025996
8832,8536E,-37.82270347369579,144.9676461710951
3663,7622N,-37.804984510900766,144.9487256136694
8968,7869W,-37.82629768450714,144.9710462583974
9004,C7830,-37.82537047463681,144.9709483601462
9000,C7814,-37.8255897260822,144.97102234998545
5841,12569S,-37.81605995958615,144.9814878087895
5061,9838N,-37.82513759657642,144.97005494092127
9005,C7834,-37.825317457121926,144.97092800111432
8977,7887W,-37.825356123790186,144.97076928026326
1497,1851S,-37.81885513602744,144.95915096817117
3633,7584N,-37.80559174454697,144.95422564230262
1055,981W,-37.8184925682074,144.96217929286786
1054,979W,-37.81854591924767,144.962203666598
5158,C1121,-37.815391570588496,144.96087855962014
4671,8494E,-37.8247791195085,144.96705557322758
3375,6193W,-37.8065656135546,144.9511022369515
5361,8903W,-37.82409822525305,144.96211501714058
5394,11754E,-37.81012047365711,144.97568860791415
8966,7865W,-37.82640009326216,144.97106667324073
8307,659W,-37.81514065818146,144.9690534891165
914,C674,-37.81436063676442,144.96881309873686
5743,12397S,-37.810972387068894,144.97695231348433
5742,12395S,-37.81096486000708,144.97688247489913
3907,C5728,-37.80517719377684,144.95527099167967
4621,8354E,-37.82406401578714,144.9685908984552
5729,12412N,-37.81084937975889,144.9775293328501
6082,13229S,-37.81944163212577,144.94547769471956
5389,11744E,-37.810283032684495,144.97566159235552
5391,11748E,-37.810217965782726,144.9756724717453
5362,8905W,-37.82405864585421,144.96216148541197
5357,8895W,-37.824542423654,144.96159306132756
5360,8901W,-37.82413759354036,144.96206878558004
5011,9443S,-37.830222665972336,144.96604735511164
5375,11724E,-37.80991962787736,144.97298012382748
5051,9828N,-37.82507069537967,144.9702829329751
3904,C5720,-37.80533675854116,144.95524230909845
5926,12813S,-37.803042318039786,144.96772768939778
5877,12902N,-37.798313847511565,144.96478913518115
5071,9848N,-37.82517759372496,144.96991736877078
3909,C5732,-37.80512813773253,144.9552798098799
5741,12393S,-37.81095746319764,144.97681359156525
3403,6252N,-37.80758513511026,144.96637132175528
5719,12392N,-37.81071163256664,144.97626320429475
5774,12465S,-37.81206441445708,144.97678342074843
912,C670,-37.81440744587311,144.96883413715778
5912,C9088,-37.80295328839999,144.96776519274866
6425,13677W,-37.82096897146421,144.94621455152475
8890,C2876,-37.810717460357736,144.96758983216253
3849,C5588,-37.80627608274409,144.95390490606593
4195,C6662,-37.80869393034385,144.9586021238215
4365,C7164,-37.80718811835289,144.95368154521253
4395,C7224,-37.80780659924804,144.95241056570126
3807,C5450,-37.80754350767742,144.95448039110647
6642,13625W,-37.819365284576,144.9434416014759
4358,C7150,-37.80708348865637,144.9538956261695
4359,C7152,-37.807096714720245,144.9538683555503
3831,C5536,-37.80672619347971,144.95410969981918
4398,C7230,-37.80784634777768,144.9523287050182
4379,C7192,-37.80754433786831,144.95295068458603
3822,C5500,-37.80718808695781,144.9543188718062
4378,C7190,-37.807532111012605,144.9529758677407
4381,C7196,-37.807568064386864,144.9529019571974
3494,6584N,-37.80825984138091,144.9597589397056
3500,6614N,-37.80833578580236,144.9594960648111
3262,5816E,-37.80694424322287,144.95348980330635
3815,C5474,-37.80735379788764,144.95439403613716
6749,6629S,-37.80855847755369,144.95941119429182
3273,5832E,-37.80669128542039,144.95353421712434
4382,C7198,-37.80759513257981,144.95284607059398
4374,C7182,-37.80746605177896,144.95311195589082
4367,C7168,-37.8072138732388,144.9536295182072
3558,7084N,-37.808812603559126,144.95361138235916
4318,C6974,-37.80935195116392,144.95619976326594
4191,C6652,-37.80856743802731,144.95903826457047
4269,C6872,-37.80938858617459,144.9557854341632
4259,C6850,-37.80916763506006,144.95567953403548
4325,C6988,-37.80927683391343,144.95627639567826
4252,C6836,-37.80930933716368,144.95565402708218
4285,C6906,-37.8092303743657,144.95587802590725
3267,5824E,-37.80678413595104,144.95351785207032
4260,C6852,-37.809510592273725,144.9557626274517
3281,5844E,-37.80655209204152,144.953558766649
4312,C6960,-37.80923519004118,144.95608091232265
4270,C6876,-37.80936810877179,144.9557893526814
3283,5848E,-37.80650173373205,144.9535676381809
4284,C6904,-37.809225058582896,144.9558161699686
3827,C5510,-37.80706882866416,144.9542646715394
4354,C7136,-37.8084310108724,144.9527013175193
6148,C13696,-37.82000385320533,144.94321541187122
5228,11510N,-37.81169251219845,144.95219601741596
3396,6235W,-37.80594155061086,144.95081806074066
4396,C7226,-37.807819678246815,144.952383630162
869,738E,-37.81340305141516,144.96849961317562
5236,11526N,-37.81194395036159,144.95130760794655
3543,7063S,-37.8087307953435,144.95441713063076
4273,C6882,-37.809351696022624,144.95585524198555
4084,C6282,-37.80502035822408,144.9507813485468
5858,C9134,-37.79841449251995,144.96486454356466
5724,12402N,-37.81074692454287,144.97658841133554
5235,11524N,-37.81191442680799,144.95141216468477
5267,4533W,-37.81069585048778,144.95297471034866
1272,4464E,-37.81365261136899,144.9545957601222
4399,C7232,-37.807859872182426,144.95230085128213
3722,7733S,-37.80327515633429,144.95078278913218
3271,5830E,-37.80671448447416,144.95353012545496
5181,C8014,-37.81050062855768,144.95237272746522
5224,11502N,-37.81154338985314,144.9527237436592
3848,C5584,-37.80629975513395,144.9539156458021
5007,9439S,-37.830201318720114,144.96612070938122
3826,C5508,-37.80709231981772,144.95427534398706
5229,11512N,-37.81171126342535,144.95212969396388
4245,C6822,-37.80950645408079,144.9556160095626
3857,C5610,-37.80729075478993,144.95489727880891
4363,C7160,-37.80714961979042,144.95375923733644
3610,7558N,-37.806033996519375,144.95867183356904
3397,6237W,-37.80589520730427,144.95079721963123
6133,C13636,-37.81969020326326,144.94430138688216
4000,C6036,-37.806192927601,144.95208034212433
5226,11506N,-37.81159624832596,144.9525367688051
3824,C5504,-37.807140701844034,144.9542973541556
4355,C7140,-37.80844946288812,144.9526373310938
4375,C7184,-37.80749350300659,144.95305535791255
3839,C5554,-37.80653683016629,144.9540234970279
4406,C7246,-37.80796360659832,144.9520872066812
4366,C7166,-37.80720099557861,144.95365553170808
4397,C7228,-37.80783289251717,144.95235641598873
4370,C7174,-37.80741375196129,144.95321945888054
4282,C6900,-37.80924499662795,144.9558123618251
3963,C5894,-37.80483719300592,144.95383114065606
3383,6209W,-37.80628564281612,144.95097485681578
4373,C7180,-37.80745302557375,144.9531386804009
4002,C6040,-37.80614654561359,144.95208866844425
4013,C6064,-37.80583792831153,144.95214406960355
3846,C5576,-37.80634703943952,144.95393714038005
4387,C7208,-37.80765463998226,144.95272351758337
3830,C5532,-37.80674903143225,144.95412009497187
4348,C7112,-37.8079897149833,144.95423345692586
4007,C6052,-37.80600383270243,144.952114287094
3862,C5620,-37.80714143011748,144.9549240681294
4001,C6038,-37.80616973660744,144.95208450500195
3894,C5700,-37.8061403466223,144.95510289667212
3842,C5564,-37.80644148749506,144.95398008670202
4393,C7220,-37.80774063077173,144.95254655813204
5241,11507S,-37.81164960593336,144.95276425119542
6207,13327W,-37.81974638617298,144.9469095362673
3264,5820E,-37.8068978534812,144.953498051854
4401,C7236,-37.807899678320105,144.95221886552395
3879,C5654,-37.80664245576149,144.9550131565751
5421,11793W,-37.81112466099329,144.97545089934948
3638,7592N,-37.805235248863546,144.9510389304511
3708,7674N,-37.80377976509666,144.9569850663628
3829,C5528,-37.80677055046829,144.95412992036552
3010,5080E,-37.8047886926202,144.95789909111085
3277,5836E,-37.80664488599042,144.9535424004917
3837,C5550,-37.80658430465596,144.9540451198374
3878,C5652,-37.80666765913082,144.95500864718963
3279,5840E,-37.80659848968227,144.95355058329227
4059,C6156,-37.803989693655744,144.9524689418696
3280,5842E,-37.80657529109709,144.95355467497205
3881,C5658,-37.806592399424886,144.9550221026891
4372,C7178,-37.80743962521508,144.9531662424701
5253,11531S,-37.811967757887714,144.95163890435862
3003,5060E,-37.80514354426124,144.9580620873935
4304,C6944,-37.80931520479838,144.95606623186836
4301,C6938,-37.809330270096325,144.95600001926937
6747,6625S,-37.808520094652366,144.95954463796903
4299,C6934,-37.80935099071176,144.9559961537129
6748,6627S,-37.8085392892571,144.95947791717688
3506,6659S,-37.80877860059651,144.95864942534774
4356,C7142,-37.80846791484835,144.9525733452055
4202,C6690,-37.80875387217788,144.9583956929061
5416,11783W,-37.81157750027476,144.9753800908452
3812,C5462,-37.807424364820506,144.9544261999638
4315,C6966,-37.80939200298975,144.9561920623273
3828,C5524,-37.80679216256973,144.95413973020337
3374,6191W,-37.80658679914876,144.9511118550584
4377,C7188,-37.80751916412699,144.95300253082087
3263,5818E,-37.806921048807496,144.95349392731026
5540,12013W,-37.813342544457015,144.98293623034905
4323,C6984,-37.80929677253113,144.9562728880633
4364,C7162,-37.80717524022039,144.95370755869564
3515,6672N,-37.80865880458556,144.95837673606894
3265,5822E,-37.80687465816447,144.9535021664006
3817,C5482,-37.80730646410212,144.9543725122746
3843,C5566,-37.80641793309145,144.9539693463589
3806,C5448,-37.80756750837079,144.9544912071891
4311,C6958,-37.809229950896814,144.95601853339537
3275,5834E,-37.806668087276925,144.9535383082356
3810,C5456,-37.807471734012296,144.95444771321013
3513,6668N,-37.80863899645456,144.95844499257623
4199,C6678,-37.80872796786283,144.95848500888263
3825,C5506,-37.80711670747934,144.95428638590482
3814,C5470,-37.80737735622807,144.9544048264981
3278,5838E,-37.80662168918761,144.95354649162206
3841,C5562,-37.806465129427735,144.95399080398576
3378,6199W,-37.80647917016282,144.95106308998027
3385,6213W,-37.80622014763526,144.95094523460372
4188,C6646,-37.808541422189045,144.9591283997378
5259,4517W,-37.81114875079743,144.95318599123723
3356,6044E,-37.80611418666328,144.95221261672373
4254,C6840,-37.80926994307797,144.95566110647576
4308,C6952,-37.8092757883083,144.95607346019614
3823,C5502,-37.80716454585276,144.9543081254844
3876,C5648,-37.80674267759487,144.95499524308445
4289,C6914,-37.80918752192871,144.95588594908736
3833,C5542,-37.80667854772118,144.9540880143075
3798,C5420,-37.80821182060825,144.95479065062798
5828,12543S,-37.815956514905565,144.98055145778306
3696,7660N,-37.80495487459986,144.95670063806824
4317,C6972,-37.809356342797855,144.95626247620703
4319,C6976,-37.809336130975176,144.95626589693285
5178,C8008,-37.81045351708055,144.95253771771743
4290,C6916,-37.80945131207706,144.95597777727065
6028,13067S,-37.82135355038442,144.94393155279823
3261,5814E,-37.80696743898906,144.95348567820156
4403,C7240,-37.80792434807715,144.9521679122788
4295,C6926,-37.80939289853838,144.9559884246491
2631,10100E,-37.803795463066834,144.9481016399094
4993,9425S,-37.83012757737667,144.9663746848787
4257,C6846,-37.80920970666094,144.9556719143756
4244,C6820,-37.80953289851465,144.95561158975204
2684,10193W,-37.80372097247936,144.94941015473876
4251,C6834,-37.80932853709153,144.95565051334395
5399,11764E,-37.80995784030805,144.9757155010556
2702,10332E,-37.80323724450006,144.94399118932236
6137,C13652,-37.819793849177344,144.94394541686725
3836,C5548,-37.80660767581779,144.95405575694514
4268,C6868,-37.80940834052792,144.9557817779109
3875,C5646,-37.80676840605765,144.95499064476647
3724,7737S,-37.80325401620138,144.95058834497473
4309,C6954,-37.80925037904049,144.95601475961075
2690,10199W,-37.80355520552128,144.94943939362565
3901,C5714,-37.80540365399849,144.95523028419373
4003,C6042,-37.80612335462928,144.952092831316
3896,C5704,-37.806092441005,144.95511145791926
5060,9837S,-37.82528281058076,144.96991750774305
2256,3953S,-37.812690507137376,144.95336732046133
2247,3936N,-37.81224916081595,144.95443640358283
2691,10200E,-37.803528781966094,144.94963406770725
4248,C6828,-37.80938773145017,144.95563994568715
3811,C5458,-37.807448011270026,144.95443689661118
5329,7845W,-37.82730036312025,144.97115125967724
1810,2481S,-37.81670841631035,144.95495040296527
6179,13248N,-37.8196689953097,144.94406016511218
1271,4463W,-37.81377979292849,144.95440143817464
3802,C5430,-37.8081165893984,144.9547471729851
6645,13618E,-37.8195015819484,144.943665942775
3148,5331W,-37.810605293174135,144.95579105614544
6127,C13612,-37.81957378086392,144.9447062113916
6640,13621W,-37.81946689527387,144.94348813888075
615,72E,-37.80993497807388,144.97237175555972
1757,2380N,-37.81433264770753,144.96259635335218
4564,8005W,-37.83007076061647,144.96917903594934
2238,3926N,-37.81215821575508,144.95475730314467
3046,5149W,-37.80280546182864,144.95685528863962
5420,11791W,-37.8111814359484,144.97544200658723
1500,1857S,-37.81891267018173,144.95895251322617
6174,13238N,-37.81947402569617,144.94473806526696
6153,C13716,-37.82005535339052,144.94303831911287
639,C100,-37.8088965609683,144.97190792792816
6122,C13592,-37.81952800191678,144.9448645492551
1413,1607S,-37.81631908175282,144.97165640052418
1495,1847S,-37.81881661911433,144.95928315384032
3606,7554N,-37.80598354787373,144.95884461925414
1417,1615S,-37.81639863631808,144.97138622152843
6393,13642E,-37.82010007785768,144.94445119121684
983,910E,-37.816862701910495,144.96446077170123
6142,C13672,-37.819944311871296,144.94342014850724
6277,13432E,-37.81878590844472,144.94860982471914
6263,13329W,-37.8189196878709,144.9484019412546
6167,13224N,-37.81878289674114,144.94710275895125
6360,13304N,-37.82179702903255,144.9508139582522
6123,C13596,-37.81953717751574,144.944832602833
6328,13474E,-37.8187948047274,144.94988619155254
6141,C13668,-37.81993624759802,144.9434478733662
6922,10055S,-37.82190885461032,144.96309929184798
1020,1114E,-37.81532413603813,144.9609750268609
3146,5327W,-37.810717056543325,144.95584229532835
6131,C13628,-37.819673337996456,144.94435930939085
6146,C13688,-37.81998772661222,144.94327086277917
6090,13247S,-37.82007900996949,144.94327625545057
8835,8509W,-37.82282023955067,144.96749621697455
1262,4453W,-37.81406297912861,144.9545329521773
4649,8465W,-37.82556883787312,144.96662954952825
2252,3945S,-37.81261862917434,144.95362160189677
6159,13208N,-37.81863420764863,144.94761214089272
1263,4455W,-37.8140091411934,144.9545079009563
6089,13245S,-37.82006030630913,144.94334049359725
1499,1855S,-37.8188935432935,144.95901867240218
6069,13203S,-37.81868155883488,144.94813304068293
8836,8505W,-37.82292841411784,144.96746336625586
1415,1611S,-37.81635670324089,144.97152863215592
932,C736,-37.81350740471045,144.96842159726603
8837,8503W,-37.82298647300616,144.96744918504407
6649,13626E,-37.81933640612907,144.9435902120263
3138,5319W,-37.81094059002415,144.95594475236732
1895,1381W,-37.81681241762773,144.95739008686456
6147,C13692,-37.81999578991213,144.94324313732807
6136,C13648,-37.81978379152755,144.94397996203182
3132,5313W,-37.8111082398354,144.95602159181988
6130,C13624,-37.81966489596433,144.9443883009758
6378,13627W,-37.81944096814101,144.94441782223646
6143,C13676,-37.81995237338607,144.9433924225445
6072,13209S,-37.81876007534879,144.94786208026815
8830,8530E,-37.82296651273282,144.96756629065183
6075,13215S,-37.81881247683255,144.94768061578563
5376,11726E,-37.80986458310545,144.97298774989667
6134,C13640,-37.81976392014481,144.94404744548575
6223,13324E,-37.81813758797308,144.94643655625285
6171,13232N,-37.81940787606811,144.94496637047354
6091,13249S,-37.82009732504668,144.94321334867416
1273,4465W,-37.81372901485175,144.95437806442817
6384,13631W,-37.82034636670441,144.9444628941702
6163,13216N,-37.81870911819312,144.94735467296553
6222,13322E,-37.81819067770749,144.94645995311902
6140,C13664,-37.81992818470879,144.94347559823188
6068,13201S,-37.81866478909306,144.94819126849598
6135,C13644,-37.81977373071475,144.9440145055217
984,912E,-37.816808953141,144.96443606200222
6087,13239S,-37.82002166320028,144.94347321936715
643,C116,-37.80880200226363,144.97186447690888
6182,13254N,-37.81987512933999,144.94335166164956
6077,13219S,-37.81889292380934,144.9473986962407
6073,13211S,-37.818778775012674,144.9477980827565
6132,C13632,-37.81968176847585,144.94433035327427
2622,2473S,-37.816576812948064,144.9554080891807
6160,13210N,-37.81865309443643,144.94754747395712
4813,9188N,-37.831059194620494,144.9670890100698
6129,C13620,-37.81965646547027,144.94441725706724
3874,C5644,-37.806793863655486,144.95498609482
3861,C5618,-37.807189189914745,144.9549154453604
3883,C5662,-37.806542072232105,144.9550310971518
3893,C5696,-37.80624414721484,144.95508434930292
3935,C5786,-37.8041351571469,144.95545832941366
3888,C5676,-37.80639421251,144.95505754521946
3934,C5784,-37.80416013145049,144.9554538402955
3891,C5688,-37.8062945984034,144.95507532753643
3889,C5680,-37.80634503476773,144.95506630900354
3902,C5716,-37.805381355513,144.955234292498
3890,C5684,-37.8063195466268,144.95507086893082
3900,C5712,-37.80542595203332,144.95522627588673
3908,C5730,-37.80515266598496,144.95527540106525
3144,5325W,-37.81077293503979,144.9558679419342
6074,13213S,-37.81879601912946,144.94773866231958
6078,13221S,-37.81891075794348,144.9473373213881
6164,13218N,-37.81872750478851,144.94729299903895
6088,13241S,-37.82004168040871,144.943404466561
1410,1601S,-37.81626264902319,144.9718480525657
1412,1605S,-37.81630027072522,144.97172028438396
1419,1617S,-37.816424189079335,144.9712994395382
1416,1613S,-37.81637598409759,144.971463151212
6071,13207S,-37.81874137488337,144.94792655456513
642,C112,-37.80882551351922,144.97187528196002
6079,13223S,-37.81892742284184,144.94727933973385
6010,13019S,-37.82000268152324,144.95123377947644
6020,13039S,-37.821224835482575,144.9470063923581
6332,13482E,-37.81949229145816,144.9504366415831
6335,13488E,-37.81965271469275,144.95056196067844
862,682E,-37.81418916754205,144.96886001495778
867,698E,-37.81399066720535,144.96876906434343
6157,13204N,-37.818596021745535,144.94774327454994
1255,1492E,-37.81492322046029,144.95518406009364
1280,4472E,-37.81313512024972,144.95435502984975
6101,C13500,-37.81921925563199,144.9459328911147
2698,10328E,-37.80308929485435,144.94401711182306
8841,8783W,-37.82284865246656,144.96645858672633
1256,1494E,-37.81487474396966,144.95516196659173
7052,4664Ea,-37.80570432506275,144.95951121743832
3711,7677S,-37.80394866334708,144.9568252024588
4428,C7696,-37.803639267639845,144.95487229388547
3705,7671S,-37.80397243051007,144.95704052838624
4432,C7704,-37.80362535960599,144.95474956666084
1615,2037S,-37.81787193563648,144.95861779346112
6828,14016E,-37.79762674802181,144.95802861234796
6605,13839S,-37.81462179983421,144.94031321166182
1896,1383W,-37.81676345529537,144.95736790236288
