date,demand,RRP
1/01/2015,99635.03,25.63
1/02/2015,129606.01,33.14
1/03/2015,142300.54,34.56
1/04/2015,104330.72,25.01
1/05/2015,118132.20,26.72
1/06/2015,130672.49,31.28
1/07/2015,153514.82,48.31
1/08/2015,142015.66,49.12
1/09/2015,121801.16,34.49
1/10/2015,103043.66,20.23
1/11/2015,99865.76,18.23
1/12/2015,131261.13,33.69
1/13/2015,126527.36,27.54
1/14/2015,119741.62,29.02
1/15/2015,118411.22,30.94
1/16/2015,116690.77,23.02
1/17/2015,99371.31,18.99
1/18/2015,97728.75,17.01
1/19/2015,116883.15,26.93
1/20/2015,128968.13,23.08
1/21/2015,148702.51,34.44
1/22/2015,153232.10,35.23
1/23/2015,138095.20,40.60
1/24/2015,116310.59,20.92
1/25/2015,97959.46,16.54
1/26/2015,103769.48,16.94
1/27/2015,118393.31,21.21
1/28/2015,116763.73,17.02
1/29/2015,119313.73,19.62
1/30/2015,121018.15,21.03
1/31/2015,103822.97,16.54
2/01/2015,100178.84,14.58
2/02/2015,118694.16,22.27
2/03/2015,122880.13,27.00
2/04/2015,117398.03,27.81
2/05/2015,122279.43,31.38
2/06/2015,141837.01,38.84
2/07/2015,132138.37,28.76
2/08/2015,112108.22,23.97
2/09/2015,126813.08,28.91
2/10/2015,145948.57,37.52
2/11/2015,149322.85,32.66
2/12/2015,131376.78,26.58
2/13/2015,136070.62,18.74
2/14/2015,119692.03,20.24
2/15/2015,125287.71,24.58
2/16/2015,131832.63,31.95
2/17/2015,127666.01,30.25
2/18/2015,125972.77,30.24
2/19/2015,139399.69,33.60
2/20/2015,139465.68,33.54
2/21/2015,136283.03,31.25
2/22/2015,138016.35,32.41
2/23/2015,135255.82,28.42
2/24/2015,120263.52,26.56
2/25/2015,130062.76,33.32
2/26/2015,131525.86,39.09
2/27/2015,131069.40,36.34
2/28/2015,116275.73,25.14
3/01/2015,103462.78,24.59
3/02/2015,123301.84,33.17
3/03/2015,126750.29,43.74
3/04/2015,120764.19,37.25
3/05/2015,114967.35,25.32
3/06/2015,117053.75,27.75
3/07/2015,108344.58,22.11
3/08/2015,106348.78,20.57
3/09/2015,108282.48,23.81
3/10/2015,125828.53,31.76
3/11/2015,124418.42,33.60
3/12/2015,121683.65,26.04
3/13/2015,120929.82,24.20
3/14/2015,108738.82,17.39
3/15/2015,100170.30,14.37
3/16/2015,123787.08,22.66
3/17/2015,125600.86,21.39
3/18/2015,127975.82,24.44
3/19/2015,128319.45,24.57
3/20/2015,119491.32,24.07
3/21/2015,106754.80,20.47
3/22/2015,106555.03,18.92
3/23/2015,122810.05,26.69
3/24/2015,123234.94,34.06
3/25/2015,122268.86,28.55
3/26/2015,121998.20,21.97
3/27/2015,122346.34,25.77
3/28/2015,112187.72,29.27
3/29/2015,106418.67,24.67
3/30/2015,123061.87,33.75
3/31/2015,125795.33,31.84
4/01/2015,122042.27,26.17
4/02/2015,113838.41,23.46
4/03/2015,98891.06,20.94
4/04/2015,103999.17,23.19
4/05/2015,103685.45,20.51
4/06/2015,107383.37,17.05
4/07/2015,120235.51,21.36
4/08/2015,122129.78,25.21
4/09/2015,123990.76,25.21
4/10/2015,121753.12,25.68
4/11/2015,110034.17,23.06
4/12/2015,103760.23,22.05
4/13/2015,125107.78,29.41
4/14/2015,127793.38,31.00
4/15/2015,126673.94,31.09
4/16/2015,126937.94,40.68
4/17/2015,131031.42,33.99
4/18/2015,109763.99,26.14
4/19/2015,107160.54,24.54
4/20/2015,126696.19,33.68
4/21/2015,127973.59,30.47
4/22/2015,128598.50,36.70
4/23/2015,126483.81,35.42
4/24/2015,126230.79,36.50
4/25/2015,111803.63,25.98
4/26/2015,108217.82,28.96
4/27/2015,127855.22,48.67
4/28/2015,132642.14,46.27
4/29/2015,132814.62,39.83
4/30/2015,132669.58,39.09
5/01/2015,126304.45,47.47
5/02/2015,108487.98,25.85
5/03/2015,109233.34,30.63
5/04/2015,122375.47,28.80
5/05/2015,123734.87,27.38
5/06/2015,129121.86,26.02
5/07/2015,131237.19,29.08
5/08/2015,131138.73,29.08
5/09/2015,108377.05,19.60
5/10/2015,103811.28,13.28
5/11/2015,123740.25,28.48
5/12/2015,129312.58,28.36
5/13/2015,136903.27,33.60
5/14/2015,135217.65,36.08
5/15/2015,135172.41,32.89
5/16/2015,117136.63,35.12
5/17/2015,111897.09,30.55
5/18/2015,127524.80,39.33
5/19/2015,133235.48,34.04
5/20/2015,127522.71,30.98
5/21/2015,135361.20,35.62
5/22/2015,133422.46,34.61
5/23/2015,119331.85,31.23
5/24/2015,118783.09,31.49
5/25/2015,136690.92,51.61
5/26/2015,140887.00,46.40
5/27/2015,133103.37,29.88
5/28/2015,127900.24,26.10
5/29/2015,132338.94,29.80
5/30/2015,114669.79,19.05
5/31/2015,113261.26,18.57
6/01/2015,140920.00,36.93
6/02/2015,148534.51,59.86
6/03/2015,146902.95,50.56
6/04/2015,147155.27,33.05
6/05/2015,142625.04,37.97
6/06/2015,120128.30,30.18
6/07/2015,109609.69,23.38
6/08/2015,110715.82,24.36
6/09/2015,132854.14,36.71
6/10/2015,144125.53,39.77
6/11/2015,143465.45,37.48
6/12/2015,145005.62,37.54
6/13/2015,123754.55,29.87
6/14/2015,119125.62,31.60
6/15/2015,136054.15,36.01
6/16/2015,139073.79,36.94
6/17/2015,134290.46,39.28
6/18/2015,137073.78,37.46
6/19/2015,139781.25,38.55
6/20/2015,129576.36,41.10
6/21/2015,124910.57,33.90
6/22/2015,140431.36,30.48
6/23/2015,133171.40,30.24
6/24/2015,135407.57,32.22
6/25/2015,137379.23,33.05
6/26/2015,135562.08,31.93
6/27/2015,124587.43,28.29
6/28/2015,119277.48,31.00
6/29/2015,139468.16,35.78
6/30/2015,143170.06,37.63
7/01/2015,138931.00,29.52
7/02/2015,138972.43,35.62
7/03/2015,145713.81,42.63
7/04/2015,130073.27,29.13
7/05/2015,117312.93,24.00
7/06/2015,143176.34,36.04
7/07/2015,143984.39,37.30
7/08/2015,141696.30,40.58
7/09/2015,141994.38,38.52
7/10/2015,136884.10,32.29
7/11/2015,123971.71,30.62
7/12/2015,124790.70,33.15
7/13/2015,138680.34,47.53
7/14/2015,150671.11,45.26
7/15/2015,151270.54,50.50
7/16/2015,144797.98,40.47
7/17/2015,142965.48,49.22
7/18/2015,130187.45,44.10
7/19/2015,131141.36,43.57
7/20/2015,146154.37,41.80
7/21/2015,138931.81,28.90
7/22/2015,138418.84,33.71
7/23/2015,142316.30,33.98
7/24/2015,136837.16,27.67
7/25/2015,121021.43,22.24
7/26/2015,120396.74,22.38
7/27/2015,142470.43,35.18
7/28/2015,144008.37,40.75
7/29/2015,142637.76,37.24
7/30/2015,143544.11,29.12
7/31/2015,139584.96,35.06
8/01/2015,125032.57,29.88
8/02/2015,117638.07,23.37
8/03/2015,141451.73,38.13
8/04/2015,147550.19,44.67
8/05/2015,142325.99,42.60
8/06/2015,143642.36,48.95
8/07/2015,143060.33,42.78
8/08/2015,125830.54,39.12
8/09/2015,120008.46,29.44
8/10/2015,130978.10,30.09
8/11/2015,135616.13,31.94
8/12/2015,138900.50,37.34
8/13/2015,140905.85,36.73
8/14/2015,137838.93,35.44
8/15/2015,122088.76,34.09
8/16/2015,116648.77,25.32
8/17/2015,137008.71,31.79
8/18/2015,148093.96,45.29
8/19/2015,144024.66,39.24
8/20/2015,131575.79,30.55
8/21/2015,126570.47,38.89
8/22/2015,112275.15,32.24
8/23/2015,111793.02,29.44
8/24/2015,128868.26,26.61
8/25/2015,135051.55,28.80
8/26/2015,135914.68,37.13
8/27/2015,141159.77,41.61
8/28/2015,134755.51,38.18
8/29/2015,124448.50,35.47
8/30/2015,116744.22,42.41
8/31/2015,137724.90,50.27
9/01/2015,134116.77,50.15
9/02/2015,132794.72,49.04
9/03/2015,132096.34,45.55
9/04/2015,131384.88,65.74
9/05/2015,115799.32,57.18
9/06/2015,109641.38,40.58
9/07/2015,131619.37,38.53
9/08/2015,136340.70,41.71
9/09/2015,132977.45,48.13
9/10/2015,133541.98,48.92
9/11/2015,123968.90,36.09
9/12/2015,108790.01,37.65
9/13/2015,99161.77,30.36
9/14/2015,116574.17,32.35
9/15/2015,123750.50,34.51
9/16/2015,131795.49,38.97
9/17/2015,131050.68,40.64
9/18/2015,130764.59,40.63
9/19/2015,112377.19,47.83
9/20/2015,103708.93,32.86
9/21/2015,120096.71,44.96
9/22/2015,127755.10,99.48
9/23/2015,131866.73,49.77
9/24/2015,130937.63,54.98
9/25/2015,124278.93,51.08
9/26/2015,111064.49,48.79
9/27/2015,106431.82,43.93
9/28/2015,121796.72,42.03
9/29/2015,126691.80,37.64
9/30/2015,129641.25,41.98
10/01/2015,124356.42,34.81
10/02/2015,107544.15,38.31
10/03/2015,100598.55,30.78
10/04/2015,103828.88,36.56
10/05/2015,125194.87,38.97
10/06/2015,127225.25,36.24
10/07/2015,117282.77,31.60
10/08/2015,122121.33,36.14
10/09/2015,126989.91,41.42
10/10/2015,112604.83,34.80
10/11/2015,105376.34,29.90
10/12/2015,120916.22,36.35
10/13/2015,122830.38,41.50
10/14/2015,126919.20,45.56
10/15/2015,130260.37,39.07
10/16/2015,123985.97,43.80
10/17/2015,104916.35,29.67
10/18/2015,100812.04,29.12
10/19/2015,120795.00,43.51
10/20/2015,126655.49,43.33
10/21/2015,122368.89,39.68
10/22/2015,121471.64,44.03
10/23/2015,120420.70,48.17
10/24/2015,106813.03,32.19
10/25/2015,102279.75,17.47
10/26/2015,115297.34,29.40
10/27/2015,116619.57,31.33
10/28/2015,122887.41,39.51
10/29/2015,124222.94,62.32
10/30/2015,121256.97,35.88
10/31/2015,106353.44,18.37
11/01/2015,103629.65,14.68
11/02/2015,113791.75,25.02
11/03/2015,101793.04,14.16
11/04/2015,120177.95,29.24
11/05/2015,125985.47,34.58
11/06/2015,120505.59,30.64
11/07/2015,104269.79,18.27
11/08/2015,103793.09,21.10
11/09/2015,127234.72,35.05
11/10/2015,121617.28,32.07
11/11/2015,121566.65,35.22
11/12/2015,123775.16,38.49
11/13/2015,117078.59,32.82
11/14/2015,103646.64,33.56
11/15/2015,99761.81,28.30
11/16/2015,124557.23,39.13
11/17/2015,131442.20,36.02
11/18/2015,132353.76,60.68
11/19/2015,138118.71,78.29
11/20/2015,123412.69,38.03
11/21/2015,102647.91,27.41
11/22/2015,98621.62,32.35
11/23/2015,114406.83,41.37
11/24/2015,118894.31,48.52
11/25/2015,124728.88,60.69
11/26/2015,112907.15,30.49
11/27/2015,117492.82,40.37
11/28/2015,105011.20,43.33
11/29/2015,102162.53,39.12
11/30/2015,122452.42,45.58
12/01/2015,117115.62,37.92
12/02/2015,115230.13,37.47
12/03/2015,121699.43,43.34
12/04/2015,129148.52,66.53
12/05/2015,115606.01,36.91
12/06/2015,112025.29,36.79
12/07/2015,129059.65,53.37
12/08/2015,136800.91,57.53
12/09/2015,125965.02,49.74
12/10/2015,125807.50,50.81
12/11/2015,116597.81,32.02
12/12/2015,106139.41,34.14
12/13/2015,105218.52,40.31
12/14/2015,125784.96,51.75
12/15/2015,129077.41,51.66
12/16/2015,135930.08,78.65
12/17/2015,152366.30,188.09
12/18/2015,158052.89,81.19
12/19/2015,154924.89,69.33
12/20/2015,133421.03,54.65
12/21/2015,113802.21,49.62
12/22/2015,119477.52,37.53
12/23/2015,126553.12,39.14
12/24/2015,134583.25,50.82
12/25/2015,119950.37,22.12
12/26/2015,95093.30,14.97
12/27/2015,96394.94,19.82
12/28/2015,100048.44,20.10
12/29/2015,111647.54,27.33
12/30/2015,128552.14,43.83
12/31/2015,146473.84,101.99
1/01/2016,116040.93,32.53
1/02/2016,99622.64,21.89
1/03/2016,97656.45,19.90
1/04/2016,110932.51,25.44
1/05/2016,117873.58,29.92
1/06/2016,115064.27,31.79
1/07/2016,112392.70,34.45
1/08/2016,111879.54,36.89
1/09/2016,105482.70,41.99
1/10/2016,113049.15,44.48
1/11/2016,141133.09,88.12
1/12/2016,135006.11,62.54
1/13/2016,160011.08,545.74
1/14/2016,120396.34,36.37
1/15/2016,113244.79,30.20
1/16/2016,103046.17,23.67
1/17/2016,114097.07,29.15
1/18/2016,147817.59,43.41
1/19/2016,148612.37,49.26
1/20/2016,142471.51,53.30
1/21/2016,139450.62,55.47
1/22/2016,129135.19,42.34
1/23/2016,108097.85,26.98
1/24/2016,103396.30,26.41
1/25/2016,112649.60,27.60
1/26/2016,110152.82,25.28
1/27/2016,133718.04,32.76
1/28/2016,134169.83,33.32
1/29/2016,123615.21,32.69
1/30/2016,107579.35,23.85
1/31/2016,101279.65,23.48
2/01/2016,121942.90,31.59
2/02/2016,133989.16,35.64
2/03/2016,122594.48,27.88
2/04/2016,119919.61,22.39
2/05/2016,126330.55,26.85
2/06/2016,123737.01,28.72
2/07/2016,124436.81,33.49
2/08/2016,129327.23,33.91
2/09/2016,131271.27,38.71
2/10/2016,132265.01,41.38
2/11/2016,131003.79,34.39
2/12/2016,133845.52,40.63
2/13/2016,120840.00,32.23
2/14/2016,104364.74,26.27
2/15/2016,120863.33,32.56
2/16/2016,117062.04,29.59
2/17/2016,119481.79,32.50
2/18/2016,125964.19,47.40
2/19/2016,122991.66,43.69
2/20/2016,105911.71,26.30
2/21/2016,107884.36,24.61
2/22/2016,130527.33,55.28
2/23/2016,156924.83,66.96
2/24/2016,152419.42,72.24
2/25/2016,138064.86,43.39
2/26/2016,122575.94,35.55
2/27/2016,110545.84,32.11
2/28/2016,105781.99,30.40
2/29/2016,125400.08,41.26
3/01/2016,142242.60,96.29
3/02/2016,145182.98,53.91
3/03/2016,136226.12,49.55
3/04/2016,149376.57,43.23
3/05/2016,124692.32,37.43
3/06/2016,117707.95,41.32
3/07/2016,131465.83,41.15
3/08/2016,160285.02,253.03
3/09/2016,152599.13,66.41
3/10/2016,135635.71,46.52
3/11/2016,141414.35,49.79
3/12/2016,119690.76,37.32
3/13/2016,111329.62,30.09
3/14/2016,105388.57,24.79
3/15/2016,123073.98,28.46
3/16/2016,135047.63,54.35
3/17/2016,143184.81,49.49
3/18/2016,118189.72,33.97
3/19/2016,105484.10,48.72
3/20/2016,100394.06,47.18
3/21/2016,117796.72,49.68
3/22/2016,124081.46,56.87
3/23/2016,126074.90,44.26
3/24/2016,125072.73,42.35
3/25/2016,101740.89,30.22
3/26/2016,102726.75,30.54
3/27/2016,98324.65,25.86
3/28/2016,102746.60,27.59
3/29/2016,118281.13,31.07
3/30/2016,122625.21,29.06
3/31/2016,122964.72,21.90
4/01/2016,116321.60,14.49
4/02/2016,102832.72,13.57
4/03/2016,102084.00,15.80
4/04/2016,120445.74,38.47
4/05/2016,120371.24,21.42
4/06/2016,125657.13,45.52
4/07/2016,125663.33,52.13
4/08/2016,124266.89,75.36
4/09/2016,109044.90,73.14
4/10/2016,99845.35,35.12
4/11/2016,118614.01,62.31
4/12/2016,123808.76,62.96
4/13/2016,124686.63,77.21
4/14/2016,126519.07,92.93
4/15/2016,124721.49,81.72
4/16/2016,108525.97,51.53
4/17/2016,100526.31,39.13
4/18/2016,123441.82,61.63
4/19/2016,126846.45,54.57
4/20/2016,125204.79,40.05
4/21/2016,125514.14,55.74
4/22/2016,120124.31,52.30
4/23/2016,108773.75,36.73
4/24/2016,105642.28,30.68
4/25/2016,104072.44,39.09
4/26/2016,117437.67,56.44
4/27/2016,118531.50,19.41
4/28/2016,126847.02,60.58
4/29/2016,122054.13,51.75
4/30/2016,103505.20,27.11
5/01/2016,98873.54,31.87
5/02/2016,116969.63,37.35
5/03/2016,119014.45,22.24
5/04/2016,124525.19,47.75
5/05/2016,118192.06,27.23
5/06/2016,120421.32,64.32
5/07/2016,106052.64,46.63
5/08/2016,103487.28,59.14
5/09/2016,119781.14,100.81
5/10/2016,119611.88,36.98
5/11/2016,123616.28,59.85
5/12/2016,120693.53,53.80
5/13/2016,118800.07,52.37
5/14/2016,101946.00,28.28
5/15/2016,99697.62,37.08
5/16/2016,121182.70,41.92
5/17/2016,124209.41,68.33
5/18/2016,124352.22,70.59
5/19/2016,124392.29,44.40
5/20/2016,127705.84,79.80
5/21/2016,112336.78,45.75
5/22/2016,101618.98,24.19
5/23/2016,121424.42,10.80
5/24/2016,131916.41,45.21
5/25/2016,132170.05,66.26
5/26/2016,137080.88,99.42
5/27/2016,134317.62,68.19
5/28/2016,119938.80,81.99
5/29/2016,118751.97,68.72
5/30/2016,134983.96,115.78
5/31/2016,140402.15,156.46
6/01/2016,141195.03,168.85
6/02/2016,141292.56,180.91
6/03/2016,137717.26,175.85
6/04/2016,122764.33,126.75
6/05/2016,116052.81,122.79
6/06/2016,134829.76,107.45
6/07/2016,135306.01,88.33
6/08/2016,137305.36,91.32
6/09/2016,132859.31,50.24
6/10/2016,132209.52,47.43
6/11/2016,120753.43,55.59
6/12/2016,122771.53,77.22
6/13/2016,122106.95,95.06
6/14/2016,138466.56,90.85
6/15/2016,140904.59,92.42
6/16/2016,140741.17,89.93
6/17/2016,138023.11,99.57
6/18/2016,123162.19,62.93
6/19/2016,119662.17,79.38
6/20/2016,134435.12,114.88
6/21/2016,137511.32,62.15
6/22/2016,133813.29,58.76
6/23/2016,136740.01,78.32
6/24/2016,144658.38,67.94
6/25/2016,131730.84,99.76
6/26/2016,126455.94,120.44
6/27/2016,148640.00,127.35
6/28/2016,142146.31,110.28
6/29/2016,136071.97,80.13
6/30/2016,141078.46,115.12
7/01/2016,136676.72,117.71
7/02/2016,118683.57,90.46
7/03/2016,112556.41,68.60
7/04/2016,135712.25,124.14
7/05/2016,142401.80,147.19
7/06/2016,134056.10,116.68
7/07/2016,138768.05,176.91
7/08/2016,136690.05,114.84
7/09/2016,122369.54,105.55
7/10/2016,119218.23,36.17
7/11/2016,128207.13,44.86
7/12/2016,137582.20,49.16
7/13/2016,145728.26,65.91
7/14/2016,144103.71,76.12
7/15/2016,141166.85,79.51
7/16/2016,120659.15,73.69
7/17/2016,113418.13,48.79
7/18/2016,127367.02,43.89
7/19/2016,137028.05,49.45
7/20/2016,136850.14,52.33
7/21/2016,136127.13,44.93
7/22/2016,128777.82,21.09
7/23/2016,119888.58,62.71
7/24/2016,120126.91,52.23
7/25/2016,138134.64,37.98
7/26/2016,146465.69,47.97
7/27/2016,143209.76,36.40
7/28/2016,142341.64,41.56
7/29/2016,139822.93,33.87
7/30/2016,121548.54,24.85
7/31/2016,114481.28,33.78
8/01/2016,137934.85,45.98
8/02/2016,137301.69,48.60
8/03/2016,140922.72,58.03
8/04/2016,142671.51,51.57
8/05/2016,145491.33,70.20
8/06/2016,130907.10,54.40
8/07/2016,120379.29,32.88
8/08/2016,138506.45,35.12
8/09/2016,132819.54,29.29
8/10/2016,130616.67,22.42
8/11/2016,138368.40,39.81
8/12/2016,134885.67,41.09
8/13/2016,120382.81,38.81
8/14/2016,113066.25,33.06
8/15/2016,127906.24,39.84
8/16/2016,124975.11,24.45
8/17/2016,132561.22,40.89
8/18/2016,123434.51,27.47
8/19/2016,132569.74,27.60
8/20/2016,121052.06,25.00
8/21/2016,119118.55,38.91
8/22/2016,139203.50,60.00
8/23/2016,138640.39,73.19
8/24/2016,141122.80,114.00
8/25/2016,139724.03,74.66
8/26/2016,139920.55,67.63
8/27/2016,119573.22,31.81
8/28/2016,114832.43,29.45
8/29/2016,125055.69,39.14
8/30/2016,133748.44,53.19
8/31/2016,128834.07,32.56
9/01/2016,134246.17,46.81
9/02/2016,135273.33,52.64
9/03/2016,118621.96,35.27
9/04/2016,110986.01,24.51
9/05/2016,127275.82,38.21
9/06/2016,129542.37,28.69
9/07/2016,123307.02,24.18
9/08/2016,117722.95,12.50
9/09/2016,125432.61,23.40
9/10/2016,111413.00,38.56
9/11/2016,109125.22,50.35
9/12/2016,130967.28,68.18
9/13/2016,134720.16,62.07
9/14/2016,130650.88,54.84
9/15/2016,134234.45,42.82
9/16/2016,131734.11,47.04
9/17/2016,106709.54,36.03
9/18/2016,110314.63,48.34
9/19/2016,127391.09,56.44
9/20/2016,122664.31,43.18
9/21/2016,127208.57,52.28
9/22/2016,131357.34,55.70
9/23/2016,127420.43,46.54
9/24/2016,106776.28,43.56
9/25/2016,105931.56,37.70
9/26/2016,124343.19,47.67
9/27/2016,126888.77,49.79
9/28/2016,121143.25,32.43
9/29/2016,122858.49,37.60
9/30/2016,113439.78,33.06
10/01/2016,109181.26,20.49
10/02/2016,97992.93,13.66
10/03/2016,115839.01,21.60
10/04/2016,124089.47,23.00
10/05/2016,128558.39,41.12
10/06/2016,115898.54,30.19
10/07/2016,116197.73,37.34
10/08/2016,101300.78,35.21
10/09/2016,94954.16,15.90
10/10/2016,116831.43,27.65
10/11/2016,124665.82,38.20
10/12/2016,128612.30,44.77
10/13/2016,128242.77,58.35
10/14/2016,121731.49,43.97
10/15/2016,97887.49,12.70
10/16/2016,101793.04,22.03
10/17/2016,116042.85,29.60
10/18/2016,123265.44,36.72
10/19/2016,126362.05,60.68
10/20/2016,114867.16,27.43
10/21/2016,122975.29,43.24
10/22/2016,114184.20,38.71
10/23/2016,111289.00,40.92
10/24/2016,125270.17,66.51
10/25/2016,117138.36,37.02
10/26/2016,121605.40,55.42
10/27/2016,120142.43,43.48
10/28/2016,119820.71,54.51
10/29/2016,104191.11,21.29
10/30/2016,94325.72,6.87
10/31/2016,110661.43,19.08
11/01/2016,104976.21,17.42
11/02/2016,119904.48,46.65
11/03/2016,118677.50,60.22
11/04/2016,113666.49,25.95
11/05/2016,101810.75,15.26
11/06/2016,96934.93,24.16
11/07/2016,116230.34,30.37
11/08/2016,117794.60,53.92
11/09/2016,122131.12,55.66
11/10/2016,122634.53,48.71
11/11/2016,117953.89,26.82
11/12/2016,99907.32,10.83
11/13/2016,96805.93,10.73
11/14/2016,116817.15,39.50
11/15/2016,119905.59,26.91
11/16/2016,122146.66,35.63
11/17/2016,122464.65,28.56
11/18/2016,121441.05,31.78
11/19/2016,106868.50,24.66
11/20/2016,112098.34,43.09
11/21/2016,138681.82,51.04
11/22/2016,126617.72,37.02
11/23/2016,118119.01,41.91
11/24/2016,120308.55,38.06
11/25/2016,116011.57,27.62
11/26/2016,104700.06,23.79
11/27/2016,102718.90,37.00
11/28/2016,118666.37,65.39
11/29/2016,119169.17,63.43
11/30/2016,121067.59,76.03
12/01/2016,113024.02,56.01
12/02/2016,109318.36,41.50
12/03/2016,98899.50,29.20
12/04/2016,97300.36,43.73
12/05/2016,109670.00,25.29
12/06/2016,111228.06,48.41
12/07/2016,112738.08,44.72
12/08/2016,105445.65,25.85
12/09/2016,105664.09,25.12
12/10/2016,98622.87,19.31
12/11/2016,93673.19,16.40
12/12/2016,120390.11,45.16
12/13/2016,128831.65,44.69
12/14/2016,111423.77,19.92
12/15/2016,107072.36,31.15
12/16/2016,113698.06,48.86
12/17/2016,90227.48,23.58
12/18/2016,90911.09,26.49
12/19/2016,109260.31,28.68
12/20/2016,106451.26,16.13
12/21/2016,104389.51,21.35
12/22/2016,105513.24,20.98
12/23/2016,112247.95,24.33
12/24/2016,114843.88,34.69
12/25/2016,114468.17,28.65
12/26/2016,106284.83,22.91
12/27/2016,99701.43,23.81
12/28/2016,123693.52,40.28
12/29/2016,135571.80,47.15
12/30/2016,112141.83,24.07
12/31/2016,95728.15,17.60
1/01/2017,89403.15,25.85
1/02/2017,86507.47,30.62
1/03/2017,97564.75,28.69
1/04/2017,116606.80,56.97
1/05/2017,128079.85,73.46
1/06/2017,136308.74,97.70
1/07/2017,134955.02,77.60
1/08/2017,122777.03,69.22
1/09/2017,116211.99,68.10
1/10/2017,120366.32,72.81
1/11/2017,111595.86,65.74
1/12/2017,118783.95,70.49
1/13/2017,111341.68,70.01
1/14/2017,88996.63,42.29
1/15/2017,90294.00,55.44
1/16/2017,120928.71,108.17
1/17/2017,140517.65,129.24
1/18/2017,111211.35,75.17
1/19/2017,112371.41,62.89
1/20/2017,107937.69,38.99
1/21/2017,96779.07,46.48
1/22/2017,103291.61,60.78
1/23/2017,141332.06,79.11
1/24/2017,115664.16,59.82
1/25/2017,111936.70,58.88
1/26/2017,98590.06,37.84
1/27/2017,112513.82,69.66
1/28/2017,108336.53,74.06
1/29/2017,109020.58,76.59
1/30/2017,124292.96,96.17
1/31/2017,112863.01,58.79
2/01/2017,114133.73,66.86
2/02/2017,110669.27,82.47
2/03/2017,117452.27,87.11
2/04/2017,117361.70,80.82
2/05/2017,110384.28,113.87
2/06/2017,108761.37,92.10
2/07/2017,111543.81,69.07
2/08/2017,142213.66,135.06
2/09/2017,155060.61,156.70
2/10/2017,138793.59,213.34
2/11/2017,111983.51,97.61
2/12/2017,89003.15,19.87
2/13/2017,104844.11,69.04
2/14/2017,111613.05,90.69
2/15/2017,116299.39,79.04
2/16/2017,119947.59,112.89
2/17/2017,111885.97,93.73
2/18/2017,95623.35,49.82
2/19/2017,91280.03,53.12
2/20/2017,105341.87,93.73
2/21/2017,112351.47,103.25
2/22/2017,116690.17,78.06
2/23/2017,117948.69,102.36
2/24/2017,111229.52,98.21
2/25/2017,95046.91,45.61
2/26/2017,100495.62,56.03
2/27/2017,131090.78,96.55
2/28/2017,140167.50,99.95
3/01/2017,137291.97,86.00
3/02/2017,127633.28,85.50
3/03/2017,124311.33,73.93
3/04/2017,116083.30,77.60
3/05/2017,103539.02,45.46
3/06/2017,116447.86,56.63
3/07/2017,117931.46,57.52
3/08/2017,124370.77,73.92
3/09/2017,129649.25,83.89
3/10/2017,125346.08,82.03
3/11/2017,108816.81,50.76
3/12/2017,102617.51,42.48
3/13/2017,104468.90,66.84
3/14/2017,133227.79,101.44
3/15/2017,139672.84,102.01
3/16/2017,124255.98,87.89
3/17/2017,111612.08,70.75
3/18/2017,107731.78,68.88
3/19/2017,113593.82,121.12
3/20/2017,131980.99,184.82
3/21/2017,127625.37,112.90
3/22/2017,114696.37,77.00
3/23/2017,111632.84,97.82
3/24/2017,115411.41,118.45
3/25/2017,107465.98,138.79
3/26/2017,104189.10,147.48
3/27/2017,116237.22,118.56
3/28/2017,111032.98,121.91
3/29/2017,109640.33,133.80
3/30/2017,107491.87,115.19
3/31/2017,110662.25,145.22
4/01/2017,97402.27,99.25
4/02/2017,94477.10,92.92
4/03/2017,107895.53,106.45
4/04/2017,113138.67,122.66
4/05/2017,114191.35,142.28
4/06/2017,114817.31,126.18
4/07/2017,110160.03,101.33
4/08/2017,99084.74,95.87
4/09/2017,96041.90,74.59
4/10/2017,113287.06,111.80
4/11/2017,114159.97,130.04
4/12/2017,114336.00,126.57
4/13/2017,112704.05,117.54
4/14/2017,97436.41,109.77
4/15/2017,99608.57,116.78
4/16/2017,96594.75,95.65
4/17/2017,99945.50,104.58
4/18/2017,111955.18,112.82
4/19/2017,114436.97,101.31
4/20/2017,112816.68,104.08
4/21/2017,114522.44,133.23
4/22/2017,102528.40,111.67
4/23/2017,97356.57,90.73
4/24/2017,109421.82,113.26
4/25/2017,101548.74,86.79
4/26/2017,116795.25,100.70
4/27/2017,126329.53,145.68
4/28/2017,120144.19,120.81
4/29/2017,104864.05,100.82
4/30/2017,103756.54,109.58
5/01/2017,115103.78,99.16
5/02/2017,120718.64,109.92
5/03/2017,129196.45,128.64
5/04/2017,127260.05,123.47
5/05/2017,123150.39,108.29
5/06/2017,105013.07,81.78
5/07/2017,107424.07,104.91
5/08/2017,125858.27,132.97
5/09/2017,126760.71,138.99
5/10/2017,125747.74,149.62
5/11/2017,128753.13,170.29
5/12/2017,123523.00,129.31
5/13/2017,109477.42,130.32
5/14/2017,107497.03,126.92
5/15/2017,125871.92,134.64
5/16/2017,127820.72,128.31
5/17/2017,125072.68,123.83
5/18/2017,122910.48,107.84
5/19/2017,123351.45,96.44
5/20/2017,109111.62,88.14
5/21/2017,105912.16,76.78
5/22/2017,113551.04,72.93
5/23/2017,119127.21,96.84
5/24/2017,121571.97,103.24
5/25/2017,124010.03,108.52
5/26/2017,123130.60,94.70
5/27/2017,104643.68,60.86
5/28/2017,110029.55,72.34
5/29/2017,130516.10,96.08
5/30/2017,132762.38,95.71
5/31/2017,139030.80,120.65
6/01/2017,140202.74,113.31
6/02/2017,136856.80,96.84
6/03/2017,122161.41,107.25
6/04/2017,118953.95,109.74
6/05/2017,132877.45,101.13
6/06/2017,133274.53,97.89
6/07/2017,136116.12,105.70
6/08/2017,139511.78,110.13
6/09/2017,130994.54,99.98
6/10/2017,120698.92,97.62
6/11/2017,113374.47,87.88
6/12/2017,117691.69,101.71
6/13/2017,135184.95,109.95
6/14/2017,136253.42,93.59
6/15/2017,135303.26,102.84
6/16/2017,135269.64,107.36
6/17/2017,121178.68,104.29
6/18/2017,116112.74,93.62
6/19/2017,134925.74,95.97
6/20/2017,131996.97,85.80
6/21/2017,139814.30,106.97
6/22/2017,140348.57,94.86
6/23/2017,132029.58,80.27
6/24/2017,122393.33,84.97
6/25/2017,118103.87,72.87
6/26/2017,138040.38,104.32
6/27/2017,144526.63,100.20
6/28/2017,141351.90,98.54
6/29/2017,138124.06,102.53
6/30/2017,139275.78,124.68
7/01/2017,125949.50,114.76
7/02/2017,120137.45,110.11
7/03/2017,139765.32,150.61
7/04/2017,134029.81,132.55
7/05/2017,134084.67,146.18
7/06/2017,137899.72,141.68
7/07/2017,134078.07,131.27
7/08/2017,123687.97,129.14
7/09/2017,116064.03,115.13
7/10/2017,133132.33,123.97
7/11/2017,137352.78,148.68
7/12/2017,138152.11,117.95
7/13/2017,134622.39,106.15
7/14/2017,131387.75,111.39
7/15/2017,124486.70,136.11
7/16/2017,119927.64,102.15
7/17/2017,131868.24,99.85
7/18/2017,136121.84,110.00
7/19/2017,133906.26,109.56
7/20/2017,139316.29,133.74
7/21/2017,140073.90,130.19
7/22/2017,122397.13,91.66
7/23/2017,118007.67,107.89
7/24/2017,136330.59,122.65
7/25/2017,129699.27,113.03
7/26/2017,133198.34,117.28
7/27/2017,136003.92,117.32
7/28/2017,130432.05,111.31
7/29/2017,111331.24,93.45
7/30/2017,107580.50,91.42
7/31/2017,132276.88,137.48
8/01/2017,137617.88,137.98
8/02/2017,140729.19,113.49
8/03/2017,151355.43,169.23
8/04/2017,141647.90,110.35
8/05/2017,116696.46,82.77
8/06/2017,117351.14,86.20
8/07/2017,138963.18,111.49
8/08/2017,139108.44,111.55
8/09/2017,130044.38,105.28
8/10/2017,122361.93,86.92
8/11/2017,122862.35,78.93
8/12/2017,113669.45,77.12
8/13/2017,106274.56,68.29
8/14/2017,121533.96,101.40
8/15/2017,127193.30,99.09
8/16/2017,121445.38,72.16
8/17/2017,129223.81,73.71
8/18/2017,133562.99,92.11
8/19/2017,124852.67,97.97
8/20/2017,119799.00,92.82
8/21/2017,140410.30,108.91
8/22/2017,133809.46,107.94
8/23/2017,133056.82,106.65
8/24/2017,135619.94,118.92
8/25/2017,133666.58,120.17
8/26/2017,117444.10,93.66
8/27/2017,115177.94,93.12
8/28/2017,139414.50,163.41
8/29/2017,139814.04,143.85
8/30/2017,137513.47,118.30
8/31/2017,133982.26,115.43
9/01/2017,128707.43,102.28
9/02/2017,114098.12,89.33
9/03/2017,103964.33,67.07
9/04/2017,128001.06,93.83
9/05/2017,137696.67,95.60
9/06/2017,134819.95,101.02
9/07/2017,133405.72,93.03
9/08/2017,132543.10,102.42
9/09/2017,120454.01,96.91
9/10/2017,114584.07,91.88
9/11/2017,127169.03,86.69
9/12/2017,130906.89,94.77
9/13/2017,127192.32,88.36
9/14/2017,131986.81,89.57
9/15/2017,128761.61,89.24
9/16/2017,111301.56,89.61
9/17/2017,104766.00,75.51
9/18/2017,115123.54,79.78
9/19/2017,124033.96,92.37
9/20/2017,123461.38,82.60
9/21/2017,119309.93,74.96
9/22/2017,116611.25,75.29
9/23/2017,101012.29,63.02
9/24/2017,92608.24,43.20
9/25/2017,119126.49,71.24
9/26/2017,124452.94,79.80
9/27/2017,119028.07,72.55
9/28/2017,116655.86,61.65
9/29/2017,102847.26,42.63
9/30/2017,100701.82,47.31
10/01/2017,103556.74,58.99
10/02/2017,119226.42,74.50
10/03/2017,118856.42,79.06
10/04/2017,114604.62,71.11
10/05/2017,113134.58,65.32
10/06/2017,118359.28,53.43
10/07/2017,101974.60,38.89
10/08/2017,97053.55,56.16
10/09/2017,111432.37,68.88
10/10/2017,116556.43,77.45
10/11/2017,114133.54,55.55
10/12/2017,113957.74,56.96
10/13/2017,117048.73,83.76
10/14/2017,102037.17,85.40
10/15/2017,98108.82,71.60
10/16/2017,115907.40,84.01
10/17/2017,117470.22,76.52
10/18/2017,121087.10,92.33
10/19/2017,118201.18,80.38
10/20/2017,108412.67,72.72
10/21/2017,102195.98,73.11
10/22/2017,100571.04,76.33
10/23/2017,115549.44,90.68
10/24/2017,118010.31,91.93
10/25/2017,115813.03,98.04
10/26/2017,117333.45,89.91
10/27/2017,112633.27,78.66
10/28/2017,100746.42,81.09
10/29/2017,92182.96,61.46
10/30/2017,112227.65,77.42
10/31/2017,116179.47,86.96
11/01/2017,116632.09,87.03
11/02/2017,120470.79,87.51
11/03/2017,113452.00,76.93
11/04/2017,101610.82,78.73
11/05/2017,95368.17,77.64
11/06/2017,104632.79,80.93
11/07/2017,100592.30,78.32
11/08/2017,111738.49,91.00
11/09/2017,113539.94,85.58
11/10/2017,115156.45,92.62
11/11/2017,104194.35,83.49
11/12/2017,98774.24,73.95
11/13/2017,125795.84,102.55
11/14/2017,135420.82,94.73
11/15/2017,130385.05,90.97
11/16/2017,116715.97,88.82
11/17/2017,117797.62,99.45
11/18/2017,106730.21,89.77
11/19/2017,101256.78,81.88
11/20/2017,128658.27,131.30
11/21/2017,137151.50,152.75
11/22/2017,138882.25,116.88
11/23/2017,135162.12,105.27
11/24/2017,133951.29,116.56
11/25/2017,121219.60,99.01
11/26/2017,108717.88,83.11
11/27/2017,115429.01,84.61
11/28/2017,129798.47,130.50
11/29/2017,151730.95,166.55
11/30/2017,154632.34,131.49
12/01/2017,125141.90,87.15
12/02/2017,99234.22,66.26
12/03/2017,92487.71,67.76
12/04/2017,111625.98,84.04
12/05/2017,113063.68,82.84
12/06/2017,115383.13,89.56
12/07/2017,115736.97,102.59
12/08/2017,109568.47,87.47
12/09/2017,99334.80,82.98
12/10/2017,97715.01,81.09
12/11/2017,114680.19,97.61
12/12/2017,121945.18,105.00
12/13/2017,146933.10,94.50
12/14/2017,129280.81,101.87
12/15/2017,120821.06,105.44
12/16/2017,110154.36,99.48
12/17/2017,107212.84,82.05
12/18/2017,138949.68,117.27
12/19/2017,142870.40,106.50
12/20/2017,114916.99,78.74
12/21/2017,114462.53,85.78
12/22/2017,116428.79,81.60
12/23/2017,109364.01,79.90
12/24/2017,92856.23,58.94
12/25/2017,85094.38,44.90
12/26/2017,98638.86,72.85
12/27/2017,128753.76,113.65
12/28/2017,130699.16,109.49
12/29/2017,115572.05,93.83
12/30/2017,96358.98,59.48
12/31/2017,95700.48,61.49
1/01/2018,95959.69,71.82
1/02/2018,105277.85,69.39
1/03/2018,106373.83,67.24
1/04/2018,113337.69,78.74
1/05/2018,123247.74,90.83
1/06/2018,133705.85,75.59
1/07/2018,107142.82,80.98
1/08/2018,118832.07,87.93
1/09/2018,111361.05,76.72
1/10/2018,116530.04,80.21
1/11/2018,139607.91,87.80
1/12/2018,132022.87,94.00
1/13/2018,98977.05,73.28
1/14/2018,92021.68,66.66
1/15/2018,109389.10,86.38
1/16/2018,116074.03,92.84
1/17/2018,129286.37,100.28
1/19/2018,165070.60,647.57
1/20/2018,124825.03,94.10
1/21/2018,127305.20,121.71
1/22/2018,137955.43,115.13
1/23/2018,128314.47,102.37
1/24/2018,128899.77,103.43
1/25/2018,139245.21,155.50
1/26/2018,128599.46,91.43
1/27/2018,139114.59,104.88
1/28/2018,159436.69,290.42
1/29/2018,160437.57,107.66
1/30/2018,115239.57,78.57
1/31/2018,108524.18,65.22
2/01/2018,109949.21,72.41
2/02/2018,112946.34,80.45
2/03/2018,104947.33,86.52
2/04/2018,106065.94,98.92
2/05/2018,126465.96,103.83
2/06/2018,137539.73,104.23
2/07/2018,159307.32,624.26
2/08/2018,149473.01,106.65
2/09/2018,137101.87,113.71
2/10/2018,118113.80,83.52
2/11/2018,100440.29,66.27
2/12/2018,116209.13,93.17
2/13/2018,124882.72,99.61
2/14/2018,115269.50,72.05
2/15/2018,117260.25,83.19
2/16/2018,114736.36,86.84
2/17/2018,105799.94,82.76
2/18/2018,105085.52,77.34
2/19/2018,113116.43,74.68
2/20/2018,120035.39,78.80
2/21/2018,124481.42,84.56
2/22/2018,133607.07,88.85
2/23/2018,136328.35,85.71
2/24/2018,119226.44,75.07
2/25/2018,96305.07,56.00
2/26/2018,117952.37,76.81
2/27/2018,127894.29,73.64
2/28/2018,123400.17,69.09
3/01/2018,117346.26,78.60
3/02/2018,119960.33,91.87
3/03/2018,111096.31,80.62
3/04/2018,101334.20,72.60
3/05/2018,112527.29,70.62
3/06/2018,113850.81,61.35
3/07/2018,122717.50,73.27
3/08/2018,128732.59,94.57
3/09/2018,127805.49,99.17
3/10/2018,120398.89,91.99
3/11/2018,104486.18,74.15
3/12/2018,97542.31,63.45
3/13/2018,112663.63,77.09
3/14/2018,114195.35,97.28
3/15/2018,116045.27,101.69
3/16/2018,116284.35,92.59
3/17/2018,110715.12,75.23
3/18/2018,97262.71,62.87
3/19/2018,111617.95,77.17
3/20/2018,110794.26,72.76
3/21/2018,111254.32,71.20
3/22/2018,115020.51,77.28
3/23/2018,119298.33,78.64
3/24/2018,112312.70,71.97
3/25/2018,98918.52,40.26
3/26/2018,112488.22,70.83
3/27/2018,116809.37,64.57
3/28/2018,117744.01,72.11
3/29/2018,116457.26,79.37
3/30/2018,97070.35,69.45
3/31/2018,99687.64,81.41
4/01/2018,98817.03,73.97
4/02/2018,98258.25,62.41
4/03/2018,113381.53,80.11
4/04/2018,115974.61,90.07
4/05/2018,117551.70,86.89
4/06/2018,115979.07,85.69
4/07/2018,105938.48,84.90
4/08/2018,100571.17,58.24
4/09/2018,118702.93,91.69
4/10/2018,122423.01,76.33
4/11/2018,121945.00,75.04
4/12/2018,119876.63,77.71
4/13/2018,113609.76,69.76
4/14/2018,105135.31,37.74
4/15/2018,104123.39,31.68
4/16/2018,115694.64,69.36
4/17/2018,121092.86,86.53
4/18/2018,120784.88,82.88
4/19/2018,120448.94,93.53
4/20/2018,118324.09,95.73
4/21/2018,107479.26,74.44
4/22/2018,103662.05,76.32
4/23/2018,117799.97,72.74
4/24/2018,117642.65,88.09
4/25/2018,106654.96,77.46
4/26/2018,117617.51,82.43
4/27/2018,119079.47,78.21
4/28/2018,108613.38,70.00
4/29/2018,105277.72,64.16
4/30/2018,121551.69,77.97
5/01/2018,122642.24,73.97
5/02/2018,118716.60,67.27
5/03/2018,117357.84,52.77
5/04/2018,116870.46,54.64
5/05/2018,106893.00,58.57
5/06/2018,105840.39,61.90
5/07/2018,118254.56,49.42
5/08/2018,122876.87,101.29
5/09/2018,122721.46,127.59
5/10/2018,128518.51,62.88
5/11/2018,133467.37,63.67
5/12/2018,111273.76,62.66
5/13/2018,108729.71,65.51
5/14/2018,129885.96,111.67
5/15/2018,131900.52,97.88
5/16/2018,133399.23,124.09
5/17/2018,131757.16,108.95
5/18/2018,127353.58,96.16
5/19/2018,119262.15,93.62
5/20/2018,112349.26,78.28
5/21/2018,124046.81,82.72
5/22/2018,126923.00,91.62
5/23/2018,129352.83,118.69
5/24/2018,129553.94,99.49
5/25/2018,127957.57,92.99
5/26/2018,115384.09,74.75
5/27/2018,106044.51,54.19
5/28/2018,119360.27,70.17
5/29/2018,123142.76,81.98
5/30/2018,127830.62,82.54
5/31/2018,131159.95,90.36
6/01/2018,135864.07,101.41
6/02/2018,123226.08,99.85
6/03/2018,121177.59,91.04
6/04/2018,135385.41,120.25
6/05/2018,132975.13,105.80
6/06/2018,132038.43,106.23
6/07/2018,128577.63,87.71
6/08/2018,129910.02,130.08
6/09/2018,120232.20,110.67
6/10/2018,117037.87,75.52
6/11/2018,113420.99,56.40
6/12/2018,127261.30,78.29
6/13/2018,131574.61,84.58
6/14/2018,130544.49,72.49
6/15/2018,133009.01,74.91
6/16/2018,124351.24,81.80
6/17/2018,120785.60,62.27
6/18/2018,138518.74,112.50
6/19/2018,143830.12,110.06
6/20/2018,141305.88,91.29
6/21/2018,143542.02,141.56
6/22/2018,140296.40,131.56
6/23/2018,132165.43,98.84
6/24/2018,125850.58,95.16
6/25/2018,141972.72,120.28
6/26/2018,142842.40,102.35
6/27/2018,148100.13,102.42
6/28/2018,150445.47,112.80
6/29/2018,139188.48,78.81
6/30/2018,125394.43,72.96
7/01/2018,124313.07,83.37
7/02/2018,140713.26,87.32
7/03/2018,135759.28,64.59
7/04/2018,128580.98,57.01
7/05/2018,125861.60,52.74
7/06/2018,124242.52,52.97
7/07/2018,119717.44,45.21
7/08/2018,114562.22,47.89
7/09/2018,133874.48,80.83
7/10/2018,140343.00,94.62
7/11/2018,143461.13,81.95
7/12/2018,145767.10,111.82
7/13/2018,140542.95,104.65
7/14/2018,124491.53,85.80
7/15/2018,119464.32,67.79
7/16/2018,137446.75,87.63
7/17/2018,131367.09,71.12
7/18/2018,132856.72,72.34
7/19/2018,133778.45,83.93
7/20/2018,135728.41,88.91
7/21/2018,125928.62,91.70
7/22/2018,114186.80,73.14
7/23/2018,134664.66,80.36
7/24/2018,132967.19,71.12
7/25/2018,135308.30,76.47
7/26/2018,137634.13,86.41
7/27/2018,130119.50,71.87
7/28/2018,116942.94,57.98
7/29/2018,111555.00,29.41
7/30/2018,135422.14,60.04
7/31/2018,129520.00,60.91
8/01/2018,134004.96,78.76
8/02/2018,129025.00,68.08
8/03/2018,129740.32,79.41
8/04/2018,116238.18,44.89
8/05/2018,104912.38,37.44
8/06/2018,127198.78,83.71
8/07/2018,131851.02,75.54
8/08/2018,131939.50,89.69
8/09/2018,135670.99,82.76
8/10/2018,121875.36,58.05
8/11/2018,119988.74,64.60
8/12/2018,115231.85,48.79
8/13/2018,127541.57,79.76
8/14/2018,121073.45,69.13
8/15/2018,122602.12,67.80
8/16/2018,131137.07,95.27
8/17/2018,125189.54,77.62
8/18/2018,116571.26,38.30
8/19/2018,119707.93,50.45
8/20/2018,138918.39,102.34
8/21/2018,138424.25,119.23
8/22/2018,136240.85,104.82
8/23/2018,131956.73,89.58
8/24/2018,130210.94,97.47
8/25/2018,116471.78,118.49
8/26/2018,111436.27,105.46
8/27/2018,131280.85,105.01
8/28/2018,139563.10,119.82
8/29/2018,136032.16,118.38
8/30/2018,139752.55,97.17
8/31/2018,130466.92,122.43
9/01/2018,116344.57,104.03
9/02/2018,118402.91,137.13
9/03/2018,131449.00,139.52
9/04/2018,128192.09,119.57
9/05/2018,118307.16,111.54
9/06/2018,116467.37,138.91
9/07/2018,123583.52,161.51
9/08/2018,109948.62,109.29
9/09/2018,107838.95,67.62
9/10/2018,123132.63,92.62
9/11/2018,111096.53,67.33
9/12/2018,112935.04,83.69
9/13/2018,117880.57,84.98
9/14/2018,111213.15,35.22
9/15/2018,108632.36,14.67
9/16/2018,113030.01,81.64
9/17/2018,118208.24,70.69
9/18/2018,119622.29,85.45
9/19/2018,123787.77,101.00
9/20/2018,125335.57,115.43
9/21/2018,120372.48,110.81
9/22/2018,107731.72,83.49
9/23/2018,107332.10,79.78
9/24/2018,119535.72,93.76
9/25/2018,124797.09,118.66
9/26/2018,119238.35,120.86
9/27/2018,110878.67,99.29
9/28/2018,108622.42,90.21
9/29/2018,109315.07,86.16
9/30/2018,106236.23,86.88
10/01/2018,114466.64,111.12
10/02/2018,114458.21,104.94
10/03/2018,115490.84,122.09
10/04/2018,115294.12,97.50
10/05/2018,112576.55,105.29
10/06/2018,102988.15,100.10
10/07/2018,100476.71,87.87
10/08/2018,113945.50,87.10
10/09/2018,116449.31,99.00
10/10/2018,109551.08,73.54
10/11/2018,110432.33,85.63
10/12/2018,110457.34,88.47
10/13/2018,96584.75,74.62
10/14/2018,90918.62,56.86
10/15/2018,108070.28,79.18
10/16/2018,113889.41,89.03
10/17/2018,112592.26,122.20
10/18/2018,112806.59,165.78
10/19/2018,107940.16,101.66
10/20/2018,99368.86,96.29
10/21/2018,98427.53,81.92
10/22/2018,105893.62,84.18
10/23/2018,109241.57,90.94
10/24/2018,111423.37,93.34
10/25/2018,112414.39,115.43
10/26/2018,111145.12,111.20
10/27/2018,97973.99,98.83
10/28/2018,95624.02,110.22
10/29/2018,110196.62,142.34
10/30/2018,113459.03,149.08
10/31/2018,114402.75,121.62
11/01/2018,119350.67,101.79
11/02/2018,116793.86,79.02
11/03/2018,93859.29,74.73
11/04/2018,96432.63,90.90
11/05/2018,107014.08,104.63
11/06/2018,100696.57,115.78
11/07/2018,106387.20,95.57
11/08/2018,109430.37,91.88
11/09/2018,112506.95,101.73
11/10/2018,100203.55,86.73
11/11/2018,94602.89,76.67
11/12/2018,114159.60,105.45
11/13/2018,120185.27,111.57
11/14/2018,116487.58,119.62
11/15/2018,108628.34,96.50
11/16/2018,107405.93,97.77
11/17/2018,90498.92,83.27
11/18/2018,92043.13,89.25
11/19/2018,113978.54,104.47
11/20/2018,118330.63,110.72
11/21/2018,106618.20,100.43
11/22/2018,107278.83,77.21
11/23/2018,113582.60,93.53
11/24/2018,101352.12,110.51
11/25/2018,96240.41,116.46
11/26/2018,110547.61,112.21
11/27/2018,109706.42,109.76
11/28/2018,106684.83,98.18
11/29/2018,112586.74,116.33
11/30/2018,110031.82,106.29
12/01/2018,100725.24,71.10
12/02/2018,88903.07,24.46
12/03/2018,107666.31,71.13
12/04/2018,111718.08,92.95
12/05/2018,114225.12,86.81
12/06/2018,135452.26,125.31
12/07/2018,156648.41,177.86
12/08/2018,121237.47,113.37
12/09/2018,102161.12,80.19
12/10/2018,110803.77,95.23
12/11/2018,114413.79,118.64
12/12/2018,129715.47,199.18
12/13/2018,114986.33,101.86
12/14/2018,110025.47,92.96
12/15/2018,102577.15,101.63
12/16/2018,99110.78,101.45
12/17/2018,112804.40,101.40
12/18/2018,113485.11,104.72
12/19/2018,119907.25,117.71
12/20/2018,111880.53,75.56
12/21/2018,102075.93,65.93
12/22/2018,92725.74,69.25
12/23/2018,94938.40,65.61
12/24/2018,112358.82,96.82
12/25/2018,98191.66,55.24
12/26/2018,100017.20,77.58
12/27/2018,129749.14,102.31
12/28/2018,133831.38,121.46
12/29/2018,108290.11,91.72
12/30/2018,99613.87,84.17
12/31/2018,103381.92,84.90
1/01/2019,98933.06,78.56
1/02/2019,106470.68,92.20
1/03/2019,118789.61,127.38
1/04/2019,133288.46,121.02
1/05/2019,97262.79,83.49
1/06/2019,93606.22,65.77
1/07/2019,109874.90,85.08
1/08/2019,113446.10,104.91
1/09/2019,105483.44,91.85
1/10/2019,108078.70,96.41
1/11/2019,119728.64,116.31
1/12/2019,108628.96,89.00
1/13/2019,101853.24,75.27
1/14/2019,147070.54,188.20
1/15/2019,152496.25,222.44
1/16/2019,136971.76,178.08
1/17/2019,145211.49,175.35
1/18/2019,134898.21,137.85
1/19/2019,101692.45,80.79
1/20/2019,102283.13,86.61
1/21/2019,130517.97,176.69
1/22/2019,141444.78,278.78
1/23/2019,125501.15,154.47
1/25/2019,168894.85,906.44
1/26/2019,114818.67,163.73
1/27/2019,99801.58,86.40
1/28/2019,112374.63,150.95
1/29/2019,138455.46,183.40
1/30/2019,142113.38,188.74
1/31/2019,110277.21,107.52
2/01/2019,104422.79,117.68
2/02/2019,124749.07,240.95
2/03/2019,133287.59,186.92
2/04/2019,119168.96,110.15
2/05/2019,119702.05,92.70
2/06/2019,140497.82,143.46
2/07/2019,141593.55,147.69
2/08/2019,117327.50,107.85
2/09/2019,95668.77,44.18
2/10/2019,94786.72,86.44
2/11/2019,114085.65,97.72
2/12/2019,107697.21,57.34
2/13/2019,106692.85,85.98
2/14/2019,107655.08,108.29
2/15/2019,113910.46,114.77
2/16/2019,106467.24,127.48
2/17/2019,108470.93,110.49
2/18/2019,116995.07,104.46
2/19/2019,110531.60,105.10
2/20/2019,108972.31,111.05
2/21/2019,110235.34,114.36
2/22/2019,109901.76,103.04
2/23/2019,99890.25,77.03
2/24/2019,106877.87,87.18
2/25/2019,133476.61,139.96
2/26/2019,123114.12,115.94
2/27/2019,125272.27,123.79
2/28/2019,150472.26,160.94
3/02/2019,146265.12,132.49
3/03/2019,138597.69,153.78
3/04/2019,136528.81,135.21
3/05/2019,126073.53,118.26
3/06/2019,108723.62,75.98
3/07/2019,114519.87,103.20
3/08/2019,117281.20,106.94
3/09/2019,106854.94,95.08
3/10/2019,101994.06,74.37
3/11/2019,103219.08,81.47
3/12/2019,110086.70,76.97
3/13/2019,114740.52,122.24
3/14/2019,112785.78,126.79
3/15/2019,111179.13,102.61
3/16/2019,105119.48,95.25
3/17/2019,105669.05,103.96
3/18/2019,121954.39,111.15
3/19/2019,123290.84,113.64
3/20/2019,123994.30,127.28
3/21/2019,124181.41,115.46
3/22/2019,128305.64,111.24
3/23/2019,109147.65,98.95
3/24/2019,104226.83,97.86
3/25/2019,107583.94,80.29
3/26/2019,108840.18,95.57
3/27/2019,113307.60,114.16
3/28/2019,113923.16,108.46
3/29/2019,110768.29,83.99
3/30/2019,101262.66,85.17
3/31/2019,101119.84,94.39
4/01/2019,116817.43,131.33
4/02/2019,114927.21,119.40
4/03/2019,115188.76,112.91
4/04/2019,113763.84,116.76
4/05/2019,111484.73,98.53
4/06/2019,102229.65,103.27
4/07/2019,93590.43,86.80
4/08/2019,108543.64,113.13
4/09/2019,111999.04,106.34
4/10/2019,120858.98,121.88
4/11/2019,116890.61,126.89
4/12/2019,114848.77,128.72
4/13/2019,105963.56,122.44
4/14/2019,98680.00,111.73
4/15/2019,114194.96,113.11
4/16/2019,115392.88,100.01
4/17/2019,117281.13,100.11
4/18/2019,111360.07,84.83
4/19/2019,95967.41,78.14
4/20/2019,95654.36,66.87
4/21/2019,94810.67,80.08
4/22/2019,100246.51,95.11
4/23/2019,114240.89,89.63
4/24/2019,113264.23,86.75
4/25/2019,98112.47,62.61
4/26/2019,107226.59,60.92
4/27/2019,105374.93,79.62
4/28/2019,101057.43,86.02
4/29/2019,118307.53,121.03
4/30/2019,110515.60,96.95
5/01/2019,111462.39,90.56
5/02/2019,112948.40,103.59
5/03/2019,110902.19,101.16
5/04/2019,103616.15,103.38
5/05/2019,104770.71,108.10
5/06/2019,121535.49,112.51
5/07/2019,116318.44,94.75
5/08/2019,118801.84,114.53
5/09/2019,122003.34,113.63
5/10/2019,123850.86,93.14
5/11/2019,113186.74,87.04
5/12/2019,110416.88,87.38
5/13/2019,119598.61,77.16
5/14/2019,123005.31,89.82
5/15/2019,126264.78,100.64
5/16/2019,127389.49,98.94
5/17/2019,126934.24,96.78
5/18/2019,112990.64,86.44
5/19/2019,104054.85,76.29
5/20/2019,118733.42,93.34
5/21/2019,121766.77,104.56
5/22/2019,122015.59,115.89
5/23/2019,119118.11,88.39
5/24/2019,118924.77,91.55
5/25/2019,104949.95,74.26
5/26/2019,106153.43,63.90
5/27/2019,130229.30,87.61
5/28/2019,133799.66,79.96
5/29/2019,136301.49,85.00
5/30/2019,138857.14,100.02
5/31/2019,133869.14,100.71
6/01/2019,120653.44,113.24
6/02/2019,118086.93,108.92
6/03/2019,135437.85,115.73
6/04/2019,136149.13,149.12
6/05/2019,137844.82,155.99
6/06/2019,134971.78,162.49
6/07/2019,132003.44,139.20
6/08/2019,117243.63,102.42
6/09/2019,110669.42,69.56
6/10/2019,108133.03,47.49
6/11/2019,122760.92,73.08
6/12/2019,128127.75,85.79
6/13/2019,128535.19,79.52
6/14/2019,128153.20,86.66
6/15/2019,121097.85,104.43
6/16/2019,116811.39,111.28
6/17/2019,129972.92,108.75
6/18/2019,137922.22,101.40
6/19/2019,144737.12,157.03
6/20/2019,148609.60,141.98
6/21/2019,144504.33,123.81
6/22/2019,132829.29,111.61
6/23/2019,133525.32,127.60
6/24/2019,146856.80,117.52
6/25/2019,145807.25,124.05
6/26/2019,139351.56,106.20
6/27/2019,131023.66,77.67
6/28/2019,123546.62,61.82
6/29/2019,117924.13,52.91
6/30/2019,116150.92,51.90
7/01/2019,130565.58,67.20
7/02/2019,135866.75,93.11
7/03/2019,137327.70,97.29
7/04/2019,135182.73,85.90
7/05/2019,132774.30,78.72
7/06/2019,114660.90,64.99
7/07/2019,114469.88,87.75
7/08/2019,127307.26,101.94
7/09/2019,133803.99,125.10
7/10/2019,127092.72,84.78
7/11/2019,133131.52,89.22
7/12/2019,128384.14,90.97
7/13/2019,123954.31,82.19
7/14/2019,123740.27,81.78
7/15/2019,131739.20,92.27
7/16/2019,132941.77,114.60
7/17/2019,135339.82,91.55
7/18/2019,134119.14,85.92
7/19/2019,132101.86,101.57
7/20/2019,111288.91,52.53
7/21/2019,111293.15,60.16
7/22/2019,123618.42,64.59
7/23/2019,129008.62,69.86
7/24/2019,135782.55,87.26
7/25/2019,132940.63,84.08
7/26/2019,136493.13,95.23
7/27/2019,121958.69,94.38
7/28/2019,118413.14,85.71
7/29/2019,133205.18,95.87
7/30/2019,138858.05,110.47
7/31/2019,140275.83,153.27
8/01/2019,137651.14,98.97
8/02/2019,135633.89,106.57
8/03/2019,119933.70,121.53
8/04/2019,120350.22,127.88
8/05/2019,125652.06,108.50
8/06/2019,132120.39,89.43
8/07/2019,136315.38,129.26
8/08/2019,133004.73,95.45
8/09/2019,142555.11,119.96
8/10/2019,128554.61,94.67
8/11/2019,121028.33,98.10
8/12/2019,136683.40,163.36
8/13/2019,141474.27,267.35
8/14/2019,134681.44,123.85
8/15/2019,128119.72,76.35
8/16/2019,129781.16,100.01
8/17/2019,115460.60,75.49
8/18/2019,110816.38,52.02
8/19/2019,131067.25,81.72
8/20/2019,131438.55,61.93
8/21/2019,120747.08,54.39
8/22/2019,127697.99,89.14
8/23/2019,126763.37,91.10
8/24/2019,107303.48,55.15
8/25/2019,113980.30,119.31
8/26/2019,132704.37,142.18
8/27/2019,130964.89,131.11
8/28/2019,137660.94,140.94
8/29/2019,134233.35,135.25
8/30/2019,131871.08,185.21
8/31/2019,107616.03,79.35
9/01/2019,106779.48,75.51
9/02/2019,121697.38,92.69
9/03/2019,118871.22,114.89
9/04/2019,122652.81,144.39
9/05/2019,120223.18,99.35
9/06/2019,122222.69,67.97
9/07/2019,115200.19,73.47
9/08/2019,116999.07,65.38
9/09/2019,130448.12,92.61
9/10/2019,131665.02,150.03
9/11/2019,121100.05,83.05
9/12/2019,118723.07,76.53
9/13/2019,120349.02,108.21
9/14/2019,103500.96,106.46
9/15/2019,105149.02,87.63
9/16/2019,119362.24,137.47
9/17/2019,124129.44,149.60
9/18/2019,119715.71,151.26
9/19/2019,108102.56,82.44
9/20/2019,107222.35,106.28
9/21/2019,101348.35,112.26
9/22/2019,102386.53,103.23
9/23/2019,121862.89,109.73
9/24/2019,125787.33,148.23
9/25/2019,124302.93,192.49
9/26/2019,117320.18,139.50
9/27/2019,106043.02,69.64
9/28/2019,108762.31,132.26
9/29/2019,104804.09,90.40
9/30/2019,121770.82,107.82
10/01/2019,117265.28,121.39
10/02/2019,110760.83,108.66
10/03/2019,109312.85,108.84
10/04/2019,117512.56,136.36
10/05/2019,101386.01,88.05
10/06/2019,93011.35,54.72
10/07/2019,113296.31,112.08
10/08/2019,117504.78,130.67
10/09/2019,122771.82,131.59
10/10/2019,123692.08,167.98
10/11/2019,115250.51,114.70
10/12/2019,101053.37,93.12
10/13/2019,94744.70,90.16
10/14/2019,110290.12,119.01
10/15/2019,112052.12,123.26
10/16/2019,117533.72,116.34
10/17/2019,116690.04,92.50
10/18/2019,109857.49,76.32
10/19/2019,102032.50,67.01
10/20/2019,102684.52,87.53
10/21/2019,114502.07,111.67
10/22/2019,114108.55,111.45
10/23/2019,114281.62,99.74
10/24/2019,115442.66,82.37
10/25/2019,109130.77,70.88
10/26/2019,96698.29,44.85
10/27/2019,102830.56,87.81
10/28/2019,112634.64,104.09
10/29/2019,111887.41,130.20
10/30/2019,117375.73,130.32
10/31/2019,121752.88,89.66
11/01/2019,130510.91,90.32
11/02/2019,105806.83,90.80
11/03/2019,96867.02,72.40
11/04/2019,107279.84,79.10
11/05/2019,96817.00,66.48
11/06/2019,104381.38,58.45
11/07/2019,115132.64,63.90
11/08/2019,113954.78,81.08
11/09/2019,108924.79,70.47
11/10/2019,101550.05,86.64
11/11/2019,106758.95,66.49
11/12/2019,104303.46,57.07
11/13/2019,112573.54,64.52
11/14/2019,109828.93,74.44
11/15/2019,110954.76,72.07
11/16/2019,97646.12,67.19
11/17/2019,96742.49,66.41
11/18/2019,109148.25,72.28
11/19/2019,112033.87,81.96
11/20/2019,119736.13,83.76
11/21/2019,131312.00,72.82
11/22/2019,109049.37,65.41
11/23/2019,97245.77,49.79
11/24/2019,96778.25,60.76
11/25/2019,113899.30,71.00
11/26/2019,107629.16,47.35
11/27/2019,108417.70,59.04
11/28/2019,112735.88,70.20
11/29/2019,114799.91,79.61
11/30/2019,98959.56,51.06
12/01/2019,100233.98,33.15
12/02/2019,110609.40,29.07
12/03/2019,109094.04,19.17
12/04/2019,107400.71,39.42
12/05/2019,107891.69,45.83
12/06/2019,105028.99,41.38
12/07/2019,95436.30,47.12
12/08/2019,97577.42,43.69
12/09/2019,127910.84,62.72
12/10/2019,109548.62,48.34
12/11/2019,109060.38,57.73
12/12/2019,108599.07,41.65
12/13/2019,107070.61,58.52
12/14/2019,101239.24,65.77
12/15/2019,98723.45,50.94
12/16/2019,114400.07,73.60
12/17/2019,123999.07,83.08
12/18/2019,146990.89,95.80
12/19/2019,125050.61,71.95
12/20/2019,150553.40,243.81
12/21/2019,100632.48,44.94
12/22/2019,90145.62,34.68
12/23/2019,101818.03,47.20
12/24/2019,102168.93,57.33
12/25/2019,98312.75,42.26
12/26/2019,96120.53,41.26
12/27/2019,107256.07,56.12
12/28/2019,113521.69,63.30
12/29/2019,118293.53,87.69
12/30/2019,140410.13,295.83
12/31/2019,95410.39,46.25
1/01/2020,89077.86,50.92
1/02/2020,102988.19,69.55
1/03/2020,118922.22,65.44
1/04/2020,102245.61,28.04
1/05/2020,95671.20,18.88
1/06/2020,110253.59,56.10
1/07/2020,109336.56,59.42
1/08/2020,110038.63,53.31
1/09/2020,127365.59,86.98
1/10/2020,122533.88,65.49
1/11/2020,91886.61,22.78
1/12/2020,91797.60,45.63
1/13/2020,119653.95,76.95
1/14/2020,137302.61,88.85
1/15/2020,137408.23,63.73
1/16/2020,109669.65,33.40
1/17/2020,108108.18,39.50
1/18/2020,105946.34,52.05
1/19/2020,106921.56,60.35
1/20/2020,116291.54,45.36
1/21/2020,112128.20,53.56
1/22/2020,119287.15,45.16
1/23/2020,112254.83,-1.76
1/24/2020,109316.38,49.48
1/25/2020,102445.88,50.13
1/26/2020,101233.21,51.42
1/27/2020,103134.46,54.45
1/28/2020,116190.56,67.17
1/29/2020,129812.92,78.27
2/01/2020,131856.32,86.91
2/02/2020,97609.06,14.24
2/03/2020,105004.91,15.31
2/04/2020,107034.07,25.21
2/05/2020,108988.44,42.12
2/06/2020,120569.46,42.77
2/07/2020,120734.85,45.33
2/08/2020,107864.45,28.57
2/09/2020,103857.11,21.56
2/10/2020,122975.46,50.81
2/11/2020,127110.58,61.29
2/12/2020,124618.57,53.24
2/13/2020,139137.19,79.02
2/14/2020,139855.63,79.50
2/15/2020,108300.64,55.67
2/16/2020,100904.27,47.00
2/17/2020,123351.85,64.11
2/18/2020,119178.12,60.60
2/19/2020,109375.22,51.44
2/20/2020,112202.15,58.36
2/21/2020,108949.06,48.66
2/22/2020,96922.02,42.24
2/23/2020,106129.67,51.32
2/24/2020,122619.06,57.23
2/25/2020,123558.43,60.55
2/26/2020,108371.13,45.06
2/27/2020,108675.40,48.54
2/28/2020,110006.97,50.31
2/29/2020,100380.94,51.29
3/01/2020,101413.15,43.75
3/02/2020,106359.96,52.73
3/03/2020,108746.37,49.78
3/04/2020,117505.63,58.52
3/05/2020,119734.64,57.04
3/06/2020,111322.33,53.74
3/07/2020,96850.78,28.02
3/08/2020,92553.29,17.92
3/09/2020,94641.70,22.04
3/10/2020,112142.54,48.06
3/11/2020,118830.14,44.37
3/12/2020,120272.78,39.13
3/13/2020,115075.81,40.13
3/14/2020,96016.19,29.14
3/15/2020,97664.94,31.66
3/16/2020,110586.82,46.67
3/17/2020,115254.19,52.45
3/18/2020,121127.15,51.29
3/19/2020,127266.86,47.56
3/20/2020,111547.61,40.76
3/21/2020,103999.34,47.46
3/22/2020,97449.69,34.62
3/23/2020,112906.95,44.64
3/24/2020,114935.55,49.45
3/25/2020,113147.82,43.72
3/26/2020,110088.01,45.52
3/27/2020,111958.25,49.32
3/28/2020,97923.72,47.96
3/29/2020,95953.21,42.34
3/30/2020,107687.51,57.50
3/31/2020,109043.87,57.69
4/01/2020,110991.63,62.97
4/02/2020,116302.67,61.54
4/03/2020,104294.57,48.64
4/04/2020,101854.16,38.38
4/05/2020,105098.03,23.78
4/06/2020,118074.57,64.76
4/07/2020,118404.46,55.23
4/08/2020,108404.01,44.73
4/09/2020,108587.52,43.74
4/10/2020,94831.23,38.44
4/11/2020,92097.07,19.93
4/12/2020,101760.09,45.98
4/13/2020,100025.90,56.66
4/14/2020,107849.83,40.84
4/15/2020,104547.34,27.71
4/16/2020,106527.95,29.80
4/17/2020,106943.49,30.78
4/18/2020,106888.55,42.66
4/19/2020,100737.84,35.70
4/20/2020,109168.60,25.62
4/21/2020,111417.63,33.04
4/22/2020,113506.01,37.88
4/23/2020,112872.88,20.50
4/24/2020,106565.30,26.64
4/25/2020,96845.12,17.64
4/26/2020,96572.94,13.56
4/27/2020,113471.83,33.03
4/28/2020,112124.06,19.57
4/29/2020,121307.84,32.27
4/30/2020,121353.33,30.41
5/01/2020,127238.88,24.12
5/02/2020,111665.73,22.88
5/03/2020,109669.36,36.49
5/04/2020,126892.26,53.06
5/05/2020,118839.10,33.52
5/06/2020,113214.27,17.06
5/07/2020,109642.76,15.24
5/08/2020,107914.06,30.70
5/09/2020,107786.26,22.46
5/10/2020,107555.19,36.46
5/11/2020,122550.95,37.86
5/12/2020,120767.80,29.43
5/13/2020,127145.14,43.44
5/14/2020,129285.09,48.12
5/15/2020,129112.45,51.08
5/16/2020,110420.89,46.53
5/17/2020,109774.43,47.16
5/18/2020,120076.65,44.49
5/19/2020,119789.97,44.37
5/20/2020,119803.99,40.06
5/21/2020,127563.61,58.07
5/22/2020,130472.20,69.66
5/23/2020,115234.32,40.61
5/24/2020,109579.82,39.99
5/25/2020,125532.58,46.78
5/26/2020,126788.84,46.71
5/27/2020,124189.80,50.44
5/28/2020,124062.49,65.36
5/29/2020,120072.09,50.14
5/30/2020,102231.77,21.76
5/31/2020,102684.59,30.30
6/01/2020,132039.71,35.15
6/02/2020,132710.36,40.30
6/03/2020,130801.83,46.18
6/04/2020,133322.03,52.41
6/05/2020,137368.47,62.03
6/06/2020,126427.92,51.81
6/07/2020,119524.41,52.57
6/08/2020,124792.98,64.94
6/09/2020,141571.30,134.75
6/10/2020,137795.80,121.18
6/11/2020,141444.45,99.91
6/12/2020,134684.59,50.25
6/13/2020,117394.46,31.45
6/14/2020,107553.01,24.88
6/15/2020,121221.46,26.01
6/16/2020,124473.67,34.23
6/17/2020,133969.69,66.78
6/18/2020,130437.33,35.14
6/19/2020,120149.44,30.52
6/20/2020,109644.70,34.06
6/21/2020,121528.38,36.99
6/22/2020,136373.44,45.90
6/23/2020,131904.75,48.99
6/24/2020,133100.91,56.72
6/25/2020,131466.24,39.91
6/26/2020,136872.56,55.54
6/27/2020,126938.54,48.30
6/28/2020,125830.75,49.20
6/29/2020,141431.99,42.72
6/30/2020,137644.87,32.46
7/01/2020,126614.72,33.16
7/02/2020,131372.71,37.37
7/03/2020,143010.27,43.51
7/04/2020,125400.27,50.03
7/05/2020,118507.76,50.79
7/06/2020,136255.34,75.96
7/07/2020,140264.52,88.34
7/08/2020,138627.11,80.39
7/09/2020,135266.17,70.72
7/10/2020,134041.23,67.74
7/11/2020,130088.95,81.93
7/12/2020,118837.05,61.72
7/13/2020,130119.41,61.12
7/14/2020,133668.94,61.11
7/15/2020,135296.80,68.57
7/16/2020,143158.89,86.66
7/17/2020,143109.36,73.82
7/18/2020,125303.89,43.53
7/19/2020,114065.32,31.21
7/20/2020,132894.41,58.02
7/21/2020,140086.11,95.14
7/22/2020,138666.11,93.88
7/23/2020,142476.37,103.92
7/24/2020,133822.70,61.45
7/25/2020,128417.22,72.08
7/26/2020,123014.56,69.92
7/27/2020,132571.33,59.49
7/28/2020,132720.40,59.04
7/29/2020,130547.74,67.53
7/30/2020,132583.64,63.22
7/31/2020,132105.75,73.08
8/01/2020,111590.65,47.92
8/02/2020,109935.34,50.25
8/03/2020,127930.36,47.69
8/04/2020,140042.15,49.19
8/05/2020,140205.30,55.46
8/06/2020,140835.18,69.43
8/07/2020,144062.61,60.12
8/08/2020,121119.27,53.52
8/09/2020,111165.96,45.52
8/10/2020,125959.75,53.42
8/11/2020,130141.23,42.33
8/12/2020,127945.31,58.63
8/13/2020,121914.44,52.32
8/14/2020,124640.09,69.84
8/15/2020,113755.18,52.52
8/16/2020,111034.75,58.43
8/17/2020,121520.57,60.71
8/18/2020,119321.86,44.02
8/19/2020,129884.75,62.12
8/20/2020,123490.86,54.11
8/21/2020,125707.04,48.51
8/22/2020,127131.37,56.07
8/23/2020,117125.07,53.94
8/24/2020,134984.79,134.49
8/25/2020,138437.86,82.74
8/26/2020,129322.31,90.67
8/27/2020,119044.43,45.56
8/28/2020,118809.08,61.61
8/29/2020,100166.89,15.29
8/30/2020,98917.18,9.42
8/31/2020,121605.40,58.55
9/01/2020,119645.18,52.28
9/02/2020,113547.67,31.77
9/03/2020,109327.46,25.57
9/04/2020,114865.65,37.04
9/05/2020,105534.01,49.74
9/06/2020,95865.14,26.52
9/07/2020,99778.20,18.91
9/08/2020,112421.09,35.90
9/09/2020,112140.47,37.02
9/10/2020,109328.34,31.15
9/11/2020,106643.05,22.39
9/12/2020,111644.60,34.26
9/13/2020,96225.91,28.33
9/14/2020,107196.61,41.85
9/15/2020,113008.77,44.31
9/16/2020,110807.72,34.97
9/17/2020,115643.44,34.70
9/18/2020,112335.70,40.84
9/19/2020,93384.00,24.27
9/20/2020,86891.23,23.05
9/21/2020,100977.95,34.25
9/22/2020,103200.64,25.93
9/23/2020,112412.45,34.21
9/24/2020,117535.72,51.78
9/25/2020,126354.68,53.43
9/26/2020,106694.97,33.44
9/27/2020,101703.49,57.92
9/28/2020,114651.14,59.75
9/29/2020,112076.46,42.12
9/30/2020,113620.21,38.06
10/01/2020,106641.79,34.65
10/02/2020,99585.84,-6.08
10/03/2020,92277.03,-1.98
10/04/2020,94081.57,25.01
10/05/2020,113610.03,36.76
10/06/2020,122607.56,75.77
10/07/2020,120959.91,123.48
10/08/2020,112124.68,23.33
10/09/2020,112248.37,55.74
10/10/2020,96957.91,31.01
10/11/2020,94197.83,53.93
10/12/2020,104233.94,40.93
10/13/2020,109170.20,43.14
10/14/2020,106838.23,45.05
10/15/2020,111126.73,31.50
10/16/2020,106949.87,53.57
10/17/2020,97139.46,41.25
10/18/2020,98117.72,39.76
10/19/2020,113121.26,52.97
10/20/2020,111892.47,62.55
10/21/2020,109050.88,80.71
10/22/2020,105539.95,56.34
10/23/2020,101030.86,56.80
10/24/2020,98841.46,29.18
10/25/2020,95492.89,24.71
10/26/2020,102716.73,42.15
10/27/2020,107102.31,51.68
10/28/2020,106306.67,60.80
10/29/2020,108752.81,51.71
10/30/2020,102438.22,43.88
10/31/2020,97651.50,47.81
11/01/2020,88388.53,41.83
11/02/2020,101860.42,48.49
11/03/2020,95746.60,41.19
11/04/2020,109655.93,56.01
11/05/2020,106262.83,49.17
11/06/2020,110795.47,58.04
11/07/2020,96108.11,27.23
11/08/2020,89965.90,22.32
11/09/2020,107079.21,46.34
11/10/2020,115171.25,41.23
11/11/2020,118091.69,42.65
11/12/2020,107837.78,23.03
11/13/2020,107397.85,42.92
11/14/2020,97594.78,49.87
11/15/2020,98480.78,25.10
11/16/2020,103792.17,22.99
11/17/2020,105466.58,49.21
11/18/2020,110709.34,66.00
11/19/2020,124285.29,54.54
11/20/2020,109799.78,44.21
11/21/2020,106387.47,48.49
11/22/2020,108830.58,46.44
11/23/2020,111650.28,37.95
11/24/2020,109016.10,49.62
11/25/2020,117704.78,52.37
11/26/2020,111560.36,58.19
11/27/2020,125648.77,66.55
11/28/2020,112470.76,53.32
11/29/2020,93957.65,11.38
11/30/2020,109553.46,45.39
12/01/2020,111184.97,21.77
12/02/2020,103834.24,39.25
12/03/2020,108676.62,52.25
12/04/2020,107164.52,45.50
12/05/2020,101639.29,7.66
12/06/2020,90733.85,-31.15
12/07/2020,103110.90,-1.83
12/08/2020,111126.91,34.73
12/09/2020,107305.38,39.88
12/10/2020,99515.41,17.56
12/11/2020,100379.11,10.18
12/12/2020,97662.86,16.05
12/13/2020,102459.44,18.64
12/14/2020,132378.79,54.26
12/15/2020,133282.24,62.41
12/16/2020,116908.81,27.93
12/17/2020,121252.51,33.22
12/18/2020,104997.85,-17.00
12/19/2020,99296.25,37.44
12/20/2020,92352.97,27.78
12/21/2020,112110.21,48.05
12/22/2020,108452.81,16.12
12/23/2020,103370.90,32.74
12/24/2020,94782.90,22.60
12/25/2020,82031.21,12.40
12/26/2020,88980.90,31.24
12/27/2020,96137.56,6.38
12/28/2020,85792.09,8.25
12/29/2020,90537.38,23.90
12/30/2020,93732.34,29.29
12/31/2020,94901.20,9.65
1/01/2021,92926.69,18.30
1/02/2021,98995.07,21.89
1/03/2021,94371.48,19.49
1/04/2021,99640.54,4.79
1/05/2021,103840.46,7.46
1/06/2021,100748.62,-1.72
1/07/2021,100672.95,5.23
1/08/2021,103763.20,24.86
1/09/2021,106315.21,37.73
1/10/2021,115294.31,42.63
1/11/2021,145310.19,38.42
1/12/2021,114536.75,32.93
1/13/2021,121549.91,43.92
1/14/2021,110439.44,26.13
1/15/2021,103034.35,-7.69
1/16/2021,95483.20,-2.81
1/17/2021,89423.69,17.70
1/18/2021,101924.86,26.15
1/19/2021,100606.69,22.77
1/20/2021,105651.60,35.10
1/21/2021,123959.21,38.45
1/22/2021,120658.94,40.35
1/23/2021,113037.05,36.60
1/24/2021,132074.09,47.29
1/25/2021,146866.30,40.85
1/26/2021,106198.02,11.40
1/27/2021,102432.39,-1.42
1/28/2021,115724.35,26.68
1/29/2021,119316.36,32.46
1/30/2021,98708.15,7.05
1/31/2021,92223.41,14.09
2/01/2021,109911.08,26.46
2/02/2021,106137.67,7.17
2/03/2021,106099.95,24.68
2/04/2021,118860.37,34.58
2/05/2021,120490.88,19.24
2/06/2021,95849.59,-0.01
2/07/2021,91865.31,4.12
2/08/2021,104202.12,14.51
2/09/2021,106834.67,26.88
2/10/2021,124620.45,32.63
2/11/2021,134863.92,28.22
2/12/2021,114298.01,27.60
2/13/2021,97268.16,6.26
2/14/2021,93060.70,-0.23
2/15/2021,106845.46,19.11
2/16/2021,122517.04,32.82
2/17/2021,129301.42,33.77
2/18/2021,132916.10,27.61
2/19/2021,137419.65,36.63
2/20/2021,121578.71,33.10
2/21/2021,106024.86,23.19
2/22/2021,105572.53,11.58
2/23/2021,104875.77,16.78
2/24/2021,108577.11,25.84
2/25/2021,107456.35,21.21
2/26/2021,107807.00,25.80
2/27/2021,103417.66,29.90
2/28/2021,97551.09,22.41
3/01/2021,114563.83,16.11
3/02/2021,114138.79,20.83
3/03/2021,111060.42,24.98
3/04/2021,104275.30,24.14
3/05/2021,103043.21,21.58
3/06/2021,100126.81,15.57
3/07/2021,104734.79,31.29
3/08/2021,106913.60,30.75
3/09/2021,113533.24,22.76
3/10/2021,110517.92,30.53
3/11/2021,103570.04,40.09
3/12/2021,102072.00,38.33
3/13/2021,98081.19,24.62
3/14/2021,103479.61,10.71
3/15/2021,112887.66,27.54
3/16/2021,112347.21,27.03
3/17/2021,109134.08,31.89
3/18/2021,101935.04,33.98
3/19/2021,100236.35,30.24
3/20/2021,96762.05,13.94
3/21/2021,102251.77,32.47
3/22/2021,111921.41,53.97
3/23/2021,111105.21,53.55
3/24/2021,107881.67,35.10
3/25/2021,100645.63,34.98
3/26/2021,99174.44,45.36
3/27/2021,96751.75,31.95
3/28/2021,100730.92,33.57
3/29/2021,111178.68,30.38
3/30/2021,110119.24,37.24
3/31/2021,107486.57,35.30
4/01/2021,100834.77,15.49
4/02/2021,91896.88,10.75
4/03/2021,87993.80,8.56
4/04/2021,87085.39,8.71
4/05/2021,103939.04,11.81
4/06/2021,110823.37,12.25
4/07/2021,108164.11,11.72
4/08/2021,100947.52,16.59
4/09/2021,99822.14,12.05
4/10/2021,96781.48,10.39
4/11/2021,95840.97,10.07
4/12/2021,112288.24,11.68
4/13/2021,111324.59,11.66
4/14/2021,104774.62,9.46
4/15/2021,101774.60,15.05
4/16/2021,100336.09,10.27
4/17/2021,96910.31,8.55
4/18/2021,95737.19,7.19
4/19/2021,112790.19,9.56
4/20/2021,112362.08,9.54
4/21/2021,103210.72,6.40
4/22/2021,101724.78,11.97
4/23/2021,100944.33,7.71
4/24/2021,96463.11,5.57
4/25/2021,88588.17,5.32
4/26/2021,112768.57,7.49
4/27/2021,111740.41,7.44
4/28/2021,104095.08,5.23
4/29/2021,103656.44,10.74
4/30/2021,101338.49,6.73
5/01/2021,101087.05,6.23
5/02/2021,103452.49,6.86
5/03/2021,110183.94,6.28
5/04/2021,109694.74,6.59
5/05/2021,104290.80,5.31
5/06/2021,103942.70,10.36
5/07/2021,103994.00,7.62
5/08/2021,103699.55,7.00
5/09/2021,106693.73,7.76
5/10/2021,111704.82,6.81
5/11/2021,111169.79,7.06
5/12/2021,105823.82,5.86
5/13/2021,105430.52,10.20
5/14/2021,105534.74,7.67
5/15/2021,104566.89,6.85
5/16/2021,108400.66,7.53
5/17/2021,113319.37,6.56
5/18/2021,112869.88,6.61
5/19/2021,107478.89,5.45
5/20/2021,107011.00,9.06
5/21/2021,107159.11,6.75
5/22/2021,106300.26,5.91
5/23/2021,109746.71,6.29
5/24/2021,115091.76,5.47
5/25/2021,114770.37,5.41
5/26/2021,109356.86,4.39
5/27/2021,108888.90,7.36
5/28/2021,109016.41,5.41
5/29/2021,108261.05,4.68
5/30/2021,113223.03,5.19
5/31/2021,117090.13,4.31
6/01/2021,123844.58,5.38
6/02/2021,119228.11,4.53
6/03/2021,117371.56,6.73
6/04/2021,119301.75,5.39
6/05/2021,115335.32,4.41
6/06/2021,115611.51,4.35
6/07/2021,125681.56,4.20
6/08/2021,125844.15,4.30
6/09/2021,120974.07,3.66
6/10/2021,119163.02,5.27
6/11/2021,121211.76,4.20
6/12/2021,117386.42,3.47
6/13/2021,118821.22,3.42
6/14/2021,119843.65,3.17
6/15/2021,127304.10,3.16
6/16/2021,121970.25,2.66
6/17/2021,120184.35,3.64
6/18/2021,121975.85,2.83
6/19/2021,118335.20,2.29
6/20/2021,120655.59,2.20
6/21/2021,127647.51,1.89
6/22/2021,127758.58,1.78
6/23/2021,122228.12,1.41
6/24/2021,119798.32,1.79
6/25/2021,119727.98,1.23
6/26/2021,118342.71,0.93
6/27/2021,122145.20,0.81
6/28/2021,127905.99,0.55
6/29/2021,126554.61,0.37
6/30/2021,119496.69,0.16
7/01/2021,117806.04,0.02
7/02/2021,119927.40,-0.17
7/03/2021,119985.76,-0.34
7/04/2021,124738.42,-0.58
7/05/2021,123471.26,-0.60
7/06/2021,123697.41,-0.81
7/07/2021,116888.88,-0.81
7/08/2021,114861.82,-1.51
7/09/2021,118275.30,-1.44
7/10/2021,118898.85,-1.58
7/11/2021,124836.71,-2.04
7/12/2021,123386.17,-1.77
7/13/2021,123520.53,-2.07
7/14/2021,115770.33,-1.84
7/15/2021,113649.42,-3.12
7/16/2021,115455.11,-2.71
7/17/2021,116002.86,-2.79
7/18/2021,123917.67,-3.61
7/19/2021,124916.25,-3.22
7/20/2021,124066.09,-3.49
7/21/2021,117729.20,-3.16
7/22/2021,115553.48,-5.01
7/23/2021,115603.99,-4.11
7/24/2021,116129.63,-4.12
7/25/2021,123593.56,-5.12
7/26/2021,124117.53,-4.37
7/27/2021,122228.86,-4.50
7/28/2021,119908.56,-4.42
7/29/2021,116421.15,-6.61
7/30/2021,116475.60,-5.29
7/31/2021,115475.58,-5.01
8/01/2021,117508.70,-5.42
8/02/2021,124569.41,-5.32
8/03/2021,123772.89,-5.56
8/04/2021,118034.19,-4.89
8/05/2021,116277.94,-7.85
8/06/2021,115675.15,-6.08
8/07/2021,113875.48,-5.58
8/08/2021,116603.01,-6.19
8/09/2021,123721.36,-6.12
8/10/2021,122923.77,-6.46
8/11/2021,117241.50,-5.69
8/12/2021,115473.12,-9.34
8/13/2021,114852.56,-7.30
8/14/2021,113116.80,-6.78
8/15/2021,114949.17,-7.41
8/16/2021,122974.25,-7.56
8/17/2021,122217.09,-8.04
8/18/2021,116465.60,-7.20
8/19/2021,114764.44,-11.55
8/20/2021,114110.23,-9.22
8/21/2021,112366.26,-8.63
8/22/2021,115375.23,-9.67
8/23/2021,122157.55,-9.56
8/24/2021,121382.53,-10.04
8/25/2021,115463.67,-8.97
8/26/2021,113733.80,-13.82
8/27/2021,113012.00,-11.01
8/28/2021,111152.50,-10.19
8/29/2021,113536.65,-11.05
8/30/2021,120696.41,-10.87
8/31/2021,119842.10,-11.20
