date_new,Min,Max,Daily global solar exposure (MJ/m*m),Rainfall amount (millimetres),SouthernCrossCount
2015-01-01,13.3,26.9,23.6,0.0,2592.0
2015-01-02,15.4,38.8,26.8,0.0,1848.0
2015-01-03,20.0,38.2,26.5,0.0,1451.0
2015-01-04,16.3,21.4,25.2,4.2,1047.0
2015-01-05,15.0,22.0,30.7,0.0,3416.0
2015-01-06,17.7,26.0,31.6,0.0,3566.0
2015-01-07,18.9,37.4,20.7,0.0,3437.0
2015-01-08,23.1,28.2,13.5,19.4,3433.0
2015-01-09,16.5,18.0,3.1,1.2,3471.0
2015-01-10,13.6,21.7,5.6,5.2,1270.0
2015-01-11,15.6,27.5,29.9,0.0,1084.0
2015-01-12,16.1,31.3,31.6,0.0,4070.0
2015-01-13,20.2,25.6,4.2,0.0,4060.0
2015-01-14,18.3,22.7,15.2,15.8,3801.0
2015-01-15,15.8,20.0,14.6,0.0,4050.0
2015-01-16,13.1,27.3,30.3,0.0,4482.0
2015-01-17,15.9,25.0,27.5,0.0,1405.0
2015-01-18,15.3,19.5,23.4,0.0,1052.0
2015-01-19,13.5,23.6,29.0,0.0,4560.0
2015-01-20,13.0,30.4,19.6,0.0,4494.0
2015-01-21,19.7,33.1,25.8,0.0,4594.0
2015-01-22,18.7,35.8,23.1,0.0,4544.0
2015-01-23,20.2,25.0,28.6,0.0,4407.0
2015-01-24,15.8,26.3,30.3,0.0,1677.0
2015-01-25,14.7,22.0,25.4,0.0,1358.0
2015-01-26,11.6,19.8,19.9,1.0,2506.0
2015-01-27,11.7,19.1,17.7,0.6,4135.0
2015-01-28,13.3,25.4,27.0,0.0,4737.0
2015-01-29,12.8,22.2,28.9,0.0,4839.0
2015-01-30,13.1,21.0,27.6,0.0,4734.0
2015-01-31,14.3,20.2,26.2,0.0,1458.0
2015-02-01,13.2,19.0,17.3,9.2,1029.0
2015-02-02,13.5,21.1,23.9,3.8,4333.0
2015-02-03,16.1,20.0,22.7,0.0,4665.0
2015-02-04,14.8,19.0,21.2,0.0,4292.0
2015-02-05,13.3,24.2,28.8,0.0,4915.0
2015-02-06,14.5,35.7,28.4,0.0,4718.0
2015-02-07,18.8,35.0,16.1,0.0,1765.0
2015-02-08,18.9,21.5,16.6,0.0,1081.0
2015-02-09,13.6,28.3,28.6,0.0,4602.0
2015-02-10,16.4,27.8,27.7,0.0,5061.0
2015-02-11,18.1,26.8,24.1,0.0,4578.0
2015-02-12,17.8,21.9,23.8,0.0,4692.0
2015-02-13,16.1,32.4,14.9,0.0,4410.0
2015-02-14,19.0,25.1,20.8,19.6,3356.0
2015-02-15,18.2,34.4,25.7,0.4,2599.0
2015-02-16,17.4,24.6,26.3,0.0,4014.0
2015-02-17,17.6,20.6,8.3,0.0,4377.0
2015-02-18,17.7,21.2,7.8,0.0,4281.0
2015-02-19,18.2,26.9,24.7,0.0,5578.0
2015-02-20,17.4,25.3,24.7,0.0,4983.0
2015-02-21,18.1,36.1,20.0,0.0,2065.0
2015-02-22,20.3,35.3,11.7,1.6,1166.0
2015-02-23,21.1,29.3,4.7,0.0,3978.0
2015-02-24,15.9,20.1,21.4,3.2,4590.0
2015-02-25,14.0,27.0,24.1,0.0,5955.0
2015-02-26,16.0,23.2,18.5,0.0,4915.0
2015-02-27,14.8,24.3,21.7,0.0,5419.0
2015-02-28,17.9,32.3,6.9,0.0,4160.0
2015-03-01,15.2,20.8,23.3,15.8,1530.0
2015-03-02,11.6,23.0,22.0,0.0,4799.0
2015-03-03,15.5,22.7,21.2,0.0,4905.0
2015-03-04,15.4,23.5,23.0,0.0,5023.0
2015-03-05,12.6,18.6,22.5,0.8,5012.0
2015-03-06,14.1,21.1,10.8,0.2,4348.0
2015-03-07,15.4,22.6,10.8,0.2,1767.0
2015-03-08,16.2,24.4,20.4,0.0,1431.0
2015-03-09,14.4,23.8,18.6,0.0,1319.0
2015-03-10,16.2,21.7,22.1,0.0,4682.0
2015-03-11,11.2,23.8,22.3,0.0,4918.0
2015-03-12,13.0,19.9,18.7,0.0,4716.0
2015-03-13,14.4,20.4,21.2,0.0,4931.0
2015-03-14,9.4,30.1,20.0,0.0,2122.0
2015-03-15,13.1,18.3,17.5,2.2,1256.0
2015-03-16,10.5,25.5,14.5,0.0,5061.0
2015-03-17,13.0,26.2,4.8,0.0,5346.0
2015-03-18,17.8,24.4,9.4,1.4,5179.0
2015-03-19,16.5,33.5,15.1,0.0,5729.0
2015-03-20,14.2,19.6,19.9,0.0,5273.0
2015-03-21,11.9,22.7,20.8,0.0,2037.0
2015-03-22,11.3,28.8,19.9,0.0,2051.0
2015-03-23,13.6,27.0,3.9,0.0,4699.0
2015-03-24,12.6,15.3,3.8,1.4,4950.0
2015-03-25,13.0,20.4,13.8,0.4,5080.0
2015-03-26,9.8,18.0,9.9,0.4,5431.0
2015-03-27,11.6,18.1,11.2,0.2,5366.0
2015-03-28,12.7,19.1,14.4,0.0,1614.0
2015-03-29,8.5,22.7,18.6,0.0,1492.0
2015-03-30,10.6,23.1,18.1,0.0,4793.0
2015-03-31,11.2,25.3,18.1,0.0,5234.0
2015-04-01,13.3,29.0,10.7,0.0,5102.0
2015-04-02,12.8,17.2,17.5,0.2,4482.0
2015-04-03,8.0,20.9,17.4,0.0,1351.0
2015-04-04,8.5,23.5,16.2,0.0,1794.0
2015-04-05,10.2,18.5,9.8,0.0,1617.0
2015-04-06,11.2,18.4,13.0,0.0,949.0
2015-04-07,12.4,17.3,3.9,0.0,3982.0
2015-04-08,13.3,17.7,12.6,5.6,4441.0
2015-04-09,8.7,19.1,10.9,0.0,4737.0
2015-04-10,8.6,18.7,15.9,0.0,4745.0
2015-04-11,11.6,23.7,14.9,0.0,2025.0
2015-04-12,12.1,18.3,13.4,0.0,1482.0
2015-04-13,7.3,19.1,14.9,0.0,4706.0
2015-04-14,10.5,24.7,8.4,1.6,5021.0
2015-04-15,13.9,27.6,12.8,2.4,4881.0
2015-04-16,15.6,17.8,10.9,0.0,5054.0
2015-04-17,10.1,17.1,7.5,0.0,5127.0
2015-04-18,13.5,21.9,9.9,3.6,1846.0
2015-04-19,9.7,14.7,11.0,6.4,1071.0
2015-04-20,7.0,16.2,12.7,1.4,4732.0
2015-04-21,6.5,17.7,13.8,0.0,4950.0
2015-04-22,9.1,19.5,7.1,0.0,5092.0
2015-04-23,12.2,19.2,7.5,0.0,4934.0
2015-04-24,14.4,21.1,7.8,0.0,5128.0
2015-04-25,11.6,15.0,3.5,3.0,1141.0
2015-04-26,10.4,15.4,5.9,7.0,1195.0
2015-04-27,10.5,15.1,8.3,4.0,4498.0
2015-04-28,10.1,16.0,8.9,1.6,4793.0
2015-04-29,7.4,17.1,12.6,0.0,5195.0
2015-04-30,6.4,19.6,12.3,0.0,5131.0
2015-05-01,7.9,23.1,12.1,0.0,5346.0
2015-05-02,11.6,22.2,6.1,0.0,2225.0
2015-05-03,9.7,18.2,11.2,0.0,1681.0
2015-05-04,7.5,22.3,11.6,0.0,4756.0
2015-05-05,9.2,18.1,7.1,0.6,5157.0
2015-05-06,9.5,16.2,7.6,1.4,5105.0
2015-05-07,10.3,15.6,6.9,2.2,5309.0
2015-05-08,10.5,15.9,5.9,0.2,6292.0
2015-05-09,12.8,18.7,7.3,0.0,2012.0
2015-05-10,12.8,16.6,5.9,8.6,1290.0
2015-05-11,12.4,15.9,7.9,2.6,4546.0
2015-05-12,12.8,17.4,5.9,0.0,5127.0
2015-05-13,6.3,12.8,8.7,6.8,4742.0
2015-05-14,7.3,14.6,6.7,4.4,5135.0
2015-05-15,11.5,14.5,6.2,1.8,6354.0
2015-05-16,11.3,16.2,10.4,0.0,1779.0
2015-05-17,7.4,20.5,10.3,0.0,1501.0
2015-05-18,7.2,20.4,10.2,0.0,5033.0
2015-05-19,9.9,16.2,3.2,0.0,5033.0
2015-05-20,13.6,18.1,6.0,2.4,5318.0
2015-05-21,10.3,13.6,3.5,6.2,5227.0
2015-05-22,9.1,14.1,6.7,0.4,6224.0
2015-05-23,10.4,13.3,7.7,0.0,2219.0
2015-05-24,6.0,15.6,8.6,0.0,1628.0
2015-05-25,7.4,17.1,8.1,0.0,5140.0
2015-05-26,5.4,15.6,6.8,0.0,5521.0
2015-05-27,7.9,18.7,7.4,0.0,5214.0
2015-05-28,13.1,19.7,8.4,0.0,5610.0
2015-05-29,9.5,15.8,6.6,0.0,5719.0
2015-05-30,11.0,17.3,8.0,0.0,1822.0
2015-05-31,12.3,16.8,4.9,0.0,1014.0
2015-06-01,5.2,12.2,8.1,8.2,4790.0
2015-06-02,7.1,11.4,4.6,4.2,5140.0
2015-06-03,8.1,13.6,8.2,0.8,5243.0
2015-06-04,4.4,11.3,5.5,0.0,5207.0
2015-06-05,7.0,15.0,7.0,4.2,5371.0
2015-06-06,9.2,16.6,6.4,0.2,2129.0
2015-06-07,11.2,14.5,6.9,0.0,1687.0
2015-06-08,11.1,18.5,8.2,0.0,1132.0
2015-06-09,10.3,13.5,8.6,4.0,5097.0
2015-06-10,7.5,13.4,7.1,0.0,5089.0
2015-06-11,5.7,14.0,8.3,1.3322074879999999,5387.0
2015-06-12,5.2,13.1,6.9,0.0,5515.0
2015-06-13,6.0,18.2,8.0,0.0,2036.0
2015-06-14,5.8,17.4,8.0,0.0,1493.0
2015-06-15,7.1,16.9,6.6,0.0,5203.0
2015-06-16,9.5,16.1,3.3,5.0,5172.0
2015-06-17,11.7,13.8,4.7,0.0,5483.0
2015-06-18,10.7,12.7,4.2,1.0,5417.0
2015-06-19,7.0,12.4,7.9,0.2,5402.0
2015-06-20,4.1,11.6,7.1,0.0,1727.0
2015-06-21,2.2,12.9,8.6,0.0,1061.0
2015-06-22,3.6,14.1,6.2,0.0,5244.0
2015-06-23,9.6,17.6,5.8,0.0,5318.0
2015-06-24,12.2,16.0,7.7,0.0,5127.0
2015-06-25,9.6,14.0,6.3,0.0,5342.0
2015-06-26,10.5,16.9,7.1,0.0,5704.0
2015-06-27,8.0,14.1,5.0,0.0,1795.0
2015-06-28,9.6,14.5,4.1,0.0,1560.0
2015-06-29,6.9,12.3,5.6,0.0,5082.0
2015-06-30,5.0,14.2,7.9,0.0,5710.0
2015-07-01,7.4,15.0,6.9,0.0,5327.0
2015-07-02,10.3,11.9,7.0,0.6,5376.0
2015-07-03,5.9,12.0,5.0,2.6,5860.0
2015-07-04,7.3,10.6,2.8,0.0,1821.0
2015-07-05,8.2,14.9,8.2,2.0,1617.0
2015-07-06,7.5,11.5,4.4,1.6,4601.0
2015-07-07,7.4,14.2,7.0,2.2,5191.0
2015-07-08,4.9,14.8,8.5,0.2,5054.0
2015-07-09,6.5,13.4,3.5,0.0,5339.0
2015-07-10,7.6,14.3,5.8,0.0,5654.0
2015-07-11,10.9,13.1,3.7,0.2,1716.0
2015-07-12,3.4,12.3,2.9,1.6,693.0
2015-07-13,6.1,12.7,4.2,28.4,4711.0
2015-07-14,8.1,9.8,4.8,3.8,4975.0
2015-07-15,5.8,10.5,7.4,3.6,4991.0
2015-07-16,6.6,12.3,8.1,0.2,5311.0
2015-07-17,7.3,12.3,6.5,2.4,5881.0
2015-07-18,6.1,11.5,9.5,0.4,2211.0
2015-07-19,0.6,12.1,9.7,0.0,1748.0
2015-07-20,1.8,14.7,9.7,0.0,5167.0
2015-07-21,4.2,17.0,8.6,0.0,5543.0
2015-07-22,11.4,16.6,6.0,1.6,5458.0
2015-07-23,5.1,16.1,9.5,0.0,5616.0
2015-07-24,7.6,15.0,4.4,1.2,6367.0
2015-07-25,9.4,13.3,7.7,0.8,3291.0
2015-07-26,8.1,11.6,8.5,3.2,1705.0
2015-07-27,6.2,13.9,9.6,0.8,5108.0
2015-07-28,7.9,14.4,10.2,0.0,5467.0
2015-07-29,8.4,14.0,9.0,0.0,5417.0
2015-07-30,8.6,12.3,4.5,0.0,5835.0
2015-07-31,4.1,14.0,10.8,0.6,6029.0
2015-08-01,6.5,11.4,4.2,0.2,1788.0
2015-08-02,7.8,14.9,8.3,0.0,1549.0
2015-08-03,7.3,10.8,9.4,6.4,5127.0
2015-08-04,3.5,11.3,7.1,0.0,5382.0
2015-08-05,6.6,10.8,8.0,1.0,5363.0
2015-08-06,7.1,12.8,7.0,1.6,5290.0
2015-08-07,9.0,13.1,9.0,1.4,5824.0
2015-08-08,8.8,12.6,6.6,0.4,1936.0
2015-08-09,7.7,13.3,6.9,0.0,1324.0
2015-08-10,8.3,16.0,10.7,0.2,5235.0
2015-08-11,7.8,14.8,11.7,0.8,5589.0
2015-08-12,9.3,14.8,9.2,0.0,5226.0
2015-08-13,8.4,13.0,7.0,0.2,5520.0
2015-08-14,10.4,15.3,7.3,0.0,6010.0
2015-08-15,10.0,14.9,10.9,0.4,2051.0
2015-08-16,4.7,17.0,9.5,0.2,1414.0
2015-08-17,6.8,12.2,9.9,2.4,5182.0
2015-08-18,6.1,11.1,9.8,0.6,5595.0
2015-08-19,5.5,12.7,10.2,0.0,5505.0
2015-08-20,6.1,17.1,12.7,0.0,5949.0
2015-08-21,10.9,18.7,4.1,0.0,6393.0
2015-08-22,11.8,18.8,11.8,0.0,2084.0
2015-08-23,7.9,16.3,13.1,0.0,1285.0
2015-08-24,8.5,14.5,9.6,0.0,5267.0
2015-08-25,9.5,14.3,8.1,0.0,5650.0
2015-08-26,9.2,14.6,7.8,0.2,5717.0
2015-08-27,9.8,11.7,2.7,0.8,4854.0
2015-08-28,8.1,13.2,12.2,17.4,6133.0
2015-08-29,6.3,11.7,9.1,1.8,1681.0
2015-08-30,7.9,12.5,14.3,2.2,2120.0
2015-08-31,8.1,13.0,11.5,0.0,5270.0
2015-09-01,5.1,16.2,15.7,0.0,5345.0
2015-09-02,8.0,18.8,10.5,0.0,5273.0
2015-09-03,10.6,14.0,8.0,4.4,5467.0
2015-09-04,8.7,13.7,13.0,0.0,5929.0
2015-09-05,10.2,14.0,14.8,0.0,1402.0
2015-09-06,5.8,16.6,11.8,0.0,1150.0
2015-09-07,8.9,13.6,9.2,3.6,3586.0
2015-09-08,8.8,12.8,11.1,2.0,3805.0
2015-09-09,10.0,15.3,11.4,0.0,4405.0
2015-09-10,10.0,15.7,17.3,0.0,5456.0
2015-09-11,5.1,20.1,17.7,0.0,5673.0
2015-09-12,12.2,21.7,10.2,0.0,1135.0
2015-09-13,13.2,25.5,17.1,0.0,1137.0
2015-09-14,15.4,26.7,17.8,0.0,3787.0
2015-09-15,10.8,15.9,15.0,15.8,5150.0
2015-09-16,8.9,14.8,17.6,0.0,4369.0
2015-09-17,9.0,14.3,12.4,0.4,4082.0
2015-09-18,10.5,14.7,8.1,0.0,5745.0
2015-09-19,6.5,21.3,17.0,0.0,1732.0
2015-09-20,8.5,22.9,17.3,0.0,1144.0
2015-09-21,14.0,18.1,6.7,0.0,4692.0
2015-09-22,7.6,12.7,17.4,4.4,5324.0
2015-09-23,8.5,12.6,20.3,0.0,5231.0
2015-09-24,5.1,14.3,18.2,0.0,5352.0
2015-09-25,5.8,19.1,20.2,0.0,5160.0
2015-09-26,6.6,17.9,20.1,0.0,1644.0
2015-09-27,9.8,20.2,19.6,0.0,1609.0
2015-09-28,8.3,21.4,13.6,0.0,5134.0
2015-09-29,9.0,16.9,13.5,0.0,5271.0
2015-09-30,11.5,15.9,16.8,0.0,5385.0
2015-10-01,6.0,21.6,21.7,0.0,5762.0
2015-10-02,9.9,28.6,21.7,0.0,2152.0
2015-10-03,16.3,31.3,22.2,0.0,1553.0
2015-10-04,13.9,24.9,22.2,0.0,1148.0
2015-10-05,12.7,34.4,22.0,0.0,4416.0
2015-10-06,15.5,35.8,18.9,0.0,5399.0
2015-10-07,11.8,16.2,23.6,0.0,3804.0
2015-10-08,7.6,18.6,23.3,0.0,5396.0
2015-10-09,10.9,29.9,22.0,0.0,5487.0
2015-10-10,17.5,29.2,11.9,0.0,1489.0
2015-10-11,16.9,19.2,19.6,0.4,1079.0
2015-10-12,11.3,16.1,13.4,0.6,4723.0
2015-10-13,7.9,17.6,24.3,0.4,5487.0
2015-10-14,11.2,28.6,24.4,0.0,5532.0
2015-10-15,14.4,34.0,22.2,0.0,5446.0
2015-10-16,17.0,23.8,8.4,0.0,4847.0
2015-10-17,11.5,20.5,20.4,0.0,1977.0
2015-10-18,12.6,17.7,24.2,0.0,1031.0
2015-10-19,8.3,26.7,25.8,0.0,5047.0
2015-10-20,12.9,31.8,14.4,0.0,5306.0
2015-10-21,17.6,18.3,7.3,2.4,4783.0
2015-10-22,11.4,16.7,8.5,7.0,5563.0
2015-10-23,11.8,16.4,21.0,0.0,5551.0
2015-10-24,9.2,19.5,25.1,0.0,2257.0
2015-10-25,10.2,31.3,20.1,0.0,1380.0
2015-10-26,14.0,15.9,14.5,0.2,4892.0
2015-10-27,10.4,23.3,28.1,0.2,5268.0
2015-10-28,10.1,26.8,27.6,0.0,5556.0
2015-10-29,13.7,26.1,26.8,0.0,5741.0
2015-10-30,12.6,27.4,22.6,0.0,5352.0
2015-10-31,15.7,25.9,13.5,1.0,1446.0
2015-11-01,16.4,26.0,10.0,4.4,973.0
2015-11-02,14.5,16.0,8.2,0.0,3869.0
2015-11-03,8.0,17.9,25.4,0.2,1279.0
2015-11-04,10.9,27.2,19.6,0.0,5001.0
2015-11-05,16.2,24.7,16.4,12.2,4915.0
2015-11-06,16.6,18.7,3.7,17.6,4671.0
2015-11-07,11.9,16.8,25.2,1.2,1479.0
2015-11-08,8.5,24.8,25.1,0.0,1140.0
2015-11-09,13.6,33.1,26.4,0.0,5050.0
2015-11-10,15.2,16.4,5.3,0.0,4769.0
2015-11-11,11.5,20.1,16.0,2.0,5096.0
2015-11-12,13.7,21.2,19.2,0.0,5355.0
2015-11-13,13.5,18.2,26.1,0.4,5332.0
2015-11-14,12.1,18.3,27.5,0.2,1761.0
2015-11-15,13.0,18.5,27.6,0.2,2784.0
2015-11-16,11.4,26.3,29.4,0.2,4983.0
2015-11-17,15.7,33.3,24.0,0.0,5548.0
2015-11-18,14.7,29.5,29.2,0.0,5350.0
2015-11-19,15.6,31.5,20.6,0.0,5542.0
2015-11-20,15.4,19.1,6.4,0.4,5099.0
2015-11-21,12.2,17.5,20.9,3.6,1530.0
2015-11-22,13.5,20.0,27.3,0.0,1051.0
2015-11-23,13.8,20.7,27.3,0.0,4823.0
2015-11-24,13.6,24.5,30.0,0.0,5488.0
2015-11-25,13.5,33.3,9.3,0.0,5109.0
2015-11-26,10.8,17.4,23.3,0.0,5186.0
2015-11-27,9.0,18.2,16.8,0.4,4795.0
2015-11-28,12.0,20.1,27.1,0.0,1903.0
2015-11-29,12.6,20.3,23.4,0.0,1235.0
2015-11-30,10.0,32.2,26.6,0.0,4997.0
2015-12-01,14.5,24.6,24.4,1.8,4943.0
2015-12-02,9.2,17.5,32.4,0.0,5208.0
2015-12-03,12.2,21.3,30.1,0.0,5437.0
2015-12-04,11.3,30.8,32.2,0.0,5789.0
2015-12-05,15.5,25.3,27.9,0.0,1838.0
2015-12-06,15.3,29.8,13.5,0.0,3614.0
2015-12-07,18.1,27.3,8.7,0.0,4747.0
2015-12-08,20.3,35.4,19.8,0.8,6530.0
2015-12-09,15.4,24.6,27.0,0.0,5290.0
2015-12-10,13.1,26.0,32.0,0.0,5322.0
2015-12-11,14.2,19.2,13.0,0.0,5420.0
2015-12-12,10.1,18.3,27.9,2.0,1662.0
2015-12-13,10.3,28.3,28.6,0.0,1192.0
2015-12-14,11.9,22.7,31.6,0.0,4981.0
2015-12-15,14.4,24.6,30.3,0.0,5217.0
2015-12-16,15.6,27.5,32.5,0.0,6021.0
2015-12-17,16.9,37.2,33.1,0.0,5462.0
2015-12-18,19.4,35.4,31.2,0.0,5086.0
2015-12-19,19.2,41.2,20.5,0.0,1085.0
2015-12-20,25.9,37.8,10.4,0.0,862.0
2015-12-21,15.0,20.2,25.4,6.0,4401.0
2015-12-22,12.0,22.8,32.9,0.0,4490.0
2015-12-23,15.1,26.0,32.4,0.0,4771.0
2015-12-24,16.7,34.6,32.8,0.4,2903.0
2015-12-25,21.7,34.1,33.3,0.0,665.0
2015-12-26,12.7,20.0,19.2,30.6,766.0
2015-12-27,11.9,19.4,27.6,5.2,970.0
2015-12-28,12.8,20.8,33.2,0.0,939.0
2015-12-29,12.4,23.9,33.0,0.0,2906.0
2015-12-30,13.9,34.7,32.8,0.0,3293.0
2015-12-31,19.7,39.7,29.6,0.0,3999.0
2016-01-01,19.8,24.2,22.0,0.0,2723.0
2016-01-02,17.1,27.6,25.1,0.0,1057.0
2016-01-03,17.5,27.1,25.7,0.0,858.0
2016-01-04,16.3,26.0,15.3,0.0,3466.0
2016-01-05,17.1,25.7,25.8,0.0,3836.0
2016-01-06,17.3,25.7,18.1,0.0,3805.0
2016-01-07,16.3,21.3,30.4,0.0,3870.0
2016-01-08,16.2,20.6,25.4,0.0,3828.0
2016-01-09,16.8,21.4,21.3,0.0,1774.0
2016-01-10,15.7,31.5,31.3,0.0,943.0
2016-01-11,17.2,36.4,15.8,0.0,4075.0
2016-01-12,17.1,24.8,29.1,0.8,4804.0
2016-01-13,16.8,42.2,25.0,0.2,4491.0
2016-01-14,16.1,18.1,3.9,0.4,4392.0
2016-01-15,13.6,19.2,19.7,1.0,4455.0
2016-01-16,11.9,22.3,32.6,0.0,1422.0
2016-01-17,14.9,32.7,31.5,0.0,1124.0
2016-01-18,18.6,35.3,30.4,0.0,5364.0
2016-01-19,17.9,30.9,27.2,0.0,4991.0
2016-01-20,19.3,29.1,18.6,1.0,5150.0
2016-01-21,19.0,26.7,14.9,0.8,4752.0
2016-01-22,17.5,22.8,6.5,1.6,4596.0
2016-01-23,17.3,21.9,23.2,7.0,1400.0
2016-01-24,16.2,22.2,23.4,5.2,1020.0
2016-01-25,16.7,20.9,25.7,0.4,3703.0
2016-01-26,16.5,29.4,28.7,0.0,2958.0
2016-01-27,19.3,29.5,22.2,0.0,4848.0
2016-01-28,20.3,27.5,19.0,3.6,4722.0
2016-01-29,14.4,18.3,14.3,14.2,5012.0
2016-01-30,12.3,22.4,24.0,1.2,1403.0
2016-01-31,13.9,21.8,26.3,10.6,964.0
2016-02-01,12.5,23.6,29.4,0.0,5112.0
2016-02-02,15.4,31.5,25.5,0.0,5842.0
2016-02-03,18.1,21.0,11.0,0.6,5159.0
2016-02-04,17.3,20.9,21.7,2.4,5570.0
2016-02-05,15.3,29.4,29.0,0.0,6349.0
2016-02-06,16.5,32.6,28.8,0.0,2667.0
2016-02-07,19.1,27.7,28.5,0.0,1536.0
2016-02-08,19.2,22.9,23.3,0.0,5501.0
2016-02-09,17.4,22.7,27.7,0.0,5862.0
2016-02-10,17.4,23.3,25.3,0.0,5598.0
2016-02-11,18.0,23.8,27.6,0.0,6650.0
2016-02-12,16.7,24.9,27.9,0.0,7591.0
2016-02-13,17.7,30.3,23.4,0.0,6253.0
2016-02-14,16.4,24.5,22.9,0.0,3956.0
2016-02-15,14.0,26.1,25.4,0.0,5666.0
2016-02-16,13.7,18.4,14.5,3.6,5215.0
2016-02-17,12.7,21.1,16.2,0.6,5279.0
2016-02-18,15.5,22.6,20.6,1.2,5462.0
2016-02-19,15.8,22.0,11.2,0.2,5095.0
2016-02-20,15.8,20.8,23.8,0.0,1647.0
2016-02-21,12.6,24.7,26.5,0.0,1302.0
2016-02-22,15.6,29.5,8.4,0.0,4571.0
2016-02-23,18.1,39.4,19.4,0.0,4997.0
2016-02-24,22.4,25.6,15.8,0.0,4833.0
2016-02-25,19.6,26.4,13.8,0.4,4798.0
2016-02-26,15.5,23.5,19.3,0.0,3884.0
2016-02-27,17.7,22.2,17.7,0.0,1390.0
2016-02-28,17.7,22.7,21.5,0.0,1174.0
2016-02-29,15.0,23.7,18.2,0.0,4556.0
2016-03-01,17.3,33.7,23.4,0.0,5433.0
2016-03-02,17.6,34.7,22.6,0.0,5487.0
2016-03-03,17.4,23.9,21.8,0.2,5486.0
2016-03-04,16.5,33.0,21.2,0.2,5986.0
2016-03-05,20.4,23.7,11.4,1.2,1355.0
2016-03-06,17.4,25.2,21.3,0.0,1222.0
2016-03-07,18.6,24.9,7.9,3.2,5004.0
2016-03-08,19.9,38.9,20.8,0.6,5721.0
2016-03-09,20.8,28.5,10.8,0.0,4311.0
2016-03-10,18.1,22.1,3.9,0.6,5484.0
2016-03-11,18.8,26.1,19.6,8.4,5566.0
2016-03-12,18.7,22.3,7.0,0.2,1829.0
2016-03-13,17.7,23.2,13.8,0.0,1350.0
2016-03-14,18.4,21.3,10.6,0.0,1278.0
2016-03-15,15.1,26.8,20.7,0.0,5409.0
2016-03-16,15.3,31.4,18.9,0.0,5640.0
2016-03-17,18.3,32.5,19.6,0.0,5745.0
2016-03-18,15.2,19.5,6.7,13.4,5347.0
2016-03-19,12.0,18.8,10.7,5.8,1604.0
2016-03-20,10.1,23.3,19.0,0.2,1580.0
2016-03-21,11.2,23.5,19.7,0.0,5306.0
2016-03-22,11.4,24.3,21.1,0.0,5577.0
2016-03-23,13.7,28.8,12.7,0.0,5672.0
2016-03-24,16.3,21.2,10.4,0.0,5214.0
2016-03-25,15.9,20.4,14.4,0.0,1226.0
2016-03-26,14.1,20.2,8.2,0.4,1682.0
2016-03-27,14.3,19.9,14.0,1.0,1435.0
2016-03-28,9.4,19.2,13.0,0.2,1036.0
2016-03-29,14.5,17.9,5.7,0.0,4702.0
2016-03-30,15.5,18.7,8.5,0.0,4657.0
2016-03-31,11.3,22.7,17.1,0.0,5594.0
2016-04-01,13.1,26.5,16.7,0.0,5636.0
2016-04-02,15.5,19.5,8.3,0.0,1887.0
2016-04-03,11.3,18.8,15.4,0.0,1552.0
2016-04-04,9.7,21.2,18.4,0.0,5204.0
2016-04-05,12.3,29.0,17.1,0.0,5842.0
2016-04-06,13.6,15.6,3.9,12.8,5244.0
2016-04-07,8.3,18.4,13.1,6.8,5718.0
2016-04-08,11.9,20.0,9.6,0.0,5810.0
2016-04-09,10.4,22.3,13.0,0.0,1937.0
2016-04-10,13.6,23.5,9.6,0.0,1674.0
2016-04-11,14.5,20.1,14.1,0.0,5211.0
2016-04-12,14.0,18.7,13.5,0.2,5437.0
2016-04-13,11.3,20.0,12.6,0.2,5536.0
2016-04-14,11.6,27.0,12.7,0.0,5798.0
2016-04-15,13.4,27.0,15.9,0.0,6091.0
2016-04-16,14.0,20.3,8.3,0.0,2006.0
2016-04-17,13.1,19.8,14.7,0.0,1447.0
2016-04-18,9.8,25.0,15.0,0.0,5602.0
2016-04-19,13.6,27.4,14.5,0.0,5931.0
2016-04-20,15.3,28.0,14.0,0.0,6041.0
2016-04-21,17.1,24.2,5.6,0.4,5356.0
2016-04-22,14.6,16.7,7.9,21.6,5620.0
2016-04-23,12.3,18.6,8.5,0.0,1721.0
2016-04-24,9.1,20.0,14.8,0.0,1949.0
2016-04-25,9.9,25.0,14.8,0.0,1591.0
2016-04-26,11.3,25.6,14.6,0.0,5909.0
2016-04-27,13.0,25.4,13.5,0.0,5925.0
2016-04-28,19.8,24.9,5.3,0.0,6012.0
2016-04-29,16.9,20.6,3.7,0.4,6248.0
2016-04-30,16.4,24.1,12.7,6.2,1995.0
2016-05-01,14.4,17.0,9.0,9.8,839.0
2016-05-02,9.0,18.4,12.3,0.4,5465.0
2016-05-03,12.3,20.1,8.8,0.0,5844.0
2016-05-04,9.8,18.2,11.8,0.2,6052.0
2016-05-05,12.6,20.5,12.3,0.0,5941.0
2016-05-06,15.9,24.7,13.2,0.0,6251.0
2016-05-07,11.4,25.7,12.6,0.0,1847.0
2016-05-08,15.5,20.4,3.5,5.4,1776.0
2016-05-09,15.4,22.2,6.7,0.8,5223.0
2016-05-10,13.7,17.2,7.6,12.0,5598.0
2016-05-11,12.2,17.4,6.3,0.2,7647.0
2016-05-12,14.1,21.4,6.1,0.2,5821.0
2016-05-13,15.9,21.6,9.9,0.0,5737.0
2016-05-14,14.5,21.7,12.6,0.0,1968.0
2016-05-15,15.0,22.0,6.7,0.0,1431.0
2016-05-16,7.7,19.6,8.9,0.0,5537.0
2016-05-17,11.4,17.1,5.4,0.2,5559.0
2016-05-18,13.0,19.3,7.2,0.0,5510.0
2016-05-19,14.6,18.4,2.2,0.0,5941.0
2016-05-20,11.6,17.4,8.3,1.8,5982.0
2016-05-21,8.1,18.5,8.9,0.0,2429.0
2016-05-22,9.2,22.2,8.5,0.0,1709.0
2016-05-23,12.8,17.2,7.1,2.2,5465.0
2016-05-24,10.7,15.8,7.3,1.8,6066.0
2016-05-25,7.6,15.6,4.9,0.0,5510.0
2016-05-26,10.3,12.5,3.1,12.4,5184.0
2016-05-27,9.2,14.4,8.0,4.8,5952.0
2016-05-28,5.7,13.2,6.2,0.6,1722.0
2016-05-29,8.7,13.9,6.5,4.2,1429.0
2016-05-30,7.2,15.4,9.5,0.0,5968.0
2016-05-31,3.6,17.4,9.5,0.0,6162.0
2016-06-01,4.8,17.0,8.2,0.0,6114.0
2016-06-02,4.8,12.8,9.2,0.0,5935.0
2016-06-03,6.8,14.1,8.5,0.0,5891.0
2016-06-04,9.8,13.4,3.7,6.2,1576.0
2016-06-05,10.5,14.1,3.3,3.4,1225.0
2016-06-06,8.9,14.5,7.1,1.4,5891.0
2016-06-07,10.5,15.3,4.7,0.0,6277.0
2016-06-08,9.7,14.7,4.7,1.2,5584.0
2016-06-09,10.8,17.5,6.0,1.4,6138.0
2016-06-10,10.4,15.8,6.6,0.0,6129.0
2016-06-11,9.0,13.5,6.5,3.0,2121.0
2016-06-12,5.0,13.8,7.3,0.6,2026.0
2016-06-13,3.8,13.4,9.0,0.0,1155.0
2016-06-14,8.6,15.6,8.3,0.0,5877.0
2016-06-15,6.0,17.9,9.2,0.0,5591.0
2016-06-16,7.8,14.3,5.1,0.0,5694.0
2016-06-17,9.3,15.1,3.5,4.2,5882.0
2016-06-18,10.0,12.7,5.3,8.6,2113.0
2016-06-19,7.3,13.5,7.2,0.4,1168.0
2016-06-20,9.1,13.2,3.4,3.6,4405.0
2016-06-21,10.4,14.7,7.0,3.2,5744.0
2016-06-22,11.2,15.4,6.6,0.0,5577.0
2016-06-23,10.4,14.8,7.2,0.6,5480.0
2016-06-24,6.9,10.7,5.8,13.8,5535.0
2016-06-25,5.6,12.7,8.8,2.0,1972.0
2016-06-26,3.0,11.1,7.7,0.2,1073.0
2016-06-27,4.8,10.6,4.7,0.2,5116.0
2016-06-28,5.0,17.0,7.8,0.2,5439.0
2016-06-29,8.9,15.8,8.9,0.2,5544.0
2016-06-30,10.3,11.7,5.6,0.0,5616.0
2016-07-01,7.3,14.1,7.1,6.4,5998.0
2016-07-02,9.9,16.5,6.7,0.2,1767.0
2016-07-03,10.9,16.7,7.8,0.0,1160.0
2016-07-04,10.4,12.7,3.6,0.0,5488.0
2016-07-05,8.2,12.8,1.8,0.6,4445.0
2016-07-06,9.8,13.0,4.6,22.6,5290.0
2016-07-07,10.5,13.7,4.1,3.8,5296.0
2016-07-08,9.7,15.3,7.4,0.8,6550.0
2016-07-09,5.3,15.2,9.5,0.2,2499.0
2016-07-10,6.5,14.2,3.6,0.0,1458.0
2016-07-11,8.3,16.0,7.6,3.6,5826.0
2016-07-12,10.7,13.7,8.1,0.0,5932.0
2016-07-13,4.5,12.0,9.0,0.4,5924.0
2016-07-14,6.6,14.0,7.8,1.0,5956.0
2016-07-15,8.8,14.1,7.2,0.0,6141.0
2016-07-16,7.8,13.7,10.2,0.0,2169.0
2016-07-17,3.1,16.1,10.3,0.0,1469.0
2016-07-18,9.6,17.7,8.8,0.0,5512.0
2016-07-19,12.6,16.0,5.7,0.0,5558.0
2016-07-20,9.8,16.1,9.2,1.8,5718.0
2016-07-21,6.9,18.1,7.4,1.8,6011.0
2016-07-22,9.2,18.3,5.1,7.8,6781.0
2016-07-23,7.5,11.6,9.0,2.8,2030.0
2016-07-24,4.7,11.4,10.3,0.8,1485.0
2016-07-25,6.3,14.3,7.5,0.0,5327.0
2016-07-26,6.5,11.0,7.2,4.8,5766.0
2016-07-27,7.5,12.9,6.9,0.4,5623.0
2016-07-28,6.9,15.2,6.3,0.0,6092.0
2016-07-29,10.2,15.3,5.0,0.0,6232.0
2016-07-30,9.1,13.8,8.5,2.4,2852.0
2016-07-31,10.3,17.0,11.3,2.0,1453.0
2016-08-01,11.2,14.4,5.2,2.8,4550.0
2016-08-02,8.5,13.4,11.2,14.4,6189.0
2016-08-03,8.7,12.8,8.4,2.8,5695.0
2016-08-04,4.9,14.6,11.1,0.8,6048.0
2016-08-05,3.4,14.6,8.7,0.0,6323.0
2016-08-06,5.8,14.4,7.0,0.0,2217.0
2016-08-07,7.6,16.6,10.4,0.0,1622.0
2016-08-08,5.0,14.2,8.0,0.0,5727.0
2016-08-09,9.7,18.9,7.8,0.0,6066.0
2016-08-10,9.6,15.3,11.3,0.0,5872.0
2016-08-11,6.8,15.7,10.3,8.2,5953.0
2016-08-12,7.7,14.1,11.7,0.0,6825.0
2016-08-13,7.9,15.1,9.5,1.6,2270.0
2016-08-14,8.5,18.7,11.6,0.2,1443.0
2016-08-15,10.2,18.1,13.4,0.0,5200.0
2016-08-16,10.0,18.2,13.5,0.0,6180.0
2016-08-17,12.5,15.6,9.6,0.4,5786.0
2016-08-18,7.1,21.6,13.1,0.0,6159.0
2016-08-19,15.3,16.4,2.7,0.2,5401.0
2016-08-20,6.9,13.6,9.7,9.4,1828.0
2016-08-21,9.5,14.8,7.0,1.2,1325.0
2016-08-22,7.8,16.0,8.7,5.6,5096.0
2016-08-23,7.0,13.4,14.2,11.0,5581.0
2016-08-24,3.7,12.7,14.0,0.0,5742.0
2016-08-25,6.5,13.0,13.5,1.2,5642.0
2016-08-26,7.2,14.4,8.8,0.6,6599.0
2016-08-27,9.3,16.3,11.7,0.0,2134.0
2016-08-28,10.5,19.0,12.2,0.0,1777.0
2016-08-29,8.7,20.4,14.2,0.0,5575.0
2016-08-30,10.2,16.8,5.2,0.0,5511.0
2016-08-31,12.8,20.2,10.1,0.8,5710.0
2016-09-01,11.6,15.5,8.8,0.0,5893.0
2016-09-02,9.6,15.0,9.6,0.4,6045.0
2016-09-03,10.0,15.7,12.9,0.2,1771.0
2016-09-04,10.1,16.9,10.0,0.2,1045.0
2016-09-05,12.8,18.4,11.7,0.0,5469.0
2016-09-06,9.2,21.5,15.8,0.0,5884.0
2016-09-07,9.6,21.0,16.7,0.0,5952.0
2016-09-08,13.1,23.3,16.0,0.0,6228.0
2016-09-09,16.0,16.7,5.9,0.6,5156.0
2016-09-10,11.5,14.3,7.9,9.4,1595.0
2016-09-11,7.3,17.0,11.8,1.2,1125.0
2016-09-12,9.9,13.6,7.0,1.6,5182.0
2016-09-13,9.6,14.6,2.8,9.0,4770.0
2016-09-14,10.5,16.1,13.2,20.6,5153.0
2016-09-15,8.7,14.6,6.9,2.0,5452.0
2016-09-16,9.0,15.7,12.5,13.4,5786.0
2016-09-17,11.1,19.8,18.8,0.0,1678.0
2016-09-18,10.8,12.5,5.5,0.4,1106.0
2016-09-19,8.5,16.3,16.2,0.2,5127.0
2016-09-20,9.1,18.8,18.5,0.0,5542.0
2016-09-21,10.9,15.2,8.8,1.2,5208.0
2016-09-22,9.6,13.4,9.9,1.2,5308.0
2016-09-23,9.8,16.5,16.5,0.6,5211.0
2016-09-24,10.0,20.1,18.4,0.0,1752.0
2016-09-25,9.5,14.7,17.1,5.8,1710.0
2016-09-26,8.1,16.9,13.6,0.6,5302.0
2016-09-27,7.4,14.8,13.4,12.6,5310.0
2016-09-28,7.5,19.3,19.6,2.2,5822.0
2016-09-29,12.5,16.7,16.2,1.8,6310.0
2016-09-30,9.3,16.4,16.6,2.0,1958.0
2016-10-01,11.6,18.6,11.9,1.6,1451.0
2016-10-02,12.1,24.0,18.7,0.0,1065.0
2016-10-03,11.1,15.9,13.7,9.2,4710.0
2016-10-04,10.6,17.1,13.2,2.0,5505.0
2016-10-05,8.0,17.1,7.5,2.8,5657.0
2016-10-06,9.7,27.2,22.6,0.0,5763.0
2016-10-07,14.1,22.5,7.8,0.0,5692.0
2016-10-08,9.7,16.9,23.0,0.0,2048.0
2016-10-09,9.5,22.0,14.1,0.0,1283.0
2016-10-10,13.0,16.8,18.4,0.8,5434.0
2016-10-11,7.5,15.1,16.7,1.4,6650.0
2016-10-12,10.2,15.4,12.9,0.0,5622.0
2016-10-13,6.8,14.6,22.8,4.2,5695.0
2016-10-14,5.2,22.7,24.5,0.2,5879.0
2016-10-15,9.4,24.8,21.8,0.0,2284.0
2016-10-16,17.4,23.1,8.0,0.0,1066.0
2016-10-17,9.8,18.9,14.8,9.8,5004.0
2016-10-18,9.6,16.6,16.5,1.0,5740.0
2016-10-19,7.5,16.5,22.1,2.6,5583.0
2016-10-20,6.8,21.8,25.6,0.0,6243.0
2016-10-21,14.8,17.6,1.9,0.0,5778.0
2016-10-22,6.9,13.2,16.9,16.4,1882.0
2016-10-23,7.9,14.1,18.7,8.8,1125.0
2016-10-24,9.4,17.1,20.3,0.4,5077.0
2016-10-25,9.6,25.7,23.1,0.2,5824.0
2016-10-26,16.5,18.5,9.0,0.0,5492.0
2016-10-27,10.1,15.4,25.8,0.2,5708.0
2016-10-28,6.3,16.6,26.5,0.0,5745.0
2016-10-29,9.3,25.6,25.8,0.0,1659.0
2016-10-30,12.7,28.0,19.5,0.0,1114.0
2016-10-31,7.9,17.5,19.0,1.8,4075.0
2016-11-01,9.4,18.4,17.7,0.4,1385.0
2016-11-02,9.7,18.5,13.3,0.4,5161.0
2016-11-03,10.0,19.1,28.0,0.0,5610.0
2016-11-04,10.2,29.2,24.9,0.0,5765.0
2016-11-05,10.0,16.8,10.8,0.0,1520.0
2016-11-06,11.5,21.4,25.2,0.0,1054.0
2016-11-07,14.6,25.9,15.9,0.0,5323.0
2016-11-08,11.0,18.2,28.9,0.2,5791.0
2016-11-09,9.2,17.4,22.0,0.0,5338.0
2016-11-10,11.9,17.5,20.3,0.0,6045.0
2016-11-11,8.4,23.8,29.1,0.0,4971.0
2016-11-12,13.2,25.5,17.0,2.0,2181.0
2016-11-13,11.7,19.0,9.7,2.0,1260.0
2016-11-14,11.5,15.9,14.8,8.6,5282.0
2016-11-15,11.0,19.2,17.1,0.0,5718.0
2016-11-16,11.9,21.6,25.8,0.0,5746.0
2016-11-17,12.0,31.4,28.8,0.0,5989.0
2016-11-18,15.3,18.9,15.6,0.0,5348.0
2016-11-19,11.7,19.4,29.9,0.0,1592.0
2016-11-20,11.9,33.3,22.1,0.0,1315.0
2016-11-21,17.9,35.0,19.8,0.0,5256.0
2016-11-22,14.5,14.9,1.5,8.6,5567.0
2016-11-23,11.0,16.8,16.9,5.4,5597.0
2016-11-24,10.3,17.0,21.6,2.2,5500.0
2016-11-25,10.9,17.9,15.7,0.8,5446.0
2016-11-26,12.2,17.4,18.8,0.0,1845.0
2016-11-27,11.6,16.3,10.1,0.4,1237.0
2016-11-28,12.2,19.6,24.4,0.2,5615.0
2016-11-29,10.4,20.0,31.0,0.2,5699.0
2016-11-30,13.3,18.9,9.6,0.0,5018.0
2016-12-01,12.9,21.9,28.0,0.0,5537.0
2016-12-02,13.0,21.6,29.7,0.0,5733.0
2016-12-03,9.9,23.9,31.2,0.0,2064.0
2016-12-04,12.7,31.7,14.1,0.0,1249.0
2016-12-05,16.9,21.5,21.6,2.4,5263.0
2016-12-06,12.8,20.8,24.2,0.0,5892.0
2016-12-07,10.5,28.3,30.8,0.0,5878.0
2016-12-08,15.4,23.2,11.6,2.2,5903.0
2016-12-09,10.0,17.3,23.2,6.6,7518.0
2016-12-10,11.2,18.8,24.2,0.2,3249.0
2016-12-11,12.9,19.3,27.0,1.0,1550.0
2016-12-12,10.7,32.8,30.0,0.0,5917.0
2016-12-13,16.5,36.3,14.1,0.0,5670.0
2016-12-14,15.7,19.3,21.3,0.0,6649.0
2016-12-15,11.7,18.6,30.8,0.0,6129.0
2016-12-16,9.7,25.5,20.5,0.0,6188.0
2016-12-17,15.1,20.9,22.5,0.0,1672.0
2016-12-18,10.0,17.5,30.3,0.0,1091.0
2016-12-19,8.8,30.2,29.3,0.0,5454.0
2016-12-20,14.4,21.5,26.0,3.0,5406.0
2016-12-21,13.5,19.9,28.8,0.2,5694.0
2016-12-22,14.6,20.0,29.6,0.0,5744.0
2016-12-23,12.5,26.3,28.7,0.0,4228.0
2016-12-24,16.2,34.9,26.3,0.8,1036.0
2016-12-25,16.4,36.3,32.3,0.2,888.0
2016-12-26,25.4,29.3,10.2,0.0,806.0
2016-12-27,18.0,29.8,5.8,1.6,930.0
2016-12-28,20.3,38.2,15.1,1.0,2502.0
2016-12-29,27.0,33.5,15.7,0.0,2618.0
2016-12-30,20.1,27.8,28.8,20.4,2638.0
2016-12-31,17.3,23.8,30.8,0.0,3085.0
2017-01-01,16.8,21.1,8.5,0.0,3254.0
2017-01-02,14.8,17.8,7.8,0.4,1044.0
2017-01-03,14.6,19.5,25.9,0.4,3744.0
2017-01-04,13.3,29.3,31.6,0.0,3626.0
2017-01-05,18.5,31.7,29.7,0.0,4115.0
2017-01-06,18.3,35.2,30.1,0.0,3985.0
2017-01-07,20.9,36.7,28.5,0.0,1973.0
2017-01-08,28.0,33.1,29.3,0.0,982.0
2017-01-09,18.5,24.4,14.3,0.0,4699.0
2017-01-10,17.7,26.2,28.6,0.0,4921.0
2017-01-11,16.6,24.3,25.9,0.0,4646.0
2017-01-12,14.9,26.5,30.7,0.0,5660.0
2017-01-13,17.5,28.8,1.3,1.4,5219.0
2017-01-14,15.2,23.5,16.5,2.6,1426.0
2017-01-15,15.2,21.5,22.7,0.0,1168.0
2017-01-16,12.2,32.7,30.5,0.0,5336.0
2017-01-17,16.4,37.8,25.5,0.0,5336.0
2017-01-18,15.6,20.8,27.5,0.0,5171.0
2017-01-19,11.0,23.4,29.7,0.0,5569.0
2017-01-20,16.1,20.8,13.2,22.6,5364.0
2017-01-21,15.3,22.6,25.1,0.6,1538.0
2017-01-22,12.7,29.6,30.3,0.0,1247.0
2017-01-23,17.8,36.7,19.2,0.0,5181.0
2017-01-24,19.1,22.0,27.6,0.6,5438.0
2017-01-25,13.5,21.1,29.8,0.0,5414.0
2017-01-26,16.4,21.2,16.9,0.0,3844.0
2017-01-27,17.0,23.6,29.3,0.0,4140.0
2017-01-28,15.0,29.2,29.2,0.0,1588.0
2017-01-29,15.1,27.0,29.4,0.0,1091.0
2017-01-30,17.8,30.0,3.7,0.0,5268.0
2017-01-31,16.5,22.1,26.8,3.0,5670.0
2017-02-01,14.3,20.6,9.3,0.0,4737.0
2017-02-02,14.2,24.1,28.2,0.0,5729.0
2017-02-03,15.4,27.6,28.1,0.0,5801.0
2017-02-04,14.6,35.9,27.3,0.0,1889.0
2017-02-05,18.5,30.7,9.3,0.0,858.0
2017-02-06,15.1,18.0,3.9,32.4,5058.0
2017-02-07,15.4,27.6,27.9,0.0,5934.0
2017-02-08,16.5,36.0,27.7,0.0,5766.0
2017-02-09,20.3,36.0,24.4,0.0,5583.0
2017-02-10,18.7,27.1,21.3,0.0,5816.0
2017-02-11,18.5,24.6,21.0,0.0,1439.0
2017-02-12,15.1,19.9,12.6,2.0,1114.0
2017-02-13,14.0,21.0,20.5,0.0,5362.0
2017-02-14,14.5,19.5,15.6,0.6,5982.0
2017-02-15,10.0,31.5,26.0,0.0,5898.0
2017-02-16,14.9,23.6,23.2,0.0,6009.0
2017-02-17,13.7,25.5,18.4,0.0,5836.0
2017-02-18,13.3,18.9,16.1,0.0,1781.0
2017-02-19,11.7,17.3,9.9,0.0,1003.0
2017-02-20,11.6,20.3,22.4,3.6,5542.0
2017-02-21,10.1,24.0,25.0,0.2,5532.0
2017-02-22,12.8,33.3,23.1,0.0,5740.0
2017-02-23,15.9,25.0,23.5,0.0,5960.0
2017-02-24,15.8,20.0,13.2,1.4,5197.0
2017-02-25,13.7,19.4,23.9,0.0,1740.0
2017-02-26,13.2,29.8,24.2,0.0,1328.0
2017-02-27,15.6,33.1,23.9,0.0,5831.0
2017-02-28,17.3,33.6,23.6,0.0,6016.0
2017-03-01,16.6,30.5,23.7,0.0,5898.0
2017-03-02,17.7,23.3,22.0,0.0,5931.0
2017-03-03,18.1,28.6,18.1,0.0,5659.0
2017-03-04,16.1,27.4,23.0,0.0,1724.0
2017-03-05,17.6,25.4,16.8,0.2,1095.0
2017-03-06,17.7,27.4,22.3,0.0,5666.0
2017-03-07,15.0,28.2,22.4,0.0,5989.0
2017-03-08,14.2,31.5,22.1,0.0,5919.0
2017-03-09,15.0,32.3,21.1,0.0,6220.0
2017-03-10,18.5,23.8,19.4,0.0,8030.0
2017-03-11,18.0,26.4,13.9,0.0,1849.0
2017-03-12,17.9,27.1,19.6,0.0,1282.0
2017-03-13,15.7,24.3,20.7,0.2,1719.0
2017-03-14,18.8,32.7,20.8,0.0,5373.0
2017-03-15,20.8,33.2,18.9,0.0,5480.0
2017-03-16,21.7,23.0,4.8,1.8,5646.0
2017-03-17,15.8,22.1,20.1,0.0,6123.0
2017-03-18,12.4,30.8,19.9,0.0,5503.0
2017-03-19,14.5,33.5,19.7,0.0,4432.0
2017-03-20,19.3,28.0,11.3,0.0,5558.0
2017-03-21,19.9,26.1,6.1,4.4,5875.0
2017-03-22,17.8,21.8,7.3,9.2,5270.0
2017-03-23,16.2,25.1,17.2,0.0,5860.0
2017-03-24,13.9,24.7,16.1,0.0,6049.0
2017-03-25,15.3,29.7,13.5,0.0,2376.0
2017-03-26,19.3,26.7,14.6,0.0,1613.0
2017-03-27,19.3,31.9,7.6,0.0,5740.0
2017-03-28,11.9,24.3,17.8,4.2,5825.0
2017-03-29,13.9,27.2,14.7,0.2,5839.0
2017-03-30,10.2,17.9,13.0,3.4,6081.0
2017-03-31,10.1,17.9,12.3,2.8,6677.0
2017-04-01,10.0,19.0,13.5,0.0,1693.0
2017-04-02,11.7,18.2,10.1,0.4,1364.0
2017-04-03,8.2,21.5,16.8,0.0,5743.0
2017-04-04,10.0,24.4,16.4,0.0,5915.0
2017-04-05,11.0,25.4,15.8,0.0,5856.0
2017-04-06,12.0,26.6,13.5,0.0,6115.0
2017-04-07,12.7,26.2,15.6,0.0,6110.0
2017-04-08,18.6,28.1,13.8,0.0,2096.0
2017-04-09,11.7,15.2,6.5,10.6,1458.0
2017-04-10,9.0,17.0,3.0,25.4,5428.0
2017-04-11,12.3,18.5,13.5,15.4,5981.0
2017-04-12,10.8,19.3,14.0,0.0,5790.0
2017-04-13,10.9,22.2,13.9,0.0,5923.0
2017-04-14,13.0,17.9,8.9,0.0,1978.0
2017-04-15,11.8,17.3,9.7,0.0,1719.0
2017-04-16,9.9,22.6,10.1,0.0,1570.0
2017-04-17,11.1,18.3,10.9,0.0,1020.0
2017-04-18,9.5,20.4,13.7,0.0,5321.0
2017-04-19,13.0,26.9,12.7,0.0,5589.0
2017-04-20,14.6,26.5,12.4,0.0,6247.0
2017-04-21,16.5,20.9,3.6,9.4,4809.0
2017-04-22,16.9,22.5,11.8,4.6,1965.0
2017-04-23,14.4,21.8,11.9,0.0,1935.0
2017-04-24,15.9,24.7,9.9,0.0,4587.0
2017-04-25,16.2,17.7,5.8,21.6,1011.0
2017-04-26,10.1,14.5,6.4,20.0,5420.0
2017-04-27,8.3,15.6,7.1,15.4,6039.0
2017-04-28,9.4,19.8,6.0,0.4,6356.0
2017-04-29,14.9,18.1,7.9,0.2,1786.0
2017-04-30,13.6,17.8,7.3,0.0,1741.0
2017-05-01,13.6,20.4,8.7,0.0,5889.0
2017-05-02,10.4,15.2,9.4,2.4,5831.0
2017-05-03,7.4,15.3,10.8,0.8,5975.0
2017-05-04,5.8,16.9,12.0,0.0,6158.0
2017-05-05,6.2,20.5,10.6,0.0,6526.0
2017-05-06,9.6,20.0,6.1,0.2,2248.0
2017-05-07,8.9,14.8,9.4,1.4,1168.0
2017-05-08,10.1,15.8,7.2,1.8,5496.0
2017-05-09,10.9,15.9,7.3,1.6,6021.0
2017-05-10,8.1,17.7,11.3,0.0,6004.0
2017-05-11,6.1,16.5,8.6,0.0,6133.0
2017-05-12,5.9,19.5,9.9,0.0,6222.0
2017-05-13,8.4,15.6,10.1,0.2,2127.0
2017-05-14,6.4,15.1,7.7,0.0,1413.0
2017-05-15,6.3,16.9,8.2,0.0,5409.0
2017-05-16,5.6,18.2,9.0,0.0,5847.0
2017-05-17,7.6,17.0,3.8,0.0,5555.0
2017-05-18,10.7,20.2,9.8,0.8,5849.0
2017-05-19,10.2,17.8,2.5,0.0,5758.0
2017-05-20,10.2,19.3,9.8,0.0,1930.0
2017-05-21,10.8,18.7,6.8,0.0,1616.0
2017-05-22,10.4,20.3,10.1,0.0,5708.0
2017-05-23,12.8,19.3,7.4,0.0,5906.0
2017-05-24,11.7,17.1,8.0,0.0,7486.0
2017-05-25,13.7,18.5,5.7,0.0,5855.0
2017-05-26,13.1,18.0,8.2,0.0,5749.0
2017-05-27,11.9,17.8,8.3,0.0,1844.0
2017-05-28,10.2,15.3,7.6,6.8,1555.0
2017-05-29,7.7,14.8,8.0,1.4,5410.0
2017-05-30,9.3,13.1,6.9,2.2,5666.0
2017-05-31,6.7,13.0,8.5,5.4,5872.0
2017-06-01,7.9,13.9,4.7,0.4,6069.0
2017-06-02,8.0,14.7,7.3,0.0,6132.0
2017-06-03,9.9,14.3,8.3,0.0,2357.0
2017-06-04,4.4,15.8,9.3,0.0,1202.0
2017-06-05,5.6,17.5,5.0,0.0,5407.0
2017-06-06,8.7,13.9,6.3,6.4,5721.0
2017-06-07,5.9,14.3,9.2,0.0,5772.0
2017-06-08,3.6,15.0,7.2,0.0,5865.0
2017-06-09,6.6,15.0,7.8,1.8,5866.0
2017-06-10,7.0,15.8,8.9,0.0,1917.0
2017-06-11,3.4,15.5,8.6,0.2,1504.0
2017-06-12,6.0,15.9,5.1,0.0,1195.0
2017-06-13,8.8,15.1,6.6,0.0,5627.0
2017-06-14,4.0,17.4,8.9,0.0,5702.0
2017-06-15,7.7,19.0,7.4,0.0,5889.0
2017-06-16,6.6,17.1,8.9,0.0,6378.0
2017-06-17,4.2,15.5,9.2,0.0,1511.0
2017-06-18,5.4,16.3,7.9,0.0,1349.0
2017-06-19,7.1,16.1,6.0,0.0,5677.0
2017-06-20,6.4,15.8,9.2,0.0,5964.0
2017-06-21,7.8,13.5,5.0,0.6,5191.0
2017-06-22,6.7,14.1,6.7,0.2,5817.0
2017-06-23,7.4,14.9,8.2,0.0,6289.0
2017-06-24,8.3,12.3,7.3,1.4,1763.0
2017-06-25,8.6,14.3,5.3,0.0,1249.0
2017-06-26,8.8,12.6,7.8,1.4,5474.0
2017-06-27,6.0,12.1,4.4,0.0,5990.0
2017-06-28,6.8,14.1,5.4,0.0,5576.0
2017-06-29,9.2,13.7,5.0,0.0,5617.0
2017-06-30,7.1,12.3,8.4,4.4,6491.0
2017-07-01,1.1,12.7,9.3,0.0,2693.0
2017-07-02,0.8,14.3,9.2,0.0,2090.0
2017-07-03,3.8,13.9,3.9,0.0,5468.0
2017-07-04,9.0,16.2,6.4,3.0,5915.0
2017-07-05,10.1,15.8,6.5,0.0,5454.0
2017-07-06,4.8,15.0,8.7,0.0,5893.0
2017-07-07,8.0,14.2,9.4,0.0,5894.0
2017-07-08,5.3,13.5,5.1,0.0,2256.0
2017-07-09,7.3,14.6,7.3,0.8,1472.0
2017-07-10,7.0,16.0,5.7,0.0,5321.0
2017-07-11,6.9,14.3,9.7,0.4,5689.0
2017-07-12,3.2,15.1,9.8,0.0,5759.0
2017-07-13,4.8,13.3,5.5,0.0,5611.0
2017-07-14,9.9,15.9,8.6,2.0,6428.0
2017-07-15,4.5,12.0,9.4,0.0,1535.0
2017-07-16,3.0,12.5,7.8,0.0,1277.0
2017-07-17,5.7,15.3,6.3,0.0,5588.0
2017-07-18,9.7,14.5,5.8,0.2,5784.0
2017-07-19,8.9,13.2,7.7,5.0,5436.0
2017-07-20,7.9,10.7,5.9,0.6,5554.0
2017-07-21,3.3,13.8,10.3,4.2,5593.0
2017-07-22,5.4,12.4,7.0,0.0,1731.0
2017-07-23,8.4,14.1,5.4,0.0,1274.0
2017-07-24,8.1,16.1,8.3,7.0,5654.0
2017-07-25,9.8,17.2,9.0,0.0,5976.0
2017-07-26,10.9,15.0,8.7,2.4,5385.0
2017-07-27,4.4,14.2,8.7,2.0,6152.0
2017-07-28,6.2,14.3,9.8,2.8,5630.0
2017-07-29,9.7,17.9,10.1,0.0,2118.0
2017-07-30,11.3,18.1,8.3,0.0,1978.0
2017-07-31,6.7,14.8,11.5,0.0,5517.0
2017-08-01,3.5,15.5,11.5,0.0,5804.0
2017-08-02,3.4,12.9,7.5,0.0,5438.0
2017-08-03,3.1,9.0,4.4,0.0,5335.0
2017-08-04,4.3,12.1,7.2,6.6,5372.0
2017-08-05,8.8,14.2,11.7,0.0,1948.0
2017-08-06,9.0,13.0,8.2,0.0,1369.0
2017-08-07,7.7,12.3,7.3,4.2,5378.0
2017-08-08,7.9,15.0,7.5,2.2,5913.0
2017-08-09,8.9,16.8,11.5,0.0,5489.0
2017-08-10,11.4,18.8,8.4,0.0,5894.0
2017-08-11,10.3,16.4,9.3,0.0,6122.0
2017-08-12,10.3,17.9,9.9,2.8,2126.0
2017-08-13,9.4,18.7,11.1,2.0,1123.0
2017-08-14,12.3,20.1,12.6,0.0,5516.0
2017-08-15,10.4,17.5,3.2,0.2,5627.0
2017-08-16,12.1,18.1,10.9,0.8,5859.0
2017-08-17,9.3,15.6,9.1,1.8,5746.0
2017-08-18,8.0,12.2,9.4,2.8,5323.0
2017-08-19,5.9,11.8,11.6,7.2,2136.0
2017-08-20,5.1,13.3,13.9,2.0,1531.0
2017-08-21,6.8,12.7,7.9,0.6,5049.0
2017-08-22,5.7,16.8,11.1,1.6,5711.0
2017-08-23,8.3,18.1,9.7,0.0,5458.0
2017-08-24,5.2,13.3,13.0,9.2,5817.0
2017-08-25,4.9,15.0,13.3,0.6,6265.0
2017-08-26,9.9,15.3,8.5,0.0,1512.0
2017-08-27,5.8,10.7,11.8,7.8,1490.0
2017-08-28,5.8,11.8,14.6,0.6,5306.0
2017-08-29,5.4,12.9,9.1,0.0,5360.0
2017-08-30,7.7,13.8,12.3,0.6,5509.0
2017-08-31,4.0,16.7,15.9,0.2,6106.0
2017-09-01,3.7,17.0,14.4,0.0,5802.0
2017-09-02,7.3,18.4,6.3,0.0,1675.0
2017-09-03,13.4,17.2,6.3,0.0,956.0
2017-09-04,8.8,13.7,13.4,0.4,5109.0
2017-09-05,6.5,13.3,11.0,0.2,5194.0
2017-09-06,6.7,15.1,11.0,4.8,5303.0
2017-09-07,7.9,15.2,9.5,0.8,5290.0
2017-09-08,8.0,13.5,13.1,3.2,5243.0
2017-09-09,7.1,14.9,15.9,1.2,1425.0
2017-09-10,5.3,16.1,12.3,0.2,1034.0
2017-09-11,8.1,18.1,7.0,0.0,5544.0
2017-09-12,12.2,19.9,3.5,0.2,5588.0
2017-09-13,13.3,16.4,8.2,2.0,5508.0
2017-09-14,5.8,15.3,10.8,1.4,6115.0
2017-09-15,9.6,16.7,7.0,0.0,5643.0
2017-09-16,7.4,13.3,16.7,21.4,1333.0
2017-09-17,4.0,18.1,19.0,0.2,1091.0
2017-09-18,10.5,22.0,15.7,0.0,5563.0
2017-09-19,9.0,13.9,16.6,0.2,5722.0
2017-09-20,6.0,19.2,17.3,0.0,5579.0
2017-09-21,11.6,23.6,13.0,0.0,6064.0
2017-09-22,12.8,25.6,15.6,0.0,5824.0
2017-09-23,14.8,30.6,17.3,0.0,1540.0
2017-09-24,12.9,19.9,12.0,0.4,1263.0
2017-09-25,10.3,14.2,10.9,1.6,4926.0
2017-09-26,5.0,15.1,20.4,0.4,5658.0
2017-09-27,9.6,24.6,11.7,0.0,5828.0
2017-09-28,10.4,18.5,12.8,0.0,5869.0
2017-09-29,10.6,18.4,14.5,0.0,1900.0
2017-09-30,11.0,15.4,16.1,1.0,1741.0
2017-10-01,9.7,17.2,9.2,0.0,1452.0
2017-10-02,9.5,16.4,16.4,0.0,4840.0
2017-10-03,6.8,22.3,21.8,0.0,5516.0
2017-10-04,8.5,20.8,21.6,0.0,5673.0
2017-10-05,11.7,19.4,10.4,0.0,5085.0
2017-10-06,10.1,15.0,16.8,2.4,5054.0
2017-10-07,7.2,23.7,17.3,0.2,1787.0
2017-10-08,11.1,25.3,19.5,0.0,958.0
2017-10-09,14.0,18.7,16.7,2.4,4883.0
2017-10-10,8.0,18.8,23.6,0.2,5510.0
2017-10-11,9.8,25.6,7.5,0.0,5795.0
2017-10-12,10.5,19.2,15.6,10.0,5754.0
2017-10-13,13.1,16.7,12.5,0.0,5136.0
2017-10-14,8.2,16.1,23.6,0.0,1919.0
2017-10-15,6.8,17.6,24.5,0.0,1234.0
2017-10-16,11.3,28.6,23.8,0.0,5436.0
2017-10-17,12.8,30.2,24.9,0.0,6117.0
2017-10-18,14.5,30.9,25.1,0.0,5961.0
2017-10-19,21.7,25.6,9.8,0.0,5501.0
2017-10-20,11.3,16.2,24.0,2.6,5150.0
2017-10-21,11.0,15.4,12.8,0.0,1370.0
2017-10-22,11.1,16.0,13.0,0.0,1028.0
2017-10-23,11.9,19.0,21.8,0.0,5412.0
2017-10-24,12.1,20.5,18.7,0.2,5229.0
2017-10-25,13.3,18.5,12.5,11.4,5709.0
2017-10-26,12.9,16.8,12.2,0.2,5608.0
2017-10-27,10.3,27.4,26.1,0.0,6196.0
2017-10-28,15.0,21.4,16.8,0.4,2116.0
2017-10-29,11.5,28.6,27.1,0.0,1197.0
2017-10-30,8.8,17.0,17.0,4.4,5162.0
2017-10-31,8.1,16.4,24.8,6.0,5574.0
2017-11-01,11.9,18.0,14.2,0.4,5411.0
2017-11-02,11.3,17.4,17.0,1.4,5349.0
2017-11-03,9.4,16.6,20.5,1.4,5175.0
2017-11-04,8.3,15.8,24.6,0.4,1512.0
2017-11-05,6.4,17.6,24.1,0.0,1118.0
2017-11-06,10.9,16.1,18.9,0.0,4071.0
2017-11-07,10.0,15.8,18.8,3.4,1430.0
2017-11-08,12.1,16.9,25.4,0.0,5447.0
2017-11-09,8.7,21.8,28.8,0.0,5416.0
2017-11-10,12.1,27.2,23.7,0.0,5191.0
2017-11-11,14.8,24.7,28.8,0.0,1708.0
2017-11-12,13.2,23.3,25.0,0.0,1163.0
2017-11-13,13.7,33.0,29.5,0.0,6056.0
2017-11-14,18.2,33.9,29.5,0.0,5887.0
2017-11-15,21.5,31.4,16.9,0.0,5350.0
2017-11-16,18.1,21.3,4.8,3.6,5701.0
2017-11-17,16.4,26.8,22.9,4.2,5149.0
2017-11-18,16.1,28.1,20.1,0.0,1736.0
2017-11-19,15.1,29.3,27.5,24.8,1234.0
2017-11-20,16.6,30.8,28.6,0.0,5749.0
2017-11-21,17.8,32.9,29.5,0.0,6029.0
2017-11-22,18.7,32.6,30.6,0.0,5841.0
2017-11-23,16.2,31.9,18.9,0.0,5167.0
2017-11-24,18.6,30.7,13.8,1.0,5369.0
2017-11-25,19.3,32.5,17.0,0.4,1725.0
2017-11-26,19.4,28.3,0.0,3.4,1254.0
2017-11-27,16.5,21.2,20.5,1.4,5341.0
2017-11-28,13.7,31.0,31.1,0.2,6163.0
2017-11-29,18.5,35.8,28.3,0.0,5719.0
2017-11-30,22.5,34.9,23.1,0.0,5575.0
2017-12-01,21.5,23.5,1.6,1.8,4539.0
2017-12-02,14.7,16.4,0.7,20.6,1346.0
2017-12-03,11.5,17.1,14.4,43.8,1023.0
2017-12-04,12.4,17.5,7.9,5.4,5108.0
2017-12-05,10.8,22.8,22.9,1.8,6268.0
2017-12-06,13.6,21.3,23.6,0.0,6354.0
2017-12-07,11.6,21.9,19.8,0.0,5816.0
2017-12-08,11.4,18.7,28.5,25.2,6285.0
2017-12-09,12.7,23.0,19.2,0.0,1808.0
2017-12-10,14.5,22.2,31.4,0.0,1361.0
2017-12-11,16.4,20.7,26.3,0.0,5690.0
2017-12-12,15.8,26.4,31.3,0.0,5941.0
2017-12-13,15.8,37.6,32.0,0.0,6932.0
2017-12-14,20.5,23.1,21.7,0.0,5577.0
2017-12-15,14.1,26.4,32.1,0.0,6048.0
2017-12-16,13.8,24.6,31.0,0.0,1700.0
2017-12-17,15.7,24.5,30.5,0.0,995.0
2017-12-18,17.1,33.0,22.1,0.0,5206.0
2017-12-19,19.7,37.4,12.1,0.0,5150.0
2017-12-20,15.8,24.5,19.0,20.6,5175.0
2017-12-21,12.3,23.7,31.9,0.0,5876.0
2017-12-22,13.6,27.7,26.6,0.0,4925.0
2017-12-23,14.7,30.2,21.2,0.0,1329.0
2017-12-24,15.8,19.4,25.7,0.4,868.0
2017-12-25,15.1,21.4,29.0,0.0,884.0
2017-12-26,12.5,30.5,31.9,0.0,1031.0
2017-12-27,17.3,34.5,30.6,0.0,2797.0
2017-12-28,24.0,32.8,13.5,0.0,2730.0
2017-12-29,18.6,24.4,9.3,0.2,2940.0
2017-12-30,15.6,21.3,13.6,8.4,1271.0
2017-12-31,12.0,25.7,31.7,0.2,2554.0
2018-01-01,16.6,25.3,31.4,0.0,3064.0
2018-01-02,16.4,21.8,29.7,0.0,3564.0
2018-01-03,14.6,21.0,27.2,0.0,3348.0
2018-01-04,14.1,23.6,31.8,0.2,3502.0
2018-01-05,14.7,30.7,31.7,0.0,3324.0
2018-01-06,18.8,41.7,31.5,0.0,962.0
2018-01-07,18.7,21.8,11.0,0.0,766.0
2018-01-08,17.3,21.9,17.5,0.0,4333.0
2018-01-09,15.7,22.5,30.0,0.0,4686.0
2018-01-10,13.6,25.6,23.5,0.0,4690.0
2018-01-11,15.5,34.5,28.6,0.0,4975.0
2018-01-12,20.4,30.0,1.7,1.0,5043.0
2018-01-13,16.0,20.9,10.7,7.0,1410.0
2018-01-14,12.7,19.5,27.5,15.0,1076.0
2018-01-15,14.6,20.9,21.1,0.0,5150.0
2018-01-16,12.9,26.9,31.1,0.0,5576.0
2018-01-17,12.4,30.3,30.9,0.0,5507.0
2018-01-18,16.6,40.0,30.8,0.0,5383.0
2018-01-19,22.5,40.3,30.6,0.0,5062.0
2018-01-20,20.3,24.6,20.2,0.0,1267.0
2018-01-21,21.0,28.2,14.9,0.0,1133.0
2018-01-22,20.5,23.9,27.3,0.0,5494.0
2018-01-23,18.0,23.6,28.3,0.0,5530.0
2018-01-24,14.8,23.3,27.5,0.0,5425.0
2018-01-25,17.1,26.6,28.1,0.0,5490.0
2018-01-26,19.4,28.4,19.9,0.0,2027.0
2018-01-27,21.2,33.2,27.5,3.4,1446.0
2018-01-28,22.7,38.1,28.5,0.0,890.0
2018-01-29,27.8,33.5,7.3,0.0,4015.0
2018-01-30,15.6,21.0,14.1,38.8,6477.0
2018-01-31,14.6,19.1,19.6,0.0,5332.0
2018-02-01,12.1,22.5,28.9,0.2,5692.0
2018-02-02,13.4,22.1,28.4,0.0,5510.0
2018-02-03,15.8,28.1,26.7,0.0,1441.0
2018-02-04,14.7,25.7,28.5,0.0,1069.0
2018-02-05,17.0,25.7,24.0,0.0,5548.0
2018-02-06,17.7,29.9,27.6,0.0,6014.0
2018-02-07,18.7,37.4,27.1,0.0,5949.0
2018-02-08,20.6,27.5,15.8,0.0,5281.0
2018-02-09,20.4,24.9,17.2,0.0,5324.0
2018-02-10,18.7,30.3,6.6,0.0,1268.0
2018-02-11,15.5,21.2,18.5,0.0,1013.0
2018-02-12,16.3,23.6,22.2,0.0,5426.0
2018-02-13,13.6,29.0,26.0,0.0,5935.0
2018-02-14,17.5,23.3,22.8,0.0,5355.0
2018-02-15,13.5,24.2,18.4,0.0,5103.0
2018-02-16,15.7,22.2,24.8,0.0,5930.0
2018-02-17,12.4,25.3,24.1,0.0,1633.0
2018-02-18,13.6,24.0,20.5,0.0,1106.0
2018-02-19,17.6,25.4,20.9,0.8,5640.0
2018-02-20,14.1,29.5,25.5,0.0,5040.0
2018-02-21,16.0,29.3,16.0,0.0,4946.0
2018-02-22,20.3,31.0,16.8,0.0,5677.0
2018-02-23,21.2,33.5,13.4,0.2,5898.0
2018-02-24,22.7,31.6,4.8,0.4,1264.0
2018-02-25,16.2,19.8,10.0,0.0,917.0
2018-02-26,14.3,26.5,24.3,0.0,5658.0
2018-02-27,14.9,31.3,24.0,0.0,6068.0
2018-02-28,20.0,30.9,19.6,0.0,6055.0
2018-03-01,16.2,20.5,17.7,0.8,5953.0
2018-03-02,14.5,22.8,19.6,0.4,5577.0
2018-03-03,13.9,32.7,21.8,0.0,1675.0
2018-03-04,15.8,21.0,22.2,0.0,1101.0
2018-03-05,14.9,21.1,16.6,0.0,5285.0
2018-03-06,12.5,27.6,22.6,0.0,5969.0
2018-03-07,14.4,28.5,22.4,0.0,6010.0
2018-03-08,14.9,30.5,22.1,0.0,6249.0
2018-03-09,14.6,28.8,21.9,0.0,7840.0
2018-03-10,14.3,35.1,21.6,0.0,3771.0
2018-03-11,17.0,22.8,14.3,0.0,2594.0
2018-03-12,16.7,20.9,10.2,0.0,3049.0
2018-03-13,14.6,20.5,18.8,2.2,5669.0
2018-03-14,12.8,21.3,17.7,0.0,5613.0
2018-03-15,15.3,20.8,13.9,0.0,5770.0
2018-03-16,12.5,24.4,15.0,0.0,6152.0
2018-03-17,15.4,32.0,15.1,0.0,1682.0
2018-03-18,22.6,23.1,13.4,0.0,1336.0
2018-03-19,13.2,28.0,17.8,0.0,5616.0
2018-03-20,15.4,19.2,9.5,0.2,4834.0
2018-03-21,11.2,25.1,18.3,0.0,5437.0
2018-03-22,12.3,28.1,19.0,0.0,6042.0
2018-03-23,15.2,29.4,18.8,0.0,6811.0
2018-03-24,20.2,24.2,5.4,0.0,1982.0
2018-03-25,17.8,25.4,11.6,13.0,1134.0
2018-03-26,10.7,18.5,11.9,5.2,5846.0
2018-03-27,9.6,22.6,14.0,1.2,5924.0
2018-03-28,11.3,30.3,17.8,0.0,5705.0
2018-03-29,16.5,21.8,14.2,0.0,5229.0
2018-03-30,12.2,23.3,14.3,0.0,2027.0
2018-03-31,13.2,22.4,16.7,0.0,1710.0
2018-04-01,13.0,27.7,11.0,0.0,1330.0
2018-04-02,14.9,20.9,14.4,0.0,954.0
2018-04-03,13.4,19.8,13.9,0.0,5174.0
2018-04-04,13.3,20.6,16.6,0.0,5487.0
2018-04-05,13.3,18.7,9.0,0.0,5284.0
2018-04-06,13.8,21.2,14.8,0.0,5266.0
2018-04-07,9.8,21.6,16.0,0.0,2017.0
2018-04-08,11.8,29.9,14.7,0.0,1655.0
2018-04-09,15.9,25.7,13.6,0.0,5629.0
2018-04-10,14.8,28.8,5.9,0.0,5665.0
2018-04-11,18.1,27.3,10.9,0.0,5131.0
2018-04-12,15.9,26.5,7.4,0.0,5807.0
2018-04-13,11.9,25.9,14.4,0.0,5826.0
2018-04-14,13.5,16.1,3.1,0.0,1659.0
2018-04-15,9.7,19.1,4.9,12.2,1314.0
2018-04-16,13.1,21.0,7.1,3.0,5631.0
2018-04-17,13.2,16.6,8.9,0.6,6056.0
2018-04-18,6.2,19.4,14.2,0.0,6206.0
2018-04-19,11.0,22.3,13.0,0.0,6324.0
2018-04-20,8.9,20.2,13.7,0.0,6111.0
2018-04-21,11.9,22.8,11.3,0.0,2083.0
2018-04-22,11.2,20.4,12.6,0.0,1570.0
2018-04-23,11.9,26.9,13.0,0.0,6065.0
2018-04-24,13.7,24.6,5.2,0.0,6122.0
2018-04-25,15.7,20.1,7.7,0.6,1090.0
2018-04-26,11.9,17.5,7.9,0.0,5677.0
2018-04-27,11.6,17.8,8.8,0.0,6278.0
2018-04-28,7.7,18.3,11.7,0.0,1932.0
2018-04-29,10.5,18.0,9.6,0.0,1488.0
2018-04-30,8.8,19.6,12.3,0.0,5772.0
2018-05-01,7.2,23.4,12.3,0.0,6091.0
2018-05-02,10.2,23.2,7.2,0.0,6083.0
2018-05-03,14.5,24.4,4.4,0.0,5843.0
2018-05-04,11.5,17.2,7.8,6.2,5895.0
2018-05-05,12.1,21.6,6.5,2.6,1474.0
2018-05-06,9.9,21.7,11.0,0.0,1583.0
2018-05-07,12.0,19.5,6.2,0.0,5883.0
2018-05-08,13.4,17.9,10.6,0.2,5954.0
2018-05-09,8.0,18.4,7.5,0.0,6194.0
2018-05-10,9.0,12.8,8.5,8.0,5859.0
2018-05-11,7.4,15.1,3.7,18.6,4548.0
2018-05-12,11.0,16.9,9.0,8.4,1691.0
2018-05-13,13.0,16.2,10.8,4.0,1308.0
2018-05-14,6.8,15.9,8.2,0.0,5867.0
2018-05-15,8.9,14.6,4.6,0.0,5754.0
2018-05-16,9.4,14.3,7.6,2.0,5848.0
2018-05-17,11.7,15.0,6.9,0.0,6007.0
2018-05-18,12.3,17.7,8.0,0.2,5854.0
2018-05-19,10.6,15.5,6.5,2.6,2167.0
2018-05-20,11.8,16.2,1.7,0.0,1124.0
2018-05-21,12.6,16.7,5.0,2.4,5613.0
2018-05-22,13.0,17.0,3.6,0.0,5786.0
2018-05-23,11.8,15.3,6.5,4.6,5777.0
2018-05-24,12.9,16.1,5.1,0.0,6056.0
2018-05-25,9.4,14.9,9.5,0.0,6525.0
2018-05-26,5.2,20.5,9.9,0.0,1583.0
2018-05-27,7.3,20.7,8.0,0.0,1445.0
2018-05-28,12.9,20.5,6.0,0.0,5788.0
2018-05-29,13.7,17.9,8.1,0.8,6183.0
2018-05-30,7.7,15.1,7.9,0.0,5825.0
2018-05-31,9.6,14.8,7.6,5.0,5822.0
2018-06-01,4.1,13.3,9.6,0.0,5583.0
2018-06-02,3.5,13.6,9.6,0.2,1558.0
2018-06-03,4.3,13.8,8.5,0.0,1270.0
2018-06-04,4.5,14.4,9.3,0.0,5596.0
2018-06-05,7.5,15.0,8.8,1.6,5980.0
2018-06-06,5.6,19.1,9.4,0.4,6179.0
2018-06-07,7.7,17.8,5.7,0.2,5881.0
2018-06-08,12.4,13.6,3.3,0.6,5200.0
2018-06-09,11.3,15.6,8.0,3.0,1956.0
2018-06-10,4.1,15.3,9.3,0.0,1435.0
2018-06-11,5.3,17.6,8.9,0.2,1078.0
2018-06-12,7.9,16.6,6.7,0.4,5874.0
2018-06-13,9.5,14.1,7.1,0.0,5709.0
2018-06-14,8.6,14.5,7.8,5.6,6117.0
2018-06-15,9.6,14.0,4.4,4.6,5697.0
2018-06-16,6.9,13.1,7.1,2.2,1556.0
2018-06-17,8.0,13.1,5.1,15.6,696.0
2018-06-18,9.5,12.0,5.9,7.2,5880.0
2018-06-19,3.0,14.5,9.0,0.4,6113.0
2018-06-20,4.3,15.3,8.0,0.2,6031.0
2018-06-21,4.0,15.1,9.1,0.0,6010.0
2018-06-22,4.3,15.0,8.5,0.0,6086.0
2018-06-23,6.0,12.8,3.9,0.0,1680.0
2018-06-24,9.0,13.1,5.7,0.0,997.0
2018-06-25,8.4,12.6,7.8,0.0,5659.0
2018-06-26,8.4,14.1,6.6,0.0,6249.0
2018-06-27,4.8,11.2,6.0,0.2,6018.0
2018-06-28,5.3,10.6,5.2,0.0,6900.0
2018-06-29,6.1,12.5,6.1,0.2,7169.0
2018-06-30,9.4,14.2,4.9,0.4,2434.0
2018-07-01,3.5,14.7,8.8,0.4,2577.0
2018-07-02,2.4,14.6,9.4,0.0,5844.0
2018-07-03,4.1,14.3,6.7,0.0,6164.0
2018-07-04,10.4,17.1,6.0,0.0,6251.0
2018-07-05,12.7,18.7,2.8,0.4,5830.0
2018-07-06,12.5,15.2,8.3,0.0,5608.0
2018-07-07,9.6,12.9,6.5,1.2,1782.0
2018-07-08,9.3,13.9,6.2,0.8,1286.0
2018-07-09,10.1,13.8,8.1,1.2,5451.0
2018-07-10,9.3,11.5,5.4,0.0,5777.0
2018-07-11,6.6,11.6,6.0,0.0,5862.0
2018-07-12,4.3,11.3,7.5,0.0,5905.0
2018-07-13,5.8,13.9,9.3,0.2,6284.0
2018-07-14,4.4,15.5,10.0,0.0,1793.0
2018-07-15,6.0,13.8,9.8,0.0,1620.0
2018-07-16,7.9,12.6,4.5,0.0,5774.0
2018-07-17,9.1,17.5,9.2,0.0,6526.0
2018-07-18,6.2,15.2,10.3,1.2,6182.0
2018-07-19,8.7,17.6,8.5,0.0,6408.0
2018-07-20,7.2,12.1,7.2,4.4,6586.0
2018-07-21,6.7,14.0,7.2,0.2,1945.0
2018-07-22,8.0,14.8,10.5,0.0,1490.0
2018-07-23,8.4,15.4,6.9,0.2,5927.0
2018-07-24,8.6,15.6,7.1,0.6,5938.0
2018-07-25,8.3,15.7,9.3,6.2,6205.0
2018-07-26,7.7,15.1,8.9,0.0,6165.0
2018-07-27,9.2,19.5,10.3,0.0,7005.0
2018-07-28,8.4,18.6,9.3,0.0,2020.0
2018-07-29,10.8,14.6,10.0,2.0,1155.0
2018-07-30,8.2,12.6,7.3,0.4,5929.0
2018-07-31,8.3,16.2,10.2,0.0,6283.0
2018-08-01,9.9,14.8,11.4,1.6,6076.0
2018-08-02,4.9,16.1,11.7,0.0,6351.0
2018-08-03,7.8,18.4,6.3,0.0,6034.0
2018-08-04,8.0,15.3,8.7,1.6,1776.0
2018-08-05,10.6,17.6,11.2,0.0,1238.0
2018-08-06,9.4,13.8,8.5,0.0,5905.0
2018-08-07,7.3,14.8,9.6,0.0,6233.0
2018-08-08,9.6,16.0,7.2,1.0,5998.0
2018-08-09,5.6,15.4,8.6,2.2,6195.0
2018-08-10,9.4,20.0,11.8,0.0,7038.0
2018-08-11,8.1,14.7,7.4,10.4,1790.0
2018-08-12,5.4,14.8,10.4,4.6,1313.0
2018-08-13,7.9,14.9,8.6,0.0,5676.0
2018-08-14,9.4,16.7,13.2,0.2,6153.0
2018-08-15,11.5,18.4,10.1,0.0,6149.0
2018-08-16,8.7,14.7,9.2,0.2,5967.0
2018-08-17,7.7,15.9,12.2,0.0,6104.0
2018-08-18,8.9,13.8,10.4,2.2,1786.0
2018-08-19,6.7,11.9,9.3,9.2,1113.0
2018-08-20,5.5,12.4,6.5,2.0,5790.0
2018-08-21,8.6,12.4,7.7,1.2,6094.0
2018-08-22,8.7,14.0,8.5,1.0,5724.0
2018-08-23,5.6,16.0,11.1,0.0,5720.0
2018-08-24,4.8,15.4,14.7,0.0,5932.0
2018-08-25,3.9,15.2,14.9,0.0,1856.0
2018-08-26,4.9,14.7,12.3,0.0,1219.0
2018-08-27,6.8,12.9,12.4,3.6,5982.0
2018-08-28,1.9,11.2,11.7,0.2,6320.0
2018-08-29,0.8,12.5,15.5,0.0,5907.0
2018-08-30,4.8,16.7,5.1,0.0,6015.0
2018-08-31,8.9,16.0,6.8,1.6,6005.0
2018-09-01,10.5,13.4,7.4,2.2,1693.0
2018-09-02,5.0,12.3,11.2,3.0,1101.0
2018-09-03,5.0,13.1,14.7,0.0,5715.0
2018-09-04,3.4,19.5,14.7,0.0,5953.0
2018-09-05,8.1,20.2,14.5,0.0,5976.0
2018-09-06,13.8,20.6,9.5,0.0,5421.0
2018-09-07,8.7,15.1,14.7,3.4,5487.0
2018-09-08,4.2,17.5,16.2,0.2,1435.0
2018-09-09,8.6,18.1,7.3,0.0,1002.0
2018-09-10,13.4,18.0,10.2,0.0,5742.0
2018-09-11,9.1,24.2,17.7,0.0,6495.0
2018-09-12,11.7,18.5,15.8,0.0,5986.0
2018-09-13,7.1,19.7,18.2,0.0,6288.0
2018-09-14,10.9,22.7,18.2,0.0,6057.0
2018-09-15,10.2,13.7,6.3,0.2,1237.0
2018-09-16,5.5,14.0,15.3,2.0,1079.0
2018-09-17,6.7,18.1,18.7,0.0,5806.0
2018-09-18,11.0,20.3,8.0,0.0,6531.0
2018-09-19,8.5,14.7,16.1,3.0,5855.0
2018-09-20,3.8,17.4,18.5,0.8,6172.0
2018-09-21,8.3,18.9,16.6,0.0,5550.0
2018-09-22,6.8,17.3,19.7,0.0,1588.0
2018-09-23,10.4,13.7,11.6,0.2,1289.0
2018-09-24,4.6,14.9,17.2,0.0,5365.0
2018-09-25,8.6,13.6,12.2,0.0,5200.0
2018-09-26,6.4,17.6,20.8,0.0,6108.0
2018-09-27,9.2,24.2,20.8,0.0,6592.0
2018-09-28,10.7,15.2,10.2,0.0,2743.0
2018-09-29,5.5,14.0,17.0,1.2,1321.0
2018-09-30,6.8,16.5,19.8,0.2,1154.0
2018-10-01,4.7,23.3,21.4,0.0,5607.0
2018-10-02,11.4,25.8,13.4,0.0,6002.0
2018-10-03,14.7,18.1,10.9,0.0,5051.0
2018-10-04,10.9,14.6,12.5,0.0,5256.0
2018-10-05,9.1,20.5,22.5,0.0,5921.0
2018-10-06,8.3,23.8,22.7,0.0,1835.0
2018-10-07,10.3,24.7,21.2,0.0,1285.0
2018-10-08,13.5,28.2,22.7,0.0,5424.0
2018-10-09,16.1,17.9,7.2,1.3322074879999999,6287.0
2018-10-10,10.1,16.5,20.0,1.3322074879999999,5745.0
2018-10-11,6.4,20.7,23.7,0.0,5822.0
2018-10-12,8.7,22.7,23.9,0.0,5800.0
2018-10-13,10.5,24.9,23.2,0.0,1678.0
2018-10-14,12.4,27.3,22.1,0.0,1201.0
2018-10-15,19.5,27.5,19.4,0.0,5867.0
2018-10-16,20.0,23.1,6.1,0.2,6100.0
2018-10-17,16.1,22.6,15.1,5.2,5378.0
2018-10-18,14.7,20.7,10.5,2.0,5914.0
2018-10-19,12.8,27.4,23.0,0.0,5617.0
2018-10-20,11.7,16.1,9.8,5.0,1910.0
2018-10-21,7.6,19.2,22.7,5.6,1130.0
2018-10-22,8.9,27.0,25.7,0.0,5841.0
2018-10-23,13.0,18.8,16.7,0.0,5894.0
2018-10-24,9.2,15.5,19.7,0.0,5517.0
2018-10-25,6.4,19.5,25.0,0.0,6132.0
2018-10-26,9.6,18.3,23.7,0.0,7225.0
2018-10-27,11.3,19.6,20.5,0.0,1515.0
2018-10-28,9.3,15.9,22.8,0.0,1025.0
2018-10-29,9.1,17.0,25.6,0.0,5489.0
2018-10-30,8.3,25.2,25.8,0.0,6160.0
2018-10-31,13.0,19.5,16.7,0.0,5316.0
2018-11-01,12.8,34.3,14.2,0.0,6661.0
2018-11-02,16.3,31.6,13.4,0.0,5795.0
2018-11-03,12.6,20.9,19.9,0.2,1202.0
2018-11-04,9.2,20.9,19.7,0.0,1233.0
2018-11-05,14.5,28.6,15.8,2.8,3789.0
2018-11-06,16.3,21.4,7.8,4.4,1177.0
2018-11-07,11.1,17.2,18.2,35.8,5320.0
2018-11-08,7.7,17.0,22.7,3.0,5369.0
2018-11-09,8.0,20.0,14.8,0.0,5401.0
2018-11-10,9.0,20.3,27.3,0.0,3168.0
2018-11-11,9.3,19.6,29.1,0.2,1165.0
2018-11-12,10.9,30.2,17.5,0.0,5288.0
2018-11-13,16.9,30.5,18.4,0.0,5538.0
2018-11-14,14.8,17.3,7.2,6.2,5429.0
2018-11-15,13.7,18.1,23.8,0.2,6059.0
2018-11-16,8.3,19.0,29.8,0.0,6367.0
2018-11-17,9.6,18.1,29.9,0.0,1995.0
2018-11-18,9.8,26.6,30.1,0.0,1448.0
2018-11-19,15.4,30.9,27.5,0.0,5957.0
2018-11-20,22.5,27.6,5.5,0.0,5154.0
2018-11-21,12.3,23.2,24.2,24.2,5777.0
2018-11-22,9.7,16.4,20.3,6.2,6334.0
2018-11-23,11.0,14.5,3.5,6.0,5448.0
2018-11-24,11.1,16.9,15.8,7.0,1636.0
2018-11-25,12.7,18.8,20.5,0.8,1003.0
2018-11-26,11.9,18.6,25.5,0.0,5896.0
2018-11-27,14.4,20.0,23.3,0.2,5428.0
2018-11-28,14.4,20.8,18.0,0.0,5208.0
2018-11-29,13.9,18.7,21.1,0.6,5402.0
2018-11-30,14.7,20.8,28.0,0.0,5673.0
2018-12-01,10.3,31.7,30.8,0.0,1700.0
2018-12-02,12.2,19.5,18.9,10.4,1345.0
2018-12-03,13.3,23.6,13.4,0.0,4868.0
2018-12-04,13.4,20.5,28.2,0.0,5913.0
2018-12-05,13.4,25.2,31.1,0.0,6405.0
2018-12-06,14.5,35.5,31.3,0.0,6249.0
2018-12-07,25.1,38.0,27.1,0.0,5722.0
2018-12-08,22.7,30.3,11.0,0.0,1492.0
2018-12-09,16.0,20.1,11.8,1.2,1220.0
2018-12-10,15.8,20.6,28.5,0.0,5434.0
2018-12-11,13.0,23.6,31.6,0.0,5829.0
2018-12-12,16.0,33.6,29.4,0.0,7447.0
2018-12-13,16.9,21.1,6.0,16.2,5050.0
2018-12-14,16.4,22.7,13.7,16.6,5672.0
2018-12-15,17.2,24.8,17.5,41.2,1444.0
2018-12-16,15.8,23.5,16.3,3.8,1016.0
2018-12-17,15.6,21.8,23.2,2.0,5315.0
2018-12-18,16.7,20.8,21.1,0.0,5565.0
2018-12-19,16.8,26.9,16.6,0.0,4919.0
2018-12-20,16.9,21.2,14.8,0.0,5781.0
2018-12-21,15.4,20.9,9.6,1.0,5147.0
2018-12-22,14.1,19.1,27.8,9.8,1280.0
2018-12-23,11.5,26.9,32.3,0.0,934.0
2018-12-24,14.3,34.2,32.3,0.0,2457.0
2018-12-25,15.8,23.9,32.2,0.0,683.0
2018-12-26,13.3,23.8,32.3,0.0,859.0
2018-12-27,16.2,37.4,29.3,0.0,2471.0
2018-12-28,21.9,36.4,19.1,0.0,2428.0
2018-12-29,21.0,23.9,5.7,1.2,1342.0
2018-12-30,18.2,22.7,9.9,0.6,897.0
2018-12-31,17.3,23.5,31.3,0.8,4092.0
2019-01-01,15.5,26.2,31.7,0.0,3047.0
2019-01-02,18.4,22.2,26.3,0.0,2784.0
2019-01-03,15.9,29.5,27.6,0.0,3130.0
2019-01-04,18.0,42.6,27.4,0.0,2713.0
2019-01-05,17.4,21.2,12.9,0.4,1075.0
2019-01-06,14.6,22.1,30.9,1.4,1168.0
2019-01-07,17.1,23.1,30.2,0.0,4499.0
2019-01-08,16.7,24.1,28.9,0.0,4711.0
2019-01-09,16.1,20.5,28.4,0.6,4207.0
2019-01-10,13.5,21.4,25.8,0.0,4830.0
2019-01-11,12.9,30.4,31.5,0.0,4759.0
2019-01-12,17.7,24.7,28.6,0.0,1268.0
2019-01-13,14.4,30.5,31.3,0.0,1190.0
2019-01-14,18.7,32.3,31.1,0.0,4911.0
2019-01-15,19.4,30.4,22.3,0.0,5171.0
2019-01-16,19.8,26.7,17.5,0.0,4985.0
2019-01-17,20.7,32.5,6.0,0.0,5251.0
2019-01-18,22.3,28.7,2.6,0.2,5386.0
2019-01-19,16.5,23.5,30.2,2.0,2132.0
2019-01-20,15.2,22.9,29.2,0.0,1161.0
2019-01-21,18.4,25.1,28.2,0.0,5474.0
2019-01-22,19.0,26.8,29.3,0.0,5701.0
2019-01-23,18.7,23.9,27.4,0.0,5346.0
2019-01-24,17.3,40.8,30.0,0.0,5799.0
2019-01-25,21.1,42.8,25.3,0.0,4300.0
2019-01-26,19.9,26.1,27.7,0.0,3116.0
2019-01-27,18.4,27.8,21.1,0.0,1148.0
2019-01-28,15.5,34.5,29.4,0.0,972.0
2019-01-29,17.5,36.8,27.7,0.0,5848.0
2019-01-30,18.0,38.1,19.9,0.0,5679.0
2019-01-31,17.2,21.5,27.8,6.6,5888.0
2019-02-01,12.6,24.2,28.8,0.0,5562.0
2019-02-02,15.0,34.4,27.5,0.0,1430.0
2019-02-03,19.1,38.2,26.1,0.0,1088.0
2019-02-04,20.0,22.7,9.3,0.0,4790.0
2019-02-05,17.7,26.9,14.6,0.0,5819.0
2019-02-06,18.5,34.7,22.8,0.0,5864.0
2019-02-07,20.7,28.3,25.1,11.0,6099.0
2019-02-08,18.1,23.1,21.1,0.0,5486.0
2019-02-09,14.6,19.7,13.6,0.0,1931.0
2019-02-10,13.0,23.3,23.5,4.8,1289.0
2019-02-11,14.4,27.5,18.6,0.0,5440.0
2019-02-12,18.4,21.5,12.4,0.0,5887.0
2019-02-13,11.8,19.2,23.7,2.8,5955.0
2019-02-14,12.3,23.2,24.2,0.0,6349.0
2019-02-15,14.8,22.8,23.1,0.0,5756.0
2019-02-16,16.1,23.2,24.2,0.0,1799.0
2019-02-17,15.0,29.0,20.0,0.0,1705.0
2019-02-18,18.0,23.6,16.9,0.0,5550.0
2019-02-19,13.7,20.2,21.4,0.0,5989.0
2019-02-20,13.5,23.2,20.8,0.0,5885.0
2019-02-21,14.0,20.4,16.2,0.0,5961.0
2019-02-22,15.5,21.2,23.9,0.0,5135.0
2019-02-23,16.4,25.8,24.0,0.0,2059.0
2019-02-24,13.8,32.9,24.6,0.0,1323.0
2019-02-25,18.0,34.2,24.4,0.0,6057.0
2019-02-26,17.9,22.3,21.0,0.0,5811.0
2019-02-27,12.9,25.7,24.0,0.0,6020.0
2019-02-28,16.3,36.8,23.4,0.0,6031.0
2019-03-01,22.6,38.1,22.3,0.0,5754.0
2019-03-02,22.3,36.3,23.4,0.0,1429.0
2019-03-03,25.1,36.0,14.4,0.0,958.0
2019-03-04,19.0,24.6,21.8,0.0,5814.0
2019-03-05,18.0,24.3,15.5,0.0,5757.0
2019-03-06,13.2,17.2,19.5,1.6,5617.0
2019-03-07,9.7,22.1,21.2,2.0,5989.0
2019-03-08,11.3,26.8,10.2,0.0,5268.0
2019-03-09,13.9,24.7,20.0,0.0,1539.0
2019-03-10,14.3,23.7,10.1,0.0,1345.0
2019-03-11,15.9,21.8,18.6,0.2,1455.0
2019-03-12,15.8,19.2,10.8,0.0,4994.0
2019-03-13,11.9,18.6,15.1,0.0,5634.0
2019-03-14,12.1,20.8,20.6,0.2,5865.0
2019-03-15,11.7,22.2,18.7,0.0,5970.0
2019-03-16,12.2,25.6,20.1,0.0,1894.0
2019-03-17,14.2,25.6,19.2,0.0,1297.0
2019-03-18,16.5,28.2,18.9,0.0,5716.0
2019-03-19,16.9,23.4,12.7,0.0,5364.0
2019-03-20,19.3,23.4,11.1,0.0,5214.0
2019-03-21,18.2,24.3,12.5,0.0,5643.0
2019-03-22,18.7,28.6,15.3,0.0,5866.0
2019-03-23,19.9,31.3,13.6,1.8,1628.0
2019-03-24,16.5,29.3,16.9,2.0,1635.0
2019-03-25,14.8,19.0,13.6,0.2,5550.0
2019-03-26,12.3,20.3,15.9,0.0,5872.0
2019-03-27,11.1,21.7,17.8,0.0,5920.0
2019-03-28,11.6,27.9,17.8,0.0,6108.0
2019-03-29,14.6,28.5,4.9,0.0,5615.0
2019-03-30,9.1,15.6,11.4,1.8,1813.0
2019-03-31,9.4,18.5,8.0,2.2,1305.0
2019-04-01,13.0,17.1,6.6,0.2,5718.0
2019-04-02,7.4,25.9,16.6,0.0,6384.0
2019-04-03,9.4,24.7,10.9,0.0,6320.0
2019-04-04,13.3,21.9,13.9,0.0,6818.0
2019-04-05,14.4,28.5,15.3,0.0,6327.0
2019-04-06,16.5,20.1,12.4,0.0,1981.0
2019-04-07,9.5,26.5,15.9,0.0,5005.0
2019-04-08,12.5,23.1,9.0,0.0,6123.0
2019-04-09,11.1,16.3,13.9,1.6,6021.0
2019-04-10,10.7,15.8,4.8,1.4,5950.0
2019-04-11,11.3,17.3,14.4,0.0,6063.0
2019-04-12,6.7,24.9,15.3,0.2,5917.0
2019-04-13,10.5,20.7,10.0,0.0,1734.0
2019-04-14,11.8,22.5,14.4,0.0,1852.0
2019-04-15,12.9,27.4,10.9,0.0,5869.0
2019-04-16,17.1,30.3,14.4,0.0,5986.0
2019-04-17,22.1,30.0,12.8,0.0,6141.0
2019-04-18,13.2,17.7,12.8,0.0,5426.0
2019-04-19,8.6,22.1,14.0,0.0,2212.0
2019-04-20,10.2,30.2,13.9,0.0,1934.0
2019-04-21,14.8,27.0,7.5,0.0,1519.0
2019-04-22,13.7,17.6,6.0,0.8,769.0
2019-04-23,11.1,18.5,8.0,0.0,4470.0
2019-04-24,14.6,23.2,8.2,0.0,4766.0
2019-04-25,10.2,21.5,10.6,0.0,903.0
2019-04-26,11.9,15.8,6.9,3.0,4424.0
2019-04-27,8.7,16.2,8.5,0.0,1444.0
2019-04-28,12.4,17.4,5.2,0.0,1033.0
2019-04-29,11.5,18.1,8.4,0.0,5822.0
2019-04-30,7.9,23.1,11.7,0.0,6305.0
2019-05-01,15.6,22.8,7.8,0.0,6088.0
2019-05-02,17.1,20.2,6.2,3.6,5896.0
2019-05-03,11.8,20.7,9.0,0.2,6548.0
2019-05-04,13.0,16.4,8.2,0.2,1762.0
2019-05-05,11.3,16.3,6.5,2.0,1559.0
2019-05-06,11.7,16.7,8.5,0.2,6246.0
2019-05-07,7.4,18.7,11.7,0.0,6643.0
2019-05-08,10.3,17.4,7.3,5.2,6266.0
2019-05-09,9.7,16.2,5.3,0.6,6504.0
2019-05-10,10.2,14.2,2.8,7.2,5292.0
2019-05-11,10.2,16.4,7.7,8.2,1566.0
2019-05-12,12.2,17.7,6.6,0.0,1241.0
2019-05-13,12.7,18.1,8.3,0.0,6139.0
2019-05-14,11.3,20.2,9.0,0.0,6519.0
2019-05-15,12.0,15.8,8.0,0.0,6036.0
2019-05-16,10.5,16.1,9.8,0.0,6496.0
2019-05-17,6.5,18.6,10.7,0.0,6120.0
2019-05-18,6.2,21.5,10.6,0.0,1919.0
2019-05-19,8.9,21.8,10.0,0.2,1244.0
2019-05-20,12.0,19.6,3.1,0.4,6186.0
2019-05-21,11.1,20.4,6.9,0.4,6292.0
2019-05-22,10.7,22.3,10.3,0.0,7709.0
2019-05-23,9.9,21.3,10.2,0.0,6536.0
2019-05-24,13.8,20.2,4.4,0.0,5737.0
2019-05-25,13.7,19.8,9.1,1.6,1495.0
2019-05-26,9.5,15.1,8.6,6.6,1576.0
2019-05-27,7.8,14.0,7.2,8.2,5662.0
2019-05-28,8.2,15.7,3.3,0.2,6346.0
2019-05-29,8.7,10.6,7.9,1.2,5875.0
2019-05-30,6.7,13.3,5.8,5.8,6173.0
2019-05-31,8.5,14.3,5.7,1.4,6016.0
2019-06-01,11.7,14.6,5.8,2.4,1211.0
2019-06-02,11.0,14.5,6.7,0.0,881.0
2019-06-03,8.2,12.0,3.8,15.4,4820.0
2019-06-04,8.4,12.9,7.9,3.2,6221.0
2019-06-05,8.6,13.0,5.7,0.0,6290.0
2019-06-06,10.2,14.8,7.9,0.0,6399.0
2019-06-07,11.7,16.6,8.0,0.0,6014.0
2019-06-08,6.7,18.7,9.3,0.0,1789.0
2019-06-09,7.8,18.0,8.0,0.0,1287.0
2019-06-10,12.0,19.2,7.6,3.0,1176.0
2019-06-11,9.6,17.9,9.2,0.0,6320.0
2019-06-12,11.9,16.5,1.3,0.6,5577.0
2019-06-13,8.8,17.4,8.9,2.6,6509.0
2019-06-14,10.0,17.3,7.0,2.2,6583.0
2019-06-15,9.0,15.2,6.4,2.6,1866.0
2019-06-16,8.6,16.7,7.5,0.0,1117.0
2019-06-17,6.3,17.9,8.6,3.4,6149.0
2019-06-18,8.0,13.7,5.2,0.0,6240.0
2019-06-19,6.6,11.9,7.0,0.8,6164.0
2019-06-20,6.4,11.3,6.4,1.6,5900.0
2019-06-21,6.5,12.6,8.5,3.0,5944.0
2019-06-22,6.8,11.8,7.3,0.4,1414.0
2019-06-23,3.6,9.6,5.9,1.2,1504.0
2019-06-24,4.2,16.0,9.0,0.0,6207.0
2019-06-25,3.5,17.0,8.9,0.0,6308.0
2019-06-26,4.6,18.0,9.2,0.2,6441.0
2019-06-27,5.9,17.5,9.2,0.0,6949.0
2019-06-28,10.7,19.5,9.2,0.0,8199.0
2019-06-29,13.0,17.6,2.6,0.8,2262.0
2019-06-30,8.1,14.5,8.5,6.4,3205.0
2019-07-01,9.5,14.1,8.3,0.0,6253.0
2019-07-02,8.6,15.9,6.6,0.0,6293.0
2019-07-03,8.2,13.7,7.5,0.0,6202.0
2019-07-04,5.3,13.5,6.9,0.0,6308.0
2019-07-05,3.5,19.1,9.0,0.0,6031.0
2019-07-06,6.0,19.4,9.3,0.0,2096.0
2019-07-07,9.0,18.2,6.1,0.2,1006.0
2019-07-08,11.0,16.0,8.2,5.2,5634.0
2019-07-09,6.8,15.0,7.2,0.2,6249.0
2019-07-10,9.5,15.4,6.7,0.2,5813.0
2019-07-11,7.8,14.3,4.6,6.4,6077.0
2019-07-12,10.1,15.7,6.2,2.4,5261.0
2019-07-13,7.0,12.0,8.3,4.4,1985.0
2019-07-14,7.1,13.1,3.8,0.8,1157.0
2019-07-15,8.9,14.3,7.6,4.4,5953.0
2019-07-16,9.9,13.9,6.4,1.8,6363.0
2019-07-17,9.7,13.7,3.6,0.0,6162.0
2019-07-18,9.0,14.3,7.9,0.4,6880.0
2019-07-19,7.5,15.7,9.6,1.6,6166.0
2019-07-20,8.0,17.1,10.3,0.0,1747.0
2019-07-21,11.3,16.6,8.1,0.0,1441.0
2019-07-22,7.9,15.6,10.6,0.0,6543.0
2019-07-23,9.9,15.2,8.2,1.6,6287.0
2019-07-24,7.0,14.4,7.8,8.0,6614.0
2019-07-25,9.2,14.8,5.2,0.0,6709.0
2019-07-26,11.0,14.0,5.9,0.0,5792.0
2019-07-27,9.8,15.3,8.7,6.8,1829.0
2019-07-28,6.6,15.1,10.2,0.0,1437.0
2019-07-29,8.9,14.6,9.9,0.0,6299.0
2019-07-30,7.9,12.5,8.7,0.8,6434.0
2019-07-31,3.0,12.5,11.3,0.0,6474.0
2019-08-01,5.8,13.8,8.6,0.0,6301.0
2019-08-02,9.7,12.7,7.4,0.4,6997.0
2019-08-03,10.0,13.9,6.2,0.0,1995.0
2019-08-04,9.2,13.1,7.2,1.0,1461.0
2019-08-05,10.0,15.8,10.7,0.0,6298.0
2019-08-06,9.1,13.5,4.5,0.4,6804.0
2019-08-07,9.3,14.1,7.5,0.0,6369.0
2019-08-08,6.7,13.9,9.6,10.8,6364.0
2019-08-09,7.8,10.1,7.3,2.0,5571.0
2019-08-10,5.2,12.5,6.6,4.2,1684.0
2019-08-11,4.8,12.9,11.4,6.0,1239.0
2019-08-12,6.3,12.0,9.9,8.8,5739.0
2019-08-13,8.8,13.1,7.0,0.0,6290.0
2019-08-14,9.1,13.8,6.7,0.2,6557.0
2019-08-15,7.3,16.2,10.5,0.0,6740.0
2019-08-16,10.6,16.9,6.3,0.0,6091.0
2019-08-17,7.0,16.5,13.4,3.8,1818.0
2019-08-18,8.8,19.4,9.3,0.0,1579.0
2019-08-19,5.8,12.3,12.8,4.0,6332.0
2019-08-20,7.6,17.0,7.2,0.4,6505.0
2019-08-21,11.5,16.6,11.5,0.2,6592.0
2019-08-22,9.6,13.0,11.3,1.6,7915.0
2019-08-23,3.8,15.1,14.5,0.0,6630.0
2019-08-24,7.9,18.0,13.0,0.0,2663.0
2019-08-25,6.5,12.9,13.9,1.2,1120.0
2019-08-26,5.3,14.4,14.7,0.0,6040.0
2019-08-27,4.2,15.3,12.9,0.0,6248.0
2019-08-28,8.3,13.4,5.0,0.0,5799.0
2019-08-29,6.1,13.0,13.2,6.2,6551.0
2019-08-30,2.3,15.3,15.6,0.2,5123.0
2019-08-31,5.0,18.2,15.8,0.0,1620.0
2019-09-01,11.1,19.6,9.4,0.0,1058.0
2019-09-02,10.2,17.6,13.8,2.4,6099.0
2019-09-03,9.2,19.6,16.4,0.6,6482.0
2019-09-04,8.2,18.7,15.1,0.0,6508.0
2019-09-05,8.7,21.2,14.8,3.4,6567.0
2019-09-06,11.3,16.0,10.4,2.0,6167.0
2019-09-07,8.8,12.9,11.3,1.0,1316.0
2019-09-08,8.2,15.1,9.5,0.6,911.0
2019-09-09,6.8,12.8,14.4,5.6,5743.0
2019-09-10,7.7,14.8,16.1,2.6,6163.0
2019-09-11,5.0,20.8,17.8,0.0,5995.0
2019-09-12,11.1,20.8,11.8,0.0,5907.0
2019-09-13,7.7,18.6,14.0,0.0,5805.0
2019-09-14,9.3,20.0,18.3,0.0,1365.0
2019-09-15,12.4,21.8,8.4,1.6,844.0
2019-09-16,9.7,12.8,17.7,13.0,5585.0
2019-09-17,3.6,14.8,19.0,0.0,5824.0
2019-09-18,4.3,18.9,19.2,0.0,5840.0
2019-09-19,8.2,24.0,19.4,0.0,5975.0
2019-09-20,15.7,26.2,14.4,0.0,5638.0
2019-09-21,14.5,19.4,10.5,0.0,1249.0
2019-09-22,7.9,15.5,13.6,4.6,1128.0
2019-09-23,8.9,15.2,13.9,2.0,5959.0
2019-09-24,8.3,15.1,13.3,1.4,6133.0
2019-09-25,8.7,16.6,13.1,0.0,5696.0
2019-09-26,8.3,20.3,19.6,0.0,6633.0
2019-09-27,12.3,18.8,7.4,0.0,1947.0
2019-09-28,7.2,14.9,17.7,0.2,1159.0
2019-09-29,9.1,15.8,19.0,0.0,840.0
2019-09-30,10.1,14.1,14.4,0.0,4989.0
2019-10-01,4.2,20.5,21.7,0.0,6258.0
2019-10-02,9.3,26.5,18.5,0.0,6673.0
2019-10-03,15.1,29.7,22.0,0.0,5931.0
2019-10-04,12.5,15.2,11.0,0.0,5801.0
2019-10-05,7.6,24.3,17.4,1.8,2007.0
2019-10-06,12.9,24.8,17.4,0.0,2998.0
2019-10-07,11.6,16.4,15.1,0.0,5178.0
2019-10-08,9.5,14.2,17.0,2.6,5893.0
2019-10-09,8.5,15.0,19.3,5.8,5818.0
2019-10-10,10.2,14.7,12.6,0.2,5531.0
2019-10-11,9.5,18.9,17.5,0.0,5598.0
2019-10-12,8.2,20.4,20.1,0.0,1891.0
2019-10-13,9.4,23.1,19.6,0.0,1166.0
2019-10-14,13.6,26.7,20.2,0.2,5715.0
2019-10-15,13.0,18.0,20.6,0.0,5923.0
2019-10-16,13.3,20.4,11.4,0.0,6358.0
2019-10-17,9.5,15.2,9.6,4.4,5588.0
2019-10-18,7.3,22.1,23.2,0.8,5780.0
2019-10-19,9.4,15.3,15.8,0.8,1386.0
2019-10-20,10.0,16.4,14.7,0.8,834.0
2019-10-21,11.5,17.0,19.6,0.0,5488.0
2019-10-22,11.9,19.6,23.7,0.0,5933.0
2019-10-23,8.2,27.9,26.0,0.0,6345.0
2019-10-24,13.0,33.8,26.1,0.2,6132.0
2019-10-25,16.8,21.6,10.0,0.0,5271.0
2019-10-26,9.6,15.5,17.2,3.8,1393.0
2019-10-27,10.3,17.0,10.1,1.2,928.0
2019-10-28,8.7,21.6,26.3,1.4,5896.0
2019-10-29,9.7,30.5,27.0,0.0,6195.0
2019-10-30,13.8,25.1,27.2,0.0,6092.0
2019-10-31,14.2,33.7,25.5,0.0,6106.0
2019-11-01,20.0,34.3,22.8,0.0,5250.0
2019-11-02,15.8,18.9,2.2,4.2,1475.0
2019-11-03,12.8,20.7,7.8,12.4,851.0
2019-11-04,9.5,16.2,11.2,1.2,4116.0
2019-11-05,7.7,19.6,27.4,10.2,1354.0
2019-11-06,10.5,24.1,19.9,0.0,5088.0
2019-11-07,11.5,17.7,8.3,0.0,5890.0
2019-11-08,10.3,15.0,16.1,6.8,5624.0
2019-11-09,7.6,14.2,9.8,6.4,2119.0
2019-11-10,10.8,18.1,13.5,0.2,976.0
2019-11-11,10.0,29.6,27.4,0.0,6467.0
2019-11-12,11.5,17.4,12.7,0.6,5969.0
2019-11-13,9.1,17.3,12.0,1.6,6205.0
2019-11-14,12.1,22.4,19.7,0.8,5946.0
2019-11-15,13.0,18.5,12.4,0.0,6438.0
2019-11-16,9.2,17.2,23.9,0.0,1753.0
2019-11-17,10.8,16.2,24.1,0.0,1021.0
2019-11-18,8.5,26.9,29.9,0.0,6342.0
2019-11-19,11.4,18.6,27.9,0.0,6210.0
2019-11-20,9.4,34.7,30.1,0.0,6319.0
2019-11-21,14.0,40.9,18.8,0.0,5808.0
2019-11-22,13.6,20.0,28.3,0.0,7068.0
2019-11-23,10.1,23.8,24.6,0.0,2143.0
2019-11-24,11.9,23.7,30.6,0.0,1711.0
2019-11-25,11.4,27.4,18.0,0.0,5878.0
2019-11-26,11.4,16.4,22.2,2.0,6101.0
2019-11-27,8.6,24.8,31.0,0.0,6342.0
2019-11-28,11.4,21.1,30.7,0.0,6448.0
2019-11-29,11.9,19.7,21.9,0.0,5491.0
2019-11-30,10.3,18.4,26.7,8.0,2413.0
2019-12-01,12.2,16.8,9.8,0.0,976.0
2019-12-02,9.8,15.5,18.2,3.4,4963.0
2019-12-03,11.0,22.2,19.2,0.4,5370.0
2019-12-04,12.1,23.0,20.3,0.0,5893.0
2019-12-05,12.3,23.9,20.4,0.0,5564.0
2019-12-06,13.3,20.8,18.2,0.0,5095.0
2019-12-07,11.2,21.0,30.3,0.0,1602.0
2019-12-08,13.8,27.6,30.8,0.0,1141.0
2019-12-09,16.3,38.0,28.6,0.0,6221.0
2019-12-10,14.3,17.2,22.2,0.0,6417.0
2019-12-11,13.4,18.1,21.8,0.0,6158.0
2019-12-12,13.4,18.4,22.7,0.0,6001.0
2019-12-13,11.4,20.9,24.8,0.0,6263.0
2019-12-14,14.1,20.1,10.4,0.0,1607.0
2019-12-15,15.1,21.7,16.4,0.0,899.0
2019-12-16,13.0,22.6,21.7,0.0,6289.0
2019-12-17,12.6,26.3,29.5,0.0,6574.0
2019-12-18,15.9,40.1,29.3,0.0,7661.0
2019-12-19,17.2,23.3,29.3,0.0,6421.0
2019-12-20,13.7,43.5,31.4,0.0,5636.0
2019-12-21,16.9,20.2,28.3,0.0,1081.0
2019-12-22,13.1,19.6,31.5,0.0,961.0
2019-12-23,12.1,20.0,29.2,0.0,3575.0
2019-12-24,14.1,24.5,31.4,0.0,2918.0
2019-12-25,14.0,27.9,32.0,0.0,802.0
2019-12-26,16.5,20.5,26.2,0.0,756.0
2019-12-27,13.6,23.9,31.6,0.0,2497.0
2019-12-28,16.7,28.4,20.6,0.0,1106.0
2019-12-29,16.8,33.2,31.9,0.0,1318.0
2019-12-30,19.7,40.8,18.8,0.0,2381.0
2019-12-31,15.3,21.2,29.3,2.4,4166.0
2020-01-01,11.8,24.9,31.6,0.0,2532.0
2020-01-02,12.8,25.0,31.6,0.0,3401.0
2020-01-03,13.7,36.6,30.7,0.0,2737.0
2020-01-04,18.6,26.8,22.8,0.0,1031.0
2020-01-05,12.7,16.7,5.1,2.2,540.0
2020-01-06,11.9,18.0,2.7,8.2,5082.0
2020-01-07,12.6,20.1,7.7,1.2,4228.0
2020-01-08,16.8,23.8,26.9,0.0,5388.0
2020-01-09,17.9,31.9,29.8,0.0,5354.0
2020-01-10,20.1,32.9,10.1,0.0,4403.0
2020-01-11,13.5,19.3,18.2,15.6,1161.0
2020-01-12,14.2,19.9,21.9,0.0,853.0
2020-01-13,12.7,32.2,28.1,0.0,5877.0
2020-01-14,16.7,33.8,27.4,0.0,5556.0
2020-01-15,19.5,36.8,20.8,0.0,5049.0
2020-01-16,15.7,19.6,18.6,19.6,5772.0
2020-01-17,14.4,24.8,24.4,0.0,5146.0
2020-01-18,13.9,29.4,27.2,0.0,1203.0
2020-01-19,17.5,25.5,23.9,0.0,883.0
2020-01-20,19.1,21.8,8.8,0.4,4624.0
2020-01-21,14.8,23.5,28.4,44.0,6394.0
2020-01-22,14.1,31.7,12.4,0.0,4313.0
2020-01-23,12.9,22.6,13.4,22.8,5673.0
2020-01-24,11.7,24.1,20.6,1.2,5294.0
2020-01-25,13.0,27.4,30.0,0.0,1348.0
2020-01-26,15.8,23.6,24.0,0.0,1682.0
2020-01-27,12.8,23.1,26.1,0.0,1090.0
2020-01-28,13.6,25.4,26.5,0.0,6341.0
2020-01-29,15.2,31.5,29.5,0.0,6088.0
2020-01-30,16.4,39.4,29.3,0.0,6563.0
2020-01-31,21.5,42.9,18.3,0.0,4960.0
2020-02-01,23.5,29.3,1.8,0.8,1319.0
2020-02-02,14.2,25.1,21.0,14.8,886.0
2020-02-03,13.2,17.7,22.7,0.0,6166.0
2020-02-04,11.3,19.7,28.6,0.0,6534.0
2020-02-05,10.8,20.1,27.1,0.0,6478.0
2020-02-06,13.7,25.5,25.0,0.0,6416.0
2020-02-07,16.5,23.2,18.4,0.0,5191.0
2020-02-08,17.4,29.4,27.5,0.0,1374.0
2020-02-09,19.6,28.2,19.9,0.0,1019.0
2020-02-10,18.5,27.7,15.0,0.6,5957.0
2020-02-11,19.5,25.9,19.1,0.0,6331.0
2020-02-12,19.1,27.7,17.3,0.0,5953.0
2020-02-13,19.4,31.7,26.7,0.0,6831.0
2020-02-14,20.3,33.7,10.6,0.0,5699.0
2020-02-15,18.9,19.3,2.4,5.4,1355.0
2020-02-16,16.9,26.4,23.8,2.8,942.0
2020-02-17,15.2,25.6,26.4,0.0,6688.0
2020-02-18,17.6,21.8,7.3,0.0,5968.0
2020-02-19,13.3,19.7,12.9,38.0,6066.0
2020-02-20,14.2,18.7,15.2,3.2,6621.0
2020-02-21,13.5,19.6,17.1,2.8,5986.0
2020-02-22,11.4,21.1,25.4,0.0,1547.0
2020-02-23,13.3,34.0,21.6,0.0,1116.0
2020-02-24,16.8,23.7,5.4,0.0,6357.0
2020-02-25,18.4,31.6,10.6,3.6,6332.0
2020-02-26,16.2,19.2,19.3,4.0,6115.0
2020-02-27,11.0,19.7,11.1,0.2,5698.0
2020-02-28,13.1,20.1,17.6,0.0,6709.0
2020-02-29,14.7,22.4,22.8,0.0,1869.0
2020-03-01,13.2,32.1,20.8,0.0,1290.0
2020-03-02,14.2,18.4,21.1,3.0,5799.0
2020-03-03,14.7,19.5,15.9,0.0,5004.0
2020-03-04,13.6,23.5,7.1,0.0,5050.0
2020-03-05,15.4,20.3,4.3,54.6,4891.0
2020-03-06,15.9,19.0,12.7,7.0,4940.0
2020-03-07,15.4,20.0,17.1,0.2,1461.0
2020-03-08,13.9,22.4,19.5,0.0,1115.0
2020-03-09,12.3,21.0,19.7,0.0,1408.0
2020-03-10,10.3,22.3,21.9,0.0,5803.0
2020-03-11,12.6,29.5,15.7,0.0,5777.0
2020-03-12,16.6,29.5,19.5,0.0,5423.0
2020-03-13,19.1,26.8,7.3,0.0,4942.0
2020-03-14,13.1,17.9,12.3,0.6,1251.0
2020-03-15,12.7,18.8,10.2,0.0,860.0
2020-03-16,9.3,26.5,20.6,0.0,4597.0
2020-03-17,11.6,28.2,19.9,0.0,4006.0
2020-03-18,17.7,28.3,9.1,0.0,3065.0
2020-03-19,18.7,30.4,8.2,0.0,2994.0
2020-03-20,16.1,22.7,12.6,0.0,2483.0
2020-03-21,14.6,18.4,10.8,0.0,876.0
2020-03-22,12.1,18.3,15.2,0.0,645.0
2020-03-23,12.7,17.1,9.9,0.4,1989.0
2020-03-24,8.5,17.9,15.8,0.0,1512.0
2020-03-25,10.8,17.5,7.6,0.0,1206.0
2020-03-26,13.7,19.8,15.5,0.0,1221.0
2020-03-27,13.6,27.6,17.8,0.0,1244.0
2020-03-28,14.8,27.5,16.9,0.0,596.0
2020-03-29,16.5,26.4,9.5,0.0,388.0
2020-03-30,15.9,21.7,13.3,5.2,955.0
2020-03-31,12.2,21.4,16.9,0.0,967.0
2020-04-01,11.0,23.1,15.2,0.0,896.0
2020-04-02,12.4,20.7,4.2,23.0,797.0
2020-04-03,13.7,23.2,12.0,15.8,876.0
2020-04-04,12.8,16.6,6.1,35.2,442.0
2020-04-05,9.5,16.9,4.5,4.4,386.0
2020-04-06,10.7,16.5,11.5,6.2,830.0
2020-04-07,11.9,16.4,9.5,1.4,673.0
2020-04-08,11.7,18.6,10.7,1.2,741.0
2020-04-09,8.9,21.2,15.8,0.0,911.0
2020-04-10,12.7,22.0,9.5,0.2,536.0
2020-04-11,13.0,15.7,11.3,2.4,396.0
2020-04-12,11.0,15.3,7.7,2.4,326.0
2020-04-13,12.2,18.3,14.3,0.0,484.0
2020-04-14,12.1,23.4,11.1,0.6,800.0
2020-04-15,15.6,23.5,11.8,0.0,729.0
2020-04-16,15.4,21.5,11.3,0.2,762.0
2020-04-17,11.4,18.4,10.1,0.0,722.0
2020-04-18,12.9,16.4,7.9,0.0,570.0
2020-04-19,11.2,19.4,11.3,0.0,419.0
2020-04-20,12.0,20.8,8.1,3.4,787.0
2020-04-21,8.5,19.6,9.8,0.0,836.0
2020-04-22,12.8,18.2,8.8,0.0,755.0
2020-04-23,9.6,19.7,9.7,0.0,886.0
2020-04-24,15.1,22.3,12.7,0.4,910.0
2020-04-25,10.5,21.7,10.4,0.0,654.0
2020-04-26,15.4,17.7,6.6,14.0,393.0
2020-04-27,8.1,18.1,12.5,0.6,824.0
2020-04-28,7.1,18.9,10.4,0.0,756.0
2020-04-29,11.2,19.8,3.6,3.4,635.0
2020-04-30,8.9,15.5,5.4,23.6,831.0
2020-05-01,7.6,13.0,5.1,8.0,662.0
2020-05-02,8.3,14.2,6.2,1.4,429.0
2020-05-03,9.8,15.0,8.3,1.8,455.0
2020-05-04,9.4,14.8,7.0,0.2,740.0
2020-05-05,8.0,19.5,11.6,0.4,783.0
2020-05-06,10.2,20.1,9.7,0.0,848.0
2020-05-07,15.1,21.1,6.2,0.0,875.0
2020-05-08,12.6,19.6,10.7,0.0,862.0
2020-05-09,12.6,14.0,5.4,0.6,484.0
2020-05-10,7.2,14.5,9.0,7.0,462.0
2020-05-11,7.8,17.1,7.5,0.6,759.0
2020-05-12,10.3,14.8,8.5,0.2,779.0
2020-05-13,10.4,14.5,8.9,1.4,789.0
2020-05-14,6.6,14.7,9.8,2.8,796.0
2020-05-15,4.5,15.3,10.8,0.0,871.0
2020-05-16,4.5,18.0,10.7,0.0,742.0
2020-05-17,5.1,18.5,10.6,0.0,584.0
2020-05-18,5.5,19.4,10.5,0.0,779.0
2020-05-19,8.1,17.7,4.9,0.0,801.0
2020-05-20,10.3,15.8,7.8,15.6,832.0
2020-05-21,9.4,13.7,6.6,12.4,712.0
2020-05-22,9.1,13.6,7.8,11.4,863.0
2020-05-23,9.4,13.5,5.8,0.0,567.0
2020-05-24,10.9,13.8,7.9,3.0,520.0
2020-05-25,5.5,16.0,10.0,0.0,837.0
2020-05-26,5.4,18.5,9.4,0.0,907.0
2020-05-27,5.9,17.1,7.8,0.0,947.0
2020-05-28,12.1,17.6,6.7,0.0,869.0
2020-05-29,7.2,17.1,9.6,0.0,977.0
2020-05-30,8.1,17.1,9.3,0.0,698.0
2020-05-31,12.4,17.8,8.0,0.0,595.0
2020-06-01,9.3,11.2,2.6,5.0,690.0
2020-06-02,8.4,15.6,4.9,11.6,853.0
2020-06-03,10.5,14.1,7.3,0.6,943.0
2020-06-04,9.3,13.8,9.3,0.0,893.0
2020-06-05,4.1,14.6,9.4,0.0,1147.0
2020-06-06,6.0,13.3,6.6,0.0,764.0
2020-06-07,7.9,11.8,6.3,0.0,626.0
2020-06-08,4.5,12.6,8.8,0.0,723.0
2020-06-09,2.0,15.3,9.3,0.2,936.0
2020-06-10,3.9,16.7,8.8,0.0,1107.0
2020-06-11,4.5,16.9,9.1,0.0,955.0
2020-06-12,4.2,15.3,9.2,0.0,1184.0
2020-06-13,5.7,16.4,3.4,0.0,792.0
2020-06-14,10.4,15.2,8.0,5.8,556.0
2020-06-15,11.6,18.4,8.0,0.0,1020.0
2020-06-16,13.0,17.9,6.7,0.0,1062.0
2020-06-17,10.2,14.6,8.5,0.4,1198.0
2020-06-18,4.6,16.9,9.1,0.0,1055.0
2020-06-19,6.4,17.8,8.6,0.0,1312.0
2020-06-20,12.8,16.9,8.5,1.4,987.0
2020-06-21,6.9,12.0,4.9,0.0,599.0
2020-06-22,8.1,13.0,5.5,0.0,895.0
2020-06-23,9.0,14.4,8.4,2.2,1056.0
2020-06-24,10.1,14.9,8.0,0.4,1003.0
2020-06-25,10.2,15.9,5.0,0.0,1030.0
2020-06-26,7.9,13.8,8.8,1.2,1107.0
2020-06-27,6.2,13.1,7.9,0.0,702.0
2020-06-28,1.7,12.5,9.3,0.2,605.0
2020-06-29,2.2,15.4,9.3,0.0,1015.0
2020-06-30,3.0,15.2,7.7,0.0,1036.0
2020-07-01,9.8,17.4,9.1,0.0,1047.0
2020-07-02,10.2,15.1,7.3,1.2,1130.0
2020-07-03,7.7,10.3,4.1,0.0,913.0
2020-07-04,6.5,14.5,5.7,7.8,691.0
2020-07-05,8.9,12.5,6.5,4.6,495.0
2020-07-06,8.1,13.1,5.8,1.0,895.0
2020-07-07,8.9,11.8,4.8,1.4,960.0
2020-07-08,4.9,15.7,9.4,0.0,977.0
2020-07-09,5.7,17.2,8.5,0.0,678.0
2020-07-10,6.4,16.9,7.9,0.0,840.0
2020-07-11,7.3,11.4,3.3,0.0,455.0
2020-07-12,9.0,14.2,8.3,6.8,478.0
2020-07-13,8.7,15.1,7.4,3.4,708.0
2020-07-14,7.7,14.2,7.6,0.0,774.0
2020-07-15,6.2,14.7,9.4,0.2,692.0
2020-07-16,4.2,11.5,8.7,0.0,722.0
2020-07-17,3.1,12.8,7.4,0.0,728.0
2020-07-18,4.0,12.5,8.3,0.0,521.0
2020-07-19,8.2,15.3,7.6,0.0,465.0
2020-07-20,7.6,13.8,8.2,0.6,536.0
2020-07-21,7.2,12.9,8.1,0.4,665.0
2020-07-22,8.1,13.3,8.4,0.0,617.0
2020-07-23,8.1,12.0,7.5,2.2,572.0
2020-07-24,6.1,13.5,10.5,0.0,697.0
2020-07-25,4.3,12.2,9.6,0.0,431.0
2020-07-26,5.0,12.8,7.2,0.0,417.0
2020-07-27,7.4,13.5,7.3,0.0,524.0
2020-07-28,9.6,15.6,8.0,0.4,579.0
2020-07-29,8.6,16.3,9.0,0.0,688.0
2020-07-30,8.0,14.2,11.3,0.0,622.0
2020-07-31,3.4,17.1,11.3,0.0,737.0
2020-08-01,5.7,16.4,11.1,0.0,550.0
2020-08-02,9.0,18.2,11.7,0.0,455.0
2020-08-03,7.5,16.0,10.2,0.0,480.0
2020-08-04,5.1,10.5,10.0,1.2,477.0
2020-08-05,4.7,11.3,9.6,5.8,541.0
2020-08-06,5.5,12.8,10.8,0.8,489.0
2020-08-07,3.3,12.7,5.8,0.0,437.0
2020-08-08,4.7,14.9,7.2,6.8,377.0
2020-08-09,8.9,15.8,10.2,0.2,395.0
2020-08-10,5.7,14.8,12.7,0.0,425.0
2020-08-11,4.3,15.8,10.3,0.0,446.0
2020-08-12,9.4,15.9,10.0,0.8,482.0
2020-08-13,11.4,18.1,11.0,1.2,479.0
2020-08-14,10.7,18.1,7.0,0.8,475.0
2020-08-15,7.4,14.9,13.0,2.8,470.0
2020-08-16,10.7,15.0,9.9,0.4,401.0
2020-08-17,9.5,16.3,10.4,0.0,484.0
2020-08-18,10.0,17.2,11.2,0.2,450.0
2020-08-19,9.7,12.7,7.9,1.2,422.0
2020-08-20,9.6,15.7,9.6,3.8,492.0
2020-08-21,8.5,14.1,12.2,0.4,493.0
2020-08-22,5.8,11.1,3.8,4.4,360.0
2020-08-23,6.8,11.5,8.6,25.6,455.0
2020-08-24,6.3,12.4,12.8,2.8,498.0
2020-08-25,3.6,13.0,11.2,0.0,528.0
2020-08-26,6.1,14.5,12.8,0.0,558.0
2020-08-27,8.8,20.7,13.1,0.0,420.0
2020-08-28,8.5,17.6,15.1,1.4,587.0
2020-08-29,9.2,19.3,15.6,0.0,536.0
2020-08-30,12.0,19.8,9.0,0.0,305.0
2020-08-31,6.9,12.5,13.5,1.0,455.0
2020-09-01,6.6,15.7,15.9,0.0,521.0
2020-09-02,8.6,22.0,12.1,0.0,636.0
2020-09-03,12.9,19.9,13.5,0.0,504.0
2020-09-04,9.0,17.3,12.7,0.0,494.0
2020-09-05,9.7,16.6,15.0,0.2,594.0
2020-09-06,6.9,19.2,16.9,0.2,455.0
2020-09-07,8.8,22.9,17.1,0.0,518.0
2020-09-08,16.6,19.9,4.8,0.0,551.0
2020-09-09,8.1,15.6,14.8,1.0,471.0
2020-09-10,5.4,21.4,17.5,0.0,555.0
2020-09-11,10.4,19.4,13.4,0.0,620.0
2020-09-12,13.3,16.0,4.0,1.6,430.0
2020-09-13,11.9,17.2,16.5,11.8,441.0
2020-09-14,11.1,16.6,18.1,0.0,538.0
2020-09-15,7.4,15.8,18.3,0.0,498.0
2020-09-16,7.1,22.8,17.4,0.0,632.0
2020-09-17,11.8,15.5,9.4,0.8,493.0
2020-09-18,8.4,18.7,13.6,0.0,527.0
2020-09-19,11.3,26.3,17.1,0.0,631.0
2020-09-20,17.1,22.0,16.7,0.0,434.0
2020-09-21,16.6,19.8,13.0,0.0,502.0
2020-09-22,12.3,18.9,16.8,0.0,581.0
2020-09-23,10.6,15.1,12.3,0.2,596.0
2020-09-24,8.2,15.0,13.9,1.6,539.0
2020-09-25,7.2,11.9,7.2,3.2,467.0
2020-09-26,6.2,13.4,15.0,9.4,495.0
2020-09-27,8.8,13.4,20.9,3.0,445.0
2020-09-28,6.5,13.6,18.3,0.0,518.0
2020-09-29,4.3,21.0,18.4,0.0,650.0
2020-09-30,10.7,19.4,13.0,0.6,597.0
2020-10-01,9.4,19.5,21.2,1.8,669.0
2020-10-02,12.8,26.0,22.0,0.0,734.0
2020-10-03,17.4,29.4,19.8,0.0,584.0
2020-10-04,13.5,29.5,8.4,0.0,441.0
2020-10-05,9.1,12.7,7.3,12.8,503.0
2020-10-06,8.9,12.6,5.8,1.0,481.0
2020-10-07,10.1,17.2,8.6,3.2,465.0
2020-10-08,11.4,16.9,9.7,5.4,547.0
2020-10-09,11.7,16.7,12.1,1.2,646.0
2020-10-10,10.8,19.4,17.7,0.0,606.0
2020-10-11,11.5,16.0,20.7,0.0,357.0
2020-10-12,6.3,25.5,20.0,0.0,577.0
2020-10-13,10.6,16.6,13.6,0.2,512.0
2020-10-14,11.9,22.7,21.8,0.0,709.0
2020-10-15,13.8,24.8,5.1,0.0,608.0
2020-10-16,9.4,18.2,18.2,1.4,723.0
2020-10-17,11.9,19.2,17.8,8.4,547.0
2020-10-18,11.3,15.2,19.2,0.2,413.0
2020-10-19,8.2,15.5,17.6,0.0,617.0
2020-10-20,7.3,16.6,23.4,0.0,672.0
2020-10-21,10.4,18.1,20.5,0.0,715.0
2020-10-22,9.2,18.0,25.2,0.0,737.0
2020-10-23,12.9,19.7,11.0,0.0,524.0
2020-10-24,11.8,14.9,11.3,32.2,437.0
2020-10-25,8.3,14.6,17.2,6.4,384.0
2020-10-26,9.2,17.9,26.5,0.0,609.0
2020-10-27,11.1,19.6,20.1,0.0,558.0
2020-10-28,9.5,20.9,26.7,0.0,678.0
2020-10-29,11.2,24.3,17.1,0.0,679.0
2020-10-30,12.9,18.6,21.0,0.0,763.0
2020-10-31,14.2,16.8,10.0,0.0,638.0
2020-11-01,12.6,17.0,23.2,0.0,515.0
2020-11-02,9.6,29.5,26.8,0.0,694.0
2020-11-03,12.1,30.4,26.9,0.0,545.0
2020-11-04,21.9,22.8,5.5,0.0,612.0
2020-11-05,11.1,15.8,23.1,2.8,670.0
2020-11-06,9.5,16.6,13.2,0.2,656.0
2020-11-07,11.3,16.1,22.9,1.6,718.0
2020-11-08,8.4,19.5,28.9,0.0,545.0
2020-11-09,11.3,29.0,28.8,0.0,753.0
2020-11-10,16.1,32.0,29.1,0.0,664.0
2020-11-11,22.8,28.3,6.5,0.0,750.0
2020-11-12,19.3,25.5,20.6,4.0,711.0
2020-11-13,15.4,20.6,18.6,0.0,728.0
2020-11-14,13.5,21.0,24.6,0.2,736.0
2020-11-15,12.3,32.5,14.6,0.0,586.0
2020-11-16,18.2,24.3,29.7,0.0,756.0
2020-11-17,11.9,21.1,28.7,0.0,743.0
2020-11-18,10.8,29.5,30.2,0.0,803.0
2020-11-19,16.1,34.4,29.1,0.0,726.0
2020-11-20,15.6,20.2,29.5,0.0,755.0
2020-11-21,13.3,25.7,18.8,0.0,839.0
2020-11-22,16.1,28.2,9.8,0.0,651.0
2020-11-23,16.6,18.8,12.6,30.2,661.0
2020-11-24,13.5,20.3,20.7,6.0,724.0
2020-11-25,13.2,30.5,29.5,0.0,811.0
2020-11-26,15.8,19.4,26.5,0.0,793.0
2020-11-27,10.2,36.0,29.0,0.0,881.0
2020-11-28,16.0,22.9,7.8,0.0,838.0
2020-11-29,14.4,18.6,19.9,2.8,607.0
2020-11-30,12.1,27.2,30.3,1.0,859.0
2020-12-01,16.8,26.2,8.6,0.0,716.0
2020-12-02,11.9,18.6,29.2,0.2,731.0
2020-12-03,10.6,23.7,31.2,0.0,794.0
2020-12-04,11.4,22.9,31.6,0.0,1149.0
2020-12-05,13.9,28.4,7.9,0.0,871.0
2020-12-06,12.9,20.5,15.5,1.4,639.0
2020-12-07,11.3,17.3,20.9,2.6,805.0
2020-12-08,10.6,17.1,13.2,6.0,725.0
2020-12-09,11.7,21.5,30.9,0.0,1069.0
2020-12-10,13.1,17.7,28.1,0.6,1012.0
2020-12-11,9.6,21.1,32.0,0.0,1249.0
2020-12-12,11.9,28.1,31.8,0.0,1043.0
2020-12-13,16.0,30.2,28.4,0.0,769.0
2020-12-14,17.7,33.7,32.0,0.0,851.0
2020-12-15,20.4,33.5,26.9,0.0,846.0
2020-12-16,15.8,24.6,22.4,0.0,852.0
2020-12-17,15.5,25.7,25.5,0.0,918.0
2020-12-18,12.5,18.4,19.3,7.6,1335.0
2020-12-19,12.3,19.9,27.8,0.2,960.0
2020-12-20,9.9,18.9,31.3,0.0,643.0
2020-12-21,11.2,21.5,13.2,0.0,700.0
2020-12-22,13.8,20.4,8.5,13.2,785.0
2020-12-23,13.5,19.5,24.8,6.0,842.0
2020-12-24,13.4,18.7,23.1,1.0,853.0
2020-12-25,13.6,20.0,23.0,0.0,548.0
2020-12-26,10.2,27.4,32.1,0.0,612.0
2020-12-27,16.2,31.9,3.3,0.0,574.0
2020-12-28,11.5,17.8,26.5,3.2,617.0
2020-12-29,9.0,21.3,30.7,0.0,874.0
2020-12-30,13.7,21.4,30.3,0.0,726.0
2020-12-31,15.5,21.2,7.3,0.0,971.0
2021-01-01,15.6,29.9,27.3,0.0,828.0
2021-01-02,18.4,29.0,13.9,0.0,573.0
2021-01-03,17.0,26.2,19.7,12.6,497.0
2021-01-04,16.0,18.6,8.1,2.6,510.0
2021-01-05,15.9,19.1,8.0,11.2,720.0
2021-01-06,13.7,19.2,16.4,1.2,757.0
2021-01-07,14.7,25.7,30.0,0.0,803.0
2021-01-08,12.7,24.3,31.7,0.0,794.0
2021-01-09,14.2,27.9,31.6,0.0,877.0
2021-01-10,16.9,33.5,29.1,0.0,615.0
2021-01-11,19.2,36.7,26.3,0.0,741.0
2021-01-12,18.3,21.6,24.4,0.0,772.0
2021-01-13,14.5,27.0,21.8,0.0,846.0
2021-01-14,15.0,22.2,26.4,0.0,831.0
2021-01-15,13.2,20.6,15.5,0.0,887.0
2021-01-16,11.0,20.1,14.5,2.6,831.0
2021-01-17,12.9,20.2,28.9,0.0,633.0
2021-01-18,14.1,22.6,25.5,0.0,868.0
2021-01-19,14.2,18.9,26.6,0.0,1000.0
2021-01-20,10.3,22.6,30.5,0.0,1524.0
2021-01-21,12.7,31.6,30.0,0.0,1018.0
2021-01-22,15.8,25.0,29.3,0.0,1160.0
2021-01-23,14.7,26.7,29.8,0.0,1148.0
2021-01-24,16.1,37.8,24.4,0.0,630.0
2021-01-25,22.2,39.2,17.5,0.0,754.0
2021-01-26,17.7,19.3,5.5,10.6,591.0
2021-01-27,14.3,25.8,28.1,0.4,905.0
2021-01-28,15.4,25.5,10.9,0.0,815.0
2021-01-29,18.9,21.6,3.8,3.6,869.0
2021-01-30,16.7,21.9,19.1,43.2,1011.0
2021-01-31,16.4,21.8,25.3,0.0,652.0
2021-02-01,13.4,20.3,10.5,0.0,836.0
2021-02-02,14.5,19.3,19.9,0.0,887.0
2021-02-03,13.7,25.9,28.4,0.0,1039.0
2021-02-04,13.5,30.6,18.6,0.0,875.0
2021-02-05,17.3,29.8,12.1,0.4,869.0
2021-02-06,16.9,25.4,15.1,1.6,1029.0
2021-02-07,14.7,19.2,15.7,1.8,638.0
2021-02-08,15.0,19.2,12.8,0.4,890.0
2021-02-09,12.0,25.2,27.6,0.0,998.0
2021-02-10,13.8,31.5,27.0,0.0,1229.0
2021-02-11,17.2,32.8,16.0,0.0,898.0
2021-02-12,17.4,23.3,19.4,4.6,1115.0
2021-02-13,14.7,20.8,19.9,0.0,451.0
2021-02-14,12.7,20.0,20.0,0.0,397.0
2021-02-15,14.4,24.6,22.3,0.0,532.0
2021-02-16,15.9,31.3,20.7,0.0,514.0
2021-02-17,16.6,28.8,25.9,0.0,532.0
2021-02-18,18.1,31.8,25.8,0.0,916.0
2021-02-19,18.2,32.6,25.4,0.0,1099.0
2021-02-20,20.3,23.8,13.7,0.0,1029.0
2021-02-21,17.9,20.6,7.4,0.0,619.0
2021-02-22,15.9,21.8,17.1,0.0,896.0
2021-02-23,13.1,19.2,22.1,0.0,1003.0
2021-02-24,13.0,20.2,23.3,0.0,1056.0
2021-02-25,11.3,24.3,18.9,0.0,1185.0
2021-02-26,13.3,19.7,15.7,0.4,1194.0
2021-02-27,11.3,18.6,11.8,0.0,1403.0
2021-02-28,10.6,26.7,23.3,0.0,861.0
2021-03-01,13.8,21.7,17.50028801,1.672,4691.346236705779
2021-03-02,13.3,18.1,17.02347755,0.184,3820.6316493153568
2021-03-03,14.2,17.7,16.96634483,0.016,2240.396307379007
2021-03-04,13.6,21.4,16.83705902,1.024,3888.1579577922816
2021-03-05,15.0,18.0,16.60729599,1.464,4645.24101448059
2021-03-06,14.2,19.4,16.39079857,1.192,4582.023484349251
2021-03-07,11.3,28.5,16.19961929,1.136,4693.0551619529715
2021-03-08,13.7,19.6,16.00971603,1.672,5073.96293067932
2021-03-09,13.5,19.6,15.81366539,0.184,3920.728699088096
2021-03-10,12.2,20.1,15.61057663,0.016,2562.415439009666
2021-03-11,11.6,24.7,15.38813972,1.04,4126.97884953022
2021-03-12,14.9,30.3,15.13615417,1.464,4898.957598805427
2021-03-13,17.7,27.2,14.85938835,1.136,4769.426052570342
2021-03-14,11.0,17.7,14.57345963,0.8640000000000001,4900.944130301475
2021-03-15,8.9,22.2,14.28928852,1.672,5316.5653841495505
2021-03-16,11.1,20.6,14.02589035,0.184,4058.7992253303523
2021-03-17,13.9,26.4,13.79098988,0.016,2619.0412322878833
2021-03-18,13.8,24.9,13.587806699999998,1.0959999999999999,4196.183264255524
2021-03-19,14.2,26.1,13.41819,1.464,5031.356958746909
2021-03-20,14.0,26.0,13.27713585,1.136,4619.16014266014
2021-03-21,16.7,21.7,13.15519047,1.368,4712.279629945754
2021-03-22,17.5,24.2,13.03927994,1.672,5018.992658734321
2021-03-23,17.6,22.0,12.92776585,0.184,3851.094700455665
2021-03-24,17.0,20.3,12.82444191,0.016,2363.6747728586192
2021-03-25,15.5,21.1,12.73403454,1.0959999999999999,3984.4087494611736
2021-03-26,11.2,22.0,12.65167618,1.464,4883.16556739807
2021-03-27,13.2,21.3,12.55430222,1.136,4684.114358663558
2021-03-28,12.4,20.2,12.40964699,1.368,4786.387323856353
2021-03-29,13.8,18.2,12.19632053,1.672,5156.53243947029
2021-03-30,9.8,18.9,11.93506908,0.184,3981.510116755962
2021-03-31,11.4,22.8,11.70059299,0.016,2286.3957804441447
2021-04-01,12.4,29.9,11.56360722,0.23199999999999998,3733.8931063413615
2021-04-02,13.5,30.6,11.51297283,0.136,4840.544538855552
2021-04-03,15.1,31.6,11.50126839,1.3119999999999998,4678.762674808501
2021-04-04,15.2,24.5,11.50060558,1.296,4736.113773226737
2021-04-05,16.0,19.0,11.49483395,2.8480000000000003,5090.293235898017
2021-04-06,12.8,20.2,11.46395969,1.6159999999999999,3988.9050296545024
2021-04-07,14.9,23.0,11.38868809,1.7919999999999998,2325.2375998497005
2021-04-08,11.9,16.4,11.27811527,1.12,3798.273289084434
2021-04-09,11.7,18.6,11.14348125,0.96,4831.239083290099
2021-04-10,8.9,21.2,10.98974895,0.872,4696.543590307235
2021-04-11,12.7,22.0,10.81997299,1.3519999999999999,4559.912852406502
2021-04-12,13.0,15.7,10.63897991,3.44,4906.271347165107
2021-04-13,11.0,15.3,10.45710754,1.976,3769.321780443191
2021-04-14,12.2,18.3,10.28784561,1.248,2120.0974038839336
2021-04-15,12.1,23.4,10.14134026,0.7440000000000001,3535.5867292881007
2021-04-16,15.6,23.5,10.01673508,0.968,4772.060018301009
2021-04-17,15.4,21.5,9.90784359,0.7440000000000001,4440.010949373245
2021-04-18,11.4,18.4,9.80524826,1.176,4486.877941966057
2021-04-19,12.9,16.4,9.702578545,2.168,4954.957836985587
2021-04-20,11.2,19.4,9.598280907000001,1.976,3548.987582802772
2021-04-21,12.0,20.8,9.494164467000001,1.896,2007.5904137492178
2021-04-22,8.5,19.6,9.393158912999999,1.128,3576.666337370872
2021-04-23,12.8,18.2,9.297883034,0.792,4491.590190410614
2021-04-24,9.6,19.7,9.210002899,0.72,4344.276317119598
2021-04-25,15.1,22.3,9.130331039,1.5519999999999998,4408.938811302185
2021-04-26,10.5,21.7,9.058904648,2.112,4734.882895350455
2021-04-27,15.4,17.7,8.993947983,1.96,3578.9965830445285
2021-04-28,8.1,18.1,8.931713104,1.896,2073.500724494457
2021-04-29,7.1,18.9,8.866534233,1.08,3567.6069632768626
2021-04-30,11.2,19.8,8.792807579,0.8640000000000001,4354.631030201912
2021-05-01,7.6,22.8,8.714595795,1.192,4424.395362615585
2021-05-02,7.6,13.0,8.634907722000001,1.224,4598.3274405002585
2021-05-03,8.3,14.2,8.568789482,2.6719999999999997,4861.144334077834
2021-05-04,9.8,15.0,8.515591621,2.1519999999999997,3649.4104670286174
2021-05-05,9.4,14.8,8.465438843,1.944,1899.8300199508667
2021-05-06,8.0,19.5,8.409453392,1.56,3546.938942790031
2021-05-07,10.2,20.1,8.355529785,1.216,4247.565828323364
2021-05-08,15.1,21.1,8.312355995,0.92,4372.43076646328
2021-05-09,12.6,19.6,8.274360657,1.2,4650.814783334731
2021-05-10,12.6,14.0,8.240908623,1.992,4948.06849682331
2021-05-11,7.2,14.5,8.211007118,2.04,3653.4743402004237
2021-05-12,7.8,17.1,8.183589935,1.3119999999999998,2027.9789459109304
2021-05-13,10.3,14.8,8.158020973,1.6640000000000001,3549.632429182529
2021-05-14,10.4,14.5,8.13489151,1.04,4368.56262922287
2021-05-15,6.6,14.7,8.116175652,0.968,4325.699753880501
2021-05-16,4.5,15.3,8.100535393,1.12,4426.205449461937
2021-05-17,4.5,18.0,8.088443756,1.784,4682.82513642311
2021-05-18,5.1,18.5,8.079332352,2.104,3558.824254393577
2021-05-19,5.5,19.4,8.072798729,1.528,1923.2214047908783
2021-05-20,8.1,17.7,8.067967415,1.6480000000000001,3499.8811547160144
2021-05-21,10.3,15.8,8.064453125,1.4080000000000001,4566.9353494644165
2021-05-22,9.4,13.7,8.061865807,0.976,4230.78100168705
2021-05-23,9.1,13.6,8.059928894,0.8,4441.709523200989
2021-05-24,9.4,13.5,8.058448792,1.088,4728.09330523014
2021-05-25,10.9,13.8,8.057308197000001,1.4880000000000002,3551.1832600235934
2021-05-26,5.5,16.0,8.056412697,2.272,1898.8281672298908
2021-05-27,5.4,18.5,8.055702209,1.192,3351.712113022804
2021-05-28,5.9,17.1,8.055120468,0.848,4264.855521917343
2021-05-29,12.1,17.6,8.054641724,1.1440000000000001,4030.7424086928363
2021-05-30,7.2,17.1,8.054216385,0.7120000000000001,4231.533832192421
2021-05-31,8.1,17.1,8.053238869,1.192,4610.2231035232535
2021-06-01,12.4,14.6,8.049744606,0.856,3469.8281609416003
2021-06-02,9.3,11.2,8.049023627999999,0.8320000000000001,1920.4545174241066
2021-06-03,8.4,15.6,8.191952705,1.248,3524.2876844406123
2021-06-04,10.5,14.1,8.273285866,1.064,4288.755537867546
2021-06-05,9.3,13.8,8.258850098,1.3119999999999998,4212.293366551399
2021-06-06,4.1,14.6,8.174314499,1.624,4243.587824881077
2021-06-07,6.0,13.3,8.2253685,1.272,4506.037948846817
2021-06-08,7.9,11.8,8.298253059,0.8640000000000001,3360.5696344375606
2021-06-09,4.5,12.6,8.424170494,0.96,1927.1928209662437
2021-06-10,2.0,15.3,8.51627636,1.224,3546.429841160774
2021-06-11,3.9,16.7,8.574118614,1.4880000000000002,4334.023706674576
2021-06-12,4.5,16.9,8.612952232,1.4,4336.7150757312775
2021-06-13,4.2,15.3,8.660068512,1.48,4496.880706787109
2021-06-14,5.7,16.4,8.770003319,1.0,4582.699149727821
2021-06-15,10.4,15.2,8.917321205,1.112,3507.4838017821307
2021-06-16,11.6,18.4,9.027005196000001,0.8,1819.088242471218
2021-06-17,13.0,17.9,9.089910507,1.5119999999999998,3421.8505080938335
2021-06-18,10.2,14.6,9.143449783,1.96,4447.488438367844
2021-06-19,4.6,16.9,9.23133564,2.184,4283.712985038757
2021-06-20,6.4,17.8,9.365983963,1.568,4365.717400431633
2021-06-21,12.8,16.9,9.54609108,0.912,4667.6951253414145
2021-06-22,6.9,12.0,9.724779129,0.672,3527.199021160602
2021-06-23,8.1,13.0,9.838585854,0.9279999999999999,1873.7972587049007
2021-06-24,9.0,14.4,9.968317032,1.2,3509.304240047931
2021-06-25,10.1,14.9,10.09558105,1.96,4425.486496329308
2021-06-26,10.2,15.9,10.22276497,2.128,4354.433882713318
2021-06-27,7.9,13.8,10.36566925,2.408,4472.452768445015
2021-06-28,6.2,13.1,10.52476311,0.848,4814.689045667647
2021-06-29,1.7,12.5,10.66897488,1.032,3588.3730869889255
2021-06-30,2.2,15.4,10.78811455,1.376,2071.934366524219
2021-07-01,3.0,15.2,10.89555931,1.632,3784.2551145553584
2021-07-02,9.8,17.4,11.00112438,2.136,4562.427306294441
2021-07-03,10.2,15.1,11.12783241,2.536,4603.305061697959
2021-07-04,7.7,10.3,11.25209236,2.88,4627.123207330703
2021-07-05,6.5,14.5,11.36646366,0.47200000000000003,4971.990156650542
2021-07-06,8.9,12.5,11.46316719,0.7092883000000001,3809.8805239200587
2021-07-07,8.1,13.1,11.54307461,1.5812883,2162.2414437234397
2021-07-08,8.9,11.8,11.603120800000001,1.632,3619.092571020126
2021-07-09,4.9,15.7,11.652174,1.224,4588.847422361374
2021-07-10,5.7,17.2,11.69258881,2.384,4526.31402695179
2021-07-11,6.4,16.9,11.72402,1.528,4608.750378847121
2021-07-12,7.3,11.4,11.75116539,0.584,4813.5278046131125
2021-07-13,9.0,14.2,11.77812386,0.8692883,3673.163210511207
2021-07-14,8.7,15.1,11.79970455,1.7732883000000002,2100.8376469612117
2021-07-15,7.7,14.2,11.81694603,1.344,3617.309774279594
2021-07-16,6.2,14.7,11.83403587,0.9279999999999999,4589.935732960701
2021-07-17,4.2,11.5,11.85100842,2.24,4264.693663358688
2021-07-18,3.1,12.8,11.87024307,1.536,4338.481404304504
2021-07-19,4.0,12.5,11.88867092,0.496,4536.883296728134
2021-07-20,8.2,15.3,11.90900421,0.8532883,3544.8056093454356
2021-07-21,7.6,13.8,11.92953968,2.0052883,1863.5193578600883
2021-07-22,7.2,12.9,11.94863415,1.208,3530.503947079181
2021-07-23,8.1,13.3,11.96679592,1.76,4475.130021929741
2021-07-24,8.1,12.0,11.98438644,1.632,4304.5240433216095
2021-07-25,6.1,13.5,12.00046539,0.904,4282.36353635788
2021-07-26,4.3,12.2,12.01399517,0.408,4838.299692392348
2021-07-27,5.0,12.8,12.02508163,0.8932883,3527.2081962823863
2021-07-28,7.4,13.5,12.03422737,1.1732883,2028.9947965741155
2021-07-29,9.6,15.6,12.041944500000001,1.208,3637.4686931371684
2021-07-30,8.6,16.3,12.04881668,0.544,4456.613214612007
2021-07-31,8.0,14.2,12.05461788,1.76,4476.460649847984
2021-08-01,5.7,16.4,12.06091595,1.8719999999999999,4598.66574370861
2021-08-02,5.7,16.4,12.06690979,0.376,4821.965152502059
2021-08-03,9.0,18.2,12.07227421,0.18128829999999999,3754.3759775757785
2021-08-04,7.5,16.0,12.07810593,1.1732883,2079.886373996734
2021-08-05,5.1,10.5,12.08407784,2.68,3710.988708734512
2021-08-06,4.7,11.3,12.08990002,2.144,4612.061892032622
2021-08-07,5.5,12.8,12.09551907,1.8880000000000001,4517.0932648181915
2021-08-08,3.3,12.7,12.10107231,1.4,4596.743202805518
2021-08-09,4.7,14.9,12.10643005,0.408,4847.102633595466
2021-08-10,8.9,15.8,12.11149979,0.18128829999999999,3636.1761772632594
2021-08-11,5.7,14.8,12.11601448,1.1732883,1908.4365194439888
2021-08-12,4.3,15.8,12.1204052,2.688,3658.861077725887
2021-08-13,9.4,15.9,12.12477016,2.968,4598.127469897269
2021-08-14,11.4,18.1,12.12853241,1.88,4498.39107298851
2021-08-15,10.7,18.1,12.13189125,1.4,4551.8298053741455
2021-08-16,7.4,14.9,12.13496685,0.41600000000000004,5132.873799800872
2021-08-17,10.7,15.0,12.13786411,0.234576599,3868.3919223546977
2021-08-18,9.5,16.3,12.14069843,1.1440000000000001,2243.3742225468154
2021-08-19,10.0,17.2,12.14340305,2.8560000000000003,3839.685554146766
2021-08-20,9.7,12.7,12.14604282,2.872,4604.981991648673
2021-08-21,9.6,15.7,12.14858055,1.88,4611.855804681777
2021-08-22,8.5,14.1,12.15097046,2.24,4656.221988439559
2021-08-23,5.8,11.1,12.15322876,0.32,5066.019627809524
2021-08-24,6.8,11.5,12.15545559,0.816,3715.1396279335017
2021-08-25,6.3,12.4,12.1576376,1.52,2389.1256196498866
2021-08-26,3.6,13.0,12.15967178,2.8160000000000003,4001.6121028065677
2021-08-27,6.1,14.5,12.16157436,3.488,4878.74786388874
2021-08-28,8.8,20.7,12.16338158,1.768,4724.8382543325415
2021-08-29,8.5,17.6,12.16510105,2.032,4981.552515625953
2021-08-30,9.2,19.3,12.16672134,0.32,5193.616399645804
2021-08-31,12.0,19.8,12.16824913,0.336,3950.880972385406
