date_hour,0,1,2,3,4,5,6,7,8,9
2025-06-01 10:00:00,25.0,39.0,19.0,31.0,18.0,32.0,20.0,17.0,26.0,14.0
2025-06-01 11:00:00,32.0,31.0,28.0,27.0,18.0,25.0,18.0,27.0,25.0,14.0
2025-06-01 12:00:00,30.0,29.0,20.0,37.0,17.0,34.0,13.0,13.0,32.0,13.0
2025-06-01 13:00:00,27.0,26.0,7.0,24.0,24.0,29.0,21.0,14.0,19.0,13.0
2025-06-01 14:00:00,25.0,30.0,23.0,25.0,15.0,39.0,20.0,20.0,28.0,17.0
2025-06-01 15:00:00,30.0,36.0,15.0,39.0,18.0,30.0,17.0,23.0,16.0,11.0
2025-06-01 16:00:00,20.0,33.0,16.0,39.0,13.0,25.0,28.0,15.0,22.0,16.0
2025-06-01 17:00:00,23.0,40.0,23.0,37.0,11.0,41.0,22.0,23.0,28.0,13.0
2025-06-01 18:00:00,22.0,37.0,17.0,28.0,22.0,27.0,18.0,20.0,35.0,14.0
2025-06-01 19:00:00,20.0,38.0,19.0,49.0,15.0,34.0,26.0,21.0,19.0,18.0
2025-06-01 20:00:00,25.0,33.0,18.0,36.0,12.0,21.0,20.0,14.0,18.0,16.0
2025-06-01 21:00:00,22.0,31.0,16.0,40.0,14.0,45.0,24.0,25.0,19.0,16.0
2025-06-01 22:00:00,26.0,36.0,12.0,25.0,17.0,34.0,17.0,14.0,27.0,14.0
2025-06-01 23:00:00,23.0,32.0,18.0,34.0,17.0,35.0,17.0,13.0,20.0,23.0
2025-06-02 00:00:00,26.0,35.0,8.0,39.0,10.0,28.0,22.0,18.0,25.0,15.0
2025-06-02 01:00:00,19.0,33.0,17.0,30.0,24.0,28.0,22.0,21.0,22.0,21.0
2025-06-02 02:00:00,27.0,34.0,14.0,27.0,16.0,36.0,18.0,13.0,20.0,18.0
2025-06-02 03:00:00,23.0,28.0,21.0,50.0,19.0,36.0,19.0,12.0,10.0,11.0
2025-06-02 04:00:00,19.0,33.0,21.0,39.0,23.0,26.0,17.0,20.0,28.0,12.0
2025-06-02 05:00:00,26.0,30.0,20.0,33.0,11.0,34.0,18.0,12.0,21.0,15.0
2025-06-02 06:00:00,24.0,30.0,14.0,29.0,19.0,37.0,21.0,19.0,14.0,18.0
2025-06-02 07:00:00,25.0,39.0,23.0,32.0,19.0,29.0,17.0,22.0,35.0,21.0
2025-06-02 08:00:00,27.0,34.0,16.0,36.0,16.0,38.0,31.0,5.0,17.0,17.0
2025-06-02 09:00:00,20.0,29.0,18.0,38.0,10.0,21.0,11.0,19.0,25.0,14.0
2025-06-02 10:00:00,28.0,34.0,23.0,37.0,18.0,32.0,19.0,21.0,22.0,18.0
2025-06-02 11:00:00,26.0,30.0,21.0,26.0,16.0,41.0,20.0,18.0,26.0,8.0
2025-06-02 12:00:00,27.0,30.0,23.0,26.0,17.0,35.0,24.0,29.0,22.0,14.0
2025-06-02 13:00:00,33.0,32.0,26.0,23.0,14.0,31.0,22.0,21.0,25.0,18.0
2025-06-02 14:00:00,31.0,38.0,19.0,37.0,20.0,36.0,23.0,19.0,14.0,16.0
2025-06-02 15:00:00,27.0,37.0,22.0,35.0,16.0,26.0,13.0,18.0,21.0,15.0
2025-06-02 16:00:00,25.0,43.0,19.0,30.0,14.0,32.0,17.0,22.0,22.0,19.0
2025-06-02 17:00:00,23.0,34.0,15.0,28.0,24.0,31.0,16.0,15.0,25.0,9.0
2025-06-02 18:00:00,22.0,37.0,20.0,35.0,14.0,26.0,15.0,18.0,21.0,20.0
2025-06-02 19:00:00,24.0,41.0,15.0,28.0,20.0,37.0,15.0,17.0,25.0,19.0
2025-06-02 20:00:00,28.0,38.0,15.0,25.0,19.0,25.0,32.0,17.0,20.0,10.0
2025-06-02 21:00:00,34.0,33.0,20.0,36.0,26.0,39.0,24.0,18.0,21.0,15.0
2025-06-02 22:00:00,27.0,37.0,21.0,32.0,15.0,32.0,19.0,21.0,28.0,12.0
2025-06-02 23:00:00,32.0,50.0,23.0,34.0,25.0,41.0,27.0,14.0,17.0,13.0
2025-06-03 00:00:00,27.0,32.0,20.0,35.0,19.0,35.0,17.0,22.0,32.0,9.0
2025-06-03 01:00:00,16.0,36.0,14.0,38.0,14.0,26.0,16.0,20.0,18.0,14.0
2025-06-03 02:00:00,30.0,31.0,15.0,37.0,15.0,34.0,18.0,14.0,18.0,15.0
2025-06-03 03:00:00,26.0,43.0,18.0,35.0,16.0,35.0,24.0,17.0,17.0,16.0
2025-06-03 04:00:00,15.0,38.0,16.0,38.0,17.0,37.0,20.0,15.0,22.0,14.0
2025-06-03 05:00:00,33.0,35.0,24.0,26.0,11.0,25.0,18.0,15.0,26.0,11.0
2025-06-03 06:00:00,29.0,38.0,17.0,37.0,12.0,38.0,16.0,17.0,22.0,15.0
2025-06-03 07:00:00,33.0,55.0,17.0,39.0,21.0,29.0,31.0,15.0,33.0,12.0
2025-06-03 08:00:00,30.0,35.0,15.0,32.0,12.0,36.0,19.0,16.0,18.0,8.0
2025-06-03 09:00:00,36.0,41.0,23.0,34.0,12.0,31.0,14.0,11.0,18.0,21.0
2025-06-03 10:00:00,23.0,41.0,19.0,35.0,12.0,25.0,14.0,17.0,23.0,11.0
2025-06-03 11:00:00,21.0,38.0,26.0,30.0,11.0,36.0,23.0,18.0,12.0,11.0
2025-06-03 12:00:00,28.0,30.0,20.0,26.0,21.0,35.0,17.0,19.0,23.0,16.0
2025-06-03 13:00:00,23.0,36.0,15.0,26.0,14.0,41.0,16.0,20.0,20.0,21.0
2025-06-03 14:00:00,22.0,39.0,19.0,29.0,17.0,34.0,14.0,17.0,20.0,18.0
2025-06-03 15:00:00,22.0,33.0,14.0,32.0,24.0,33.0,19.0,13.0,21.0,18.0
2025-06-03 16:00:00,24.0,24.0,13.0,26.0,17.0,33.0,24.0,16.0,22.0,14.0
2025-06-03 17:00:00,18.0,26.0,25.0,29.0,19.0,37.0,17.0,25.0,26.0,19.0
2025-06-03 18:00:00,31.0,35.0,22.0,41.0,23.0,32.0,18.0,23.0,24.0,22.0
2025-06-03 19:00:00,28.0,40.0,17.0,27.0,9.0,34.0,14.0,18.0,29.0,17.0
2025-06-03 20:00:00,21.0,32.0,22.0,43.0,17.0,38.0,10.0,27.0,30.0,16.0
2025-06-03 21:00:00,26.0,36.0,15.0,33.0,17.0,39.0,22.0,14.0,23.0,13.0
2025-06-03 22:00:00,21.0,32.0,11.0,35.0,21.0,26.0,13.0,20.0,17.0,19.0
2025-06-03 23:00:00,24.0,45.0,19.0,25.0,15.0,32.0,17.0,14.0,26.0,18.0
2025-06-04 00:00:00,23.0,32.0,14.0,29.0,13.0,28.0,21.0,18.0,21.0,12.0
2025-06-04 01:00:00,29.0,25.0,22.0,38.0,12.0,39.0,20.0,17.0,17.0,21.0
2025-06-04 02:00:00,21.0,28.0,17.0,38.0,19.0,37.0,20.0,29.0,22.0,17.0
2025-06-04 03:00:00,30.0,33.0,16.0,41.0,14.0,32.0,22.0,17.0,24.0,21.0
2025-06-04 04:00:00,22.0,31.0,17.0,39.0,19.0,28.0,21.0,23.0,23.0,15.0
2025-06-04 05:00:00,26.0,30.0,17.0,27.0,12.0,28.0,16.0,19.0,18.0,10.0
2025-06-04 06:00:00,25.0,24.0,18.0,37.0,12.0,37.0,28.0,28.0,11.0,14.0
2025-06-04 07:00:00,29.0,31.0,19.0,41.0,16.0,35.0,20.0,17.0,24.0,10.0
2025-06-04 08:00:00,34.0,44.0,15.0,33.0,16.0,44.0,23.0,18.0,27.0,13.0
2025-06-04 09:00:00,31.0,47.0,16.0,33.0,18.0,28.0,14.0,19.0,28.0,15.0
2025-06-04 10:00:00,27.0,35.0,18.0,44.0,16.0,23.0,17.0,17.0,23.0,15.0
2025-06-04 11:00:00,39.0,35.0,10.0,31.0,17.0,38.0,19.0,16.0,22.0,15.0
2025-06-04 12:00:00,22.0,35.0,20.0,34.0,17.0,34.0,20.0,26.0,18.0,14.0
2025-06-04 13:00:00,34.0,41.0,24.0,35.0,17.0,37.0,17.0,14.0,21.0,17.0
2025-06-04 14:00:00,24.0,29.0,20.0,29.0,13.0,36.0,23.0,12.0,33.0,11.0
2025-06-04 15:00:00,18.0,38.0,19.0,32.0,14.0,28.0,24.0,19.0,23.0,26.0
2025-06-04 16:00:00,28.0,32.0,20.0,24.0,24.0,31.0,20.0,20.0,26.0,19.0
2025-06-04 17:00:00,26.0,36.0,21.0,32.0,15.0,44.0,21.0,22.0,29.0,15.0
2025-06-04 18:00:00,20.0,22.0,17.0,23.0,14.0,29.0,17.0,22.0,26.0,20.0
2025-06-04 19:00:00,24.0,37.0,13.0,29.0,21.0,40.0,24.0,15.0,13.0,19.0
2025-06-04 20:00:00,23.0,33.0,19.0,23.0,12.0,31.0,19.0,16.0,22.0,19.0
2025-06-04 21:00:00,21.0,36.0,15.0,34.0,16.0,40.0,16.0,13.0,22.0,12.0
2025-06-04 22:00:00,24.0,28.0,25.0,31.0,18.0,25.0,20.0,13.0,18.0,22.0
2025-06-04 23:00:00,31.0,34.0,23.0,29.0,11.0,30.0,16.0,18.0,27.0,16.0
2025-06-05 00:00:00,20.0,36.0,22.0,29.0,19.0,29.0,19.0,20.0,25.0,14.0
2025-06-05 01:00:00,16.0,44.0,20.0,27.0,18.0,46.0,23.0,13.0,19.0,13.0
2025-06-05 02:00:00,26.0,43.0,18.0,47.0,18.0,42.0,12.0,14.0,19.0,15.0
2025-06-05 03:00:00,34.0,35.0,22.0,38.0,14.0,33.0,18.0,12.0,22.0,13.0
2025-06-05 04:00:00,29.0,29.0,23.0,28.0,18.0,29.0,14.0,22.0,21.0,20.0
2025-06-05 05:00:00,23.0,27.0,18.0,38.0,19.0,34.0,13.0,18.0,23.0,12.0
2025-06-05 06:00:00,23.0,33.0,21.0,33.0,22.0,37.0,32.0,17.0,28.0,16.0
2025-06-05 07:00:00,19.0,36.0,20.0,42.0,19.0,39.0,16.0,17.0,18.0,12.0
2025-06-05 08:00:00,30.0,40.0,16.0,34.0,20.0,26.0,12.0,17.0,25.0,20.0
2025-06-05 09:00:00,19.0,30.0,15.0,25.0,19.0,27.0,21.0,16.0,23.0,16.0
2025-06-05 10:00:00,27.0,28.0,19.0,45.0,14.0,28.0,23.0,20.0,20.0,15.0
2025-06-05 11:00:00,34.0,40.0,25.0,31.0,14.0,38.0,14.0,20.0,23.0,14.0
2025-06-05 12:00:00,20.0,25.0,19.0,30.0,14.0,34.0,24.0,18.0,21.0,16.0
2025-06-05 13:00:00,19.0,39.0,20.0,39.0,10.0,34.0,14.0,19.0,19.0,12.0
2025-06-05 14:00:00,28.0,37.0,25.0,35.0,26.0,35.0,18.0,20.0,28.0,16.0
2025-06-05 15:00:00,24.0,27.0,11.0,29.0,24.0,38.0,27.0,25.0,26.0,16.0
2025-06-05 16:00:00,31.0,40.0,10.0,27.0,12.0,27.0,25.0,12.0,20.0,19.0
2025-06-05 17:00:00,27.0,31.0,25.0,34.0,13.0,30.0,11.0,17.0,25.0,13.0
2025-06-05 18:00:00,27.0,35.0,16.0,35.0,10.0,38.0,14.0,22.0,25.0,11.0
2025-06-05 19:00:00,29.0,34.0,17.0,36.0,13.0,45.0,17.0,14.0,21.0,19.0
2025-06-05 20:00:00,27.0,38.0,20.0,28.0,14.0,37.0,18.0,20.0,21.0,14.0
2025-06-05 21:00:00,29.0,34.0,17.0,42.0,10.0,25.0,19.0,24.0,21.0,16.0
2025-06-05 22:00:00,22.0,36.0,13.0,40.0,15.0,38.0,27.0,28.0,29.0,17.0
2025-06-05 23:00:00,27.0,32.0,20.0,34.0,16.0,36.0,12.0,18.0,19.0,12.0
2025-06-06 00:00:00,20.0,32.0,18.0,32.0,23.0,25.0,14.0,13.0,23.0,17.0
2025-06-06 01:00:00,32.0,32.0,22.0,36.0,18.0,28.0,18.0,22.0,20.0,13.0
2025-06-06 02:00:00,20.0,26.0,17.0,42.0,17.0,36.0,11.0,14.0,29.0,23.0
2025-06-06 03:00:00,32.0,40.0,16.0,36.0,15.0,21.0,17.0,22.0,27.0,17.0
2025-06-06 04:00:00,24.0,40.0,21.0,38.0,14.0,22.0,17.0,20.0,20.0,17.0
2025-06-06 05:00:00,32.0,35.0,15.0,26.0,10.0,26.0,16.0,17.0,23.0,14.0
2025-06-06 06:00:00,24.0,33.0,12.0,30.0,14.0,34.0,22.0,18.0,26.0,19.0
2025-06-06 07:00:00,32.0,31.0,19.0,33.0,19.0,34.0,18.0,21.0,24.0,11.0
2025-06-06 08:00:00,37.0,30.0,19.0,29.0,15.0,27.0,16.0,13.0,25.0,15.0
2025-06-06 09:00:00,32.0,34.0,26.0,38.0,15.0,36.0,12.0,25.0,27.0,16.0
2025-06-06 10:00:00,31.0,38.0,14.0,41.0,21.0,39.0,23.0,16.0,20.0,13.0
2025-06-06 11:00:00,27.0,37.0,14.0,42.0,15.0,23.0,11.0,20.0,22.0,11.0
2025-06-06 12:00:00,28.0,22.0,16.0,38.0,18.0,34.0,21.0,14.0,20.0,16.0
2025-06-06 13:00:00,28.0,37.0,22.0,33.0,9.0,31.0,17.0,11.0,24.0,17.0
2025-06-06 14:00:00,26.0,38.0,18.0,28.0,23.0,28.0,10.0,19.0,22.0,15.0
2025-06-06 15:00:00,26.0,41.0,17.0,40.0,14.0,27.0,19.0,25.0,17.0,12.0
2025-06-06 16:00:00,23.0,47.0,19.0,27.0,17.0,31.0,19.0,18.0,20.0,25.0
2025-06-06 17:00:00,26.0,32.0,23.0,30.0,10.0,36.0,24.0,20.0,24.0,16.0
2025-06-06 18:00:00,27.0,30.0,20.0,33.0,25.0,36.0,24.0,14.0,21.0,23.0
2025-06-06 19:00:00,27.0,21.0,24.0,30.0,15.0,30.0,21.0,12.0,25.0,16.0
2025-06-06 20:00:00,23.0,43.0,12.0,32.0,19.0,38.0,18.0,30.0,22.0,12.0
2025-06-06 21:00:00,19.0,35.0,21.0,36.0,16.0,23.0,23.0,9.0,10.0,15.0
2025-06-06 22:00:00,24.0,39.0,20.0,41.0,16.0,38.0,18.0,18.0,19.0,13.0
2025-06-06 23:00:00,27.0,43.0,15.0,35.0,13.0,25.0,21.0,16.0,20.0,17.0
2025-06-07 00:00:00,21.0,36.0,15.0,34.0,14.0,50.0,23.0,20.0,19.0,18.0
2025-06-07 01:00:00,29.0,41.0,13.0,41.0,15.0,29.0,24.0,17.0,24.0,14.0
2025-06-07 02:00:00,31.0,38.0,20.0,43.0,23.0,28.0,15.0,17.0,23.0,14.0
2025-06-07 03:00:00,30.0,29.0,16.0,34.0,12.0,30.0,19.0,18.0,19.0,17.0
2025-06-07 04:00:00,26.0,28.0,19.0,30.0,21.0,37.0,21.0,20.0,20.0,22.0
2025-06-07 05:00:00,29.0,35.0,23.0,32.0,22.0,31.0,25.0,18.0,17.0,12.0
2025-06-07 06:00:00,28.0,35.0,19.0,41.0,14.0,27.0,23.0,20.0,32.0,17.0
2025-06-07 07:00:00,21.0,38.0,18.0,34.0,17.0,34.0,14.0,21.0,18.0,6.0
2025-06-07 08:00:00,32.0,35.0,19.0,30.0,12.0,23.0,23.0,20.0,26.0,21.0
2025-06-07 09:00:00,25.0,52.0,13.0,39.0,20.0,22.0,16.0,14.0,27.0,24.0
2025-06-07 10:00:00,33.0,24.0,13.0,30.0,17.0,30.0,11.0,14.0,26.0,14.0
2025-06-07 11:00:00,29.0,41.0,17.0,28.0,21.0,38.0,17.0,20.0,24.0,19.0
2025-06-07 12:00:00,29.0,37.0,17.0,39.0,12.0,35.0,15.0,20.0,16.0,16.0
2025-06-07 13:00:00,32.0,33.0,25.0,33.0,19.0,34.0,23.0,14.0,20.0,15.0
2025-06-07 14:00:00,31.0,28.0,21.0,25.0,10.0,29.0,13.0,16.0,23.0,11.0
2025-06-07 15:00:00,44.0,31.0,11.0,41.0,18.0,34.0,17.0,16.0,21.0,16.0
2025-06-07 16:00:00,23.0,29.0,22.0,25.0,20.0,33.0,13.0,18.0,28.0,17.0
2025-06-07 17:00:00,27.0,33.0,19.0,36.0,15.0,33.0,21.0,20.0,24.0,18.0
2025-06-07 18:00:00,33.0,31.0,19.0,33.0,10.0,32.0,19.0,15.0,28.0,14.0
2025-06-07 19:00:00,31.0,30.0,20.0,35.0,14.0,45.0,26.0,11.0,19.0,13.0
2025-06-07 20:00:00,28.0,37.0,18.0,26.0,17.0,35.0,19.0,18.0,24.0,13.0
2025-06-07 21:00:00,23.0,31.0,18.0,27.0,17.0,41.0,20.0,18.0,17.0,15.0
2025-06-07 22:00:00,27.0,40.0,23.0,35.0,12.0,45.0,14.0,23.0,23.0,20.0
2025-06-07 23:00:00,39.0,30.0,19.0,44.0,25.0,27.0,17.0,12.0,31.0,6.0
2025-06-08 00:00:00,28.0,31.0,20.0,38.0,24.0,33.0,17.0,17.0,18.0,10.0
2025-06-08 01:00:00,37.0,29.0,14.0,27.0,13.0,30.0,22.0,21.0,22.0,19.0
2025-06-08 02:00:00,28.0,33.0,24.0,22.0,14.0,36.0,20.0,20.0,29.0,19.0
2025-06-08 03:00:00,31.0,26.0,25.0,36.0,19.0,30.0,12.0,26.0,26.0,22.0
2025-06-08 04:00:00,27.0,33.0,23.0,42.0,16.0,32.0,21.0,13.0,34.0,16.0
2025-06-08 05:00:00,29.0,33.0,14.0,29.0,15.0,33.0,14.0,20.0,20.0,10.0
2025-06-08 06:00:00,25.0,33.0,9.0,42.0,27.0,29.0,19.0,18.0,24.0,21.0
2025-06-08 07:00:00,25.0,45.0,24.0,30.0,9.0,34.0,24.0,25.0,18.0,15.0
2025-06-08 08:00:00,25.0,34.0,18.0,38.0,14.0,46.0,22.0,24.0,24.0,17.0
2025-06-08 09:00:00,19.0,25.0,22.0,20.0,9.0,42.0,19.0,13.0,24.0,14.0
2025-06-08 10:00:00,29.0,40.0,22.0,43.0,14.0,33.0,26.0,21.0,21.0,15.0
2025-06-08 11:00:00,24.0,45.0,17.0,47.0,15.0,37.0,25.0,17.0,23.0,17.0
2025-06-08 12:00:00,27.0,43.0,19.0,35.0,13.0,35.0,15.0,20.0,20.0,9.0
2025-06-08 13:00:00,33.0,25.0,15.0,31.0,14.0,19.0,19.0,19.0,21.0,16.0
2025-06-08 14:00:00,24.0,44.0,20.0,26.0,18.0,28.0,22.0,27.0,20.0,20.0
2025-06-08 15:00:00,23.0,39.0,20.0,29.0,18.0,35.0,18.0,14.0,24.0,15.0
2025-06-08 16:00:00,40.0,37.0,13.0,22.0,23.0,26.0,19.0,22.0,18.0,14.0
2025-06-08 17:00:00,30.0,30.0,16.0,31.0,20.0,31.0,16.0,12.0,28.0,14.0
2025-06-08 18:00:00,26.0,32.0,18.0,36.0,12.0,33.0,21.0,21.0,23.0,11.0
2025-06-08 19:00:00,23.0,35.0,15.0,30.0,16.0,40.0,26.0,15.0,17.0,11.0
2025-06-08 20:00:00,24.0,33.0,22.0,27.0,14.0,35.0,21.0,10.0,25.0,12.0
2025-06-08 21:00:00,22.0,30.0,13.0,33.0,11.0,47.0,15.0,9.0,30.0,10.0
2025-06-08 22:00:00,28.0,45.0,15.0,35.0,10.0,27.0,21.0,23.0,19.0,10.0
2025-06-08 23:00:00,33.0,26.0,16.0,36.0,11.0,38.0,24.0,16.0,22.0,22.0
2025-06-09 00:00:00,38.0,44.0,14.0,31.0,12.0,28.0,17.0,25.0,17.0,11.0
2025-06-09 01:00:00,26.0,27.0,21.0,32.0,18.0,41.0,18.0,16.0,24.0,16.0
2025-06-09 02:00:00,29.0,30.0,20.0,32.0,25.0,34.0,16.0,17.0,26.0,19.0
2025-06-09 03:00:00,22.0,36.0,13.0,28.0,17.0,31.0,17.0,19.0,22.0,18.0
2025-06-09 04:00:00,26.0,46.0,23.0,28.0,11.0,30.0,19.0,19.0,19.0,15.0
2025-06-09 05:00:00,22.0,36.0,26.0,34.0,16.0,43.0,23.0,21.0,15.0,16.0
2025-06-09 06:00:00,29.0,34.0,21.0,37.0,16.0,22.0,15.0,18.0,26.0,17.0
2025-06-09 07:00:00,32.0,33.0,18.0,37.0,16.0,25.0,18.0,19.0,19.0,16.0
2025-06-09 08:00:00,23.0,42.0,16.0,35.0,14.0,31.0,15.0,11.0,27.0,15.0
2025-06-09 09:00:00,25.0,30.0,22.0,39.0,21.0,32.0,13.0,16.0,25.0,22.0
2025-06-09 10:00:00,23.0,35.0,23.0,24.0,20.0,33.0,10.0,23.0,18.0,17.0
2025-06-09 11:00:00,34.0,26.0,15.0,34.0,22.0,33.0,12.0,16.0,19.0,17.0
2025-06-09 12:00:00,27.0,35.0,11.0,32.0,15.0,24.0,30.0,21.0,21.0,12.0
2025-06-09 13:00:00,24.0,23.0,17.0,28.0,25.0,26.0,22.0,26.0,20.0,18.0
2025-06-09 14:00:00,31.0,34.0,16.0,33.0,21.0,34.0,14.0,16.0,30.0,14.0
2025-06-09 15:00:00,18.0,40.0,19.0,41.0,11.0,34.0,20.0,20.0,31.0,11.0
2025-06-09 16:00:00,28.0,30.0,19.0,42.0,16.0,34.0,23.0,18.0,25.0,15.0
2025-06-09 17:00:00,23.0,26.0,19.0,29.0,12.0,28.0,21.0,16.0,25.0,11.0
2025-06-09 18:00:00,20.0,28.0,22.0,36.0,21.0,31.0,14.0,14.0,23.0,19.0
2025-06-09 19:00:00,34.0,33.0,25.0,37.0,19.0,39.0,19.0,25.0,20.0,16.0
2025-06-09 20:00:00,33.0,34.0,21.0,39.0,13.0,27.0,13.0,22.0,30.0,15.0
2025-06-09 21:00:00,31.0,32.0,18.0,43.0,11.0,33.0,22.0,12.0,21.0,14.0
2025-06-09 22:00:00,19.0,32.0,17.0,34.0,15.0,27.0,13.0,14.0,18.0,14.0
2025-06-09 23:00:00,29.0,32.0,21.0,25.0,10.0,31.0,16.0,24.0,21.0,16.0
2025-06-10 00:00:00,24.0,45.0,19.0,36.0,11.0,33.0,14.0,13.0,21.0,14.0
2025-06-10 01:00:00,31.0,35.0,22.0,44.0,11.0,41.0,21.0,21.0,24.0,14.0
2025-06-10 02:00:00,34.0,27.0,21.0,31.0,15.0,35.0,15.0,15.0,32.0,15.0
2025-06-10 03:00:00,24.0,29.0,19.0,37.0,12.0,36.0,17.0,17.0,31.0,11.0
2025-06-10 04:00:00,32.0,35.0,20.0,26.0,12.0,37.0,19.0,16.0,27.0,10.0
2025-06-10 05:00:00,31.0,35.0,25.0,36.0,16.0,34.0,27.0,12.0,29.0,11.0
2025-06-10 06:00:00,22.0,31.0,18.0,29.0,13.0,25.0,21.0,7.0,28.0,9.0
2025-06-10 07:00:00,24.0,37.0,22.0,28.0,16.0,36.0,18.0,22.0,15.0,15.0
2025-06-10 08:00:00,18.0,38.0,20.0,34.0,18.0,33.0,16.0,18.0,30.0,13.0
2025-06-10 09:00:00,24.0,33.0,18.0,37.0,13.0,34.0,10.0,13.0,26.0,20.0
2025-06-10 10:00:00,19.0,32.0,14.0,40.0,20.0,42.0,12.0,19.0,25.0,14.0
2025-06-10 11:00:00,41.0,32.0,16.0,35.0,13.0,35.0,21.0,17.0,20.0,11.0
2025-06-10 12:00:00,22.0,17.0,13.0,22.0,23.0,33.0,14.0,29.0,27.0,12.0
2025-06-10 13:00:00,20.0,35.0,21.0,45.0,21.0,33.0,17.0,17.0,22.0,10.0
2025-06-10 14:00:00,21.0,35.0,15.0,33.0,16.0,27.0,13.0,19.0,25.0,19.0
2025-06-10 15:00:00,16.0,37.0,18.0,36.0,24.0,47.0,10.0,21.0,38.0,12.0
2025-06-10 16:00:00,24.0,34.0,19.0,38.0,24.0,35.0,20.0,17.0,30.0,12.0
2025-06-10 17:00:00,29.0,34.0,16.0,40.0,18.0,31.0,20.0,19.0,18.0,9.0
2025-06-10 18:00:00,32.0,47.0,18.0,34.0,17.0,40.0,16.0,25.0,27.0,9.0
2025-06-10 19:00:00,32.0,25.0,25.0,27.0,22.0,33.0,18.0,15.0,19.0,12.0
2025-06-10 20:00:00,24.0,39.0,14.0,27.0,16.0,29.0,15.0,20.0,14.0,8.0
2025-06-10 21:00:00,31.0,29.0,15.0,33.0,11.0,29.0,22.0,16.0,26.0,17.0
2025-06-10 22:00:00,27.0,33.0,17.0,35.0,16.0,35.0,17.0,18.0,22.0,17.0
2025-06-10 23:00:00,26.0,41.0,17.0,35.0,24.0,40.0,16.0,12.0,26.0,20.0
2025-06-11 00:00:00,21.0,36.0,22.0,41.0,25.0,26.0,20.0,17.0,21.0,22.0
2025-06-11 01:00:00,25.0,34.0,12.0,37.0,13.0,40.0,20.0,21.0,24.0,20.0
2025-06-11 02:00:00,32.0,24.0,13.0,46.0,22.0,26.0,20.0,12.0,34.0,20.0
2025-06-11 03:00:00,20.0,32.0,15.0,27.0,14.0,37.0,13.0,24.0,23.0,13.0
2025-06-11 04:00:00,20.0,42.0,15.0,37.0,19.0,32.0,20.0,12.0,26.0,22.0
2025-06-11 05:00:00,32.0,28.0,19.0,30.0,22.0,26.0,19.0,13.0,21.0,17.0
2025-06-11 06:00:00,27.0,27.0,20.0,32.0,12.0,36.0,22.0,19.0,20.0,14.0
2025-06-11 07:00:00,29.0,29.0,20.0,25.0,15.0,30.0,16.0,24.0,30.0,15.0
2025-06-11 08:00:00,20.0,40.0,20.0,36.0,12.0,41.0,23.0,11.0,18.0,19.0
2025-06-11 09:00:00,22.0,25.0,22.0,42.0,18.0,24.0,19.0,17.0,17.0,16.0
2025-06-11 10:00:00,30.0,23.0,17.0,32.0,23.0,33.0,23.0,15.0,21.0,26.0
2025-06-11 11:00:00,27.0,29.0,22.0,34.0,11.0,34.0,17.0,16.0,19.0,13.0
2025-06-11 12:00:00,19.0,38.0,20.0,36.0,17.0,31.0,22.0,21.0,22.0,16.0
2025-06-11 13:00:00,25.0,25.0,13.0,37.0,19.0,37.0,14.0,15.0,22.0,12.0
2025-06-11 14:00:00,24.0,30.0,23.0,32.0,15.0,40.0,22.0,11.0,32.0,17.0
2025-06-11 15:00:00,23.0,27.0,25.0,28.0,22.0,39.0,16.0,24.0,18.0,17.0
2025-06-11 16:00:00,26.0,25.0,20.0,27.0,16.0,43.0,17.0,16.0,21.0,17.0
2025-06-11 17:00:00,26.0,35.0,17.0,36.0,18.0,32.0,15.0,23.0,15.0,13.0
2025-06-11 18:00:00,34.0,27.0,19.0,37.0,13.0,31.0,25.0,15.0,19.0,18.0
2025-06-11 19:00:00,24.0,27.0,14.0,30.0,12.0,26.0,10.0,21.0,24.0,14.0
2025-06-11 20:00:00,26.0,35.0,14.0,34.0,19.0,28.0,22.0,23.0,31.0,20.0
2025-06-11 21:00:00,23.0,30.0,11.0,25.0,14.0,43.0,23.0,18.0,22.0,10.0
2025-06-11 22:00:00,34.0,35.0,14.0,32.0,19.0,32.0,18.0,18.0,19.0,21.0
2025-06-11 23:00:00,26.0,36.0,18.0,29.0,20.0,27.0,19.0,23.0,22.0,16.0
2025-06-12 00:00:00,23.0,42.0,19.0,30.0,13.0,38.0,24.0,11.0,22.0,22.0
2025-06-12 01:00:00,39.0,42.0,23.0,31.0,19.0,38.0,17.0,6.0,30.0,16.0
2025-06-12 02:00:00,30.0,27.0,20.0,38.0,14.0,29.0,20.0,12.0,23.0,17.0
2025-06-12 03:00:00,18.0,36.0,21.0,35.0,18.0,31.0,24.0,23.0,21.0,17.0
2025-06-12 04:00:00,24.0,32.0,13.0,41.0,12.0,38.0,15.0,25.0,24.0,18.0
2025-06-12 05:00:00,37.0,23.0,23.0,35.0,12.0,27.0,18.0,20.0,25.0,18.0
2025-06-12 06:00:00,27.0,37.0,17.0,25.0,11.0,32.0,18.0,13.0,19.0,20.0
2025-06-12 07:00:00,28.0,32.0,21.0,28.0,17.0,31.0,24.0,15.0,17.0,16.0
2025-06-12 08:00:00,22.0,29.0,15.0,33.0,16.0,30.0,15.0,16.0,20.0,21.0
2025-06-12 09:00:00,30.0,36.0,24.0,31.0,18.0,43.0,21.0,15.0,23.0,17.0
2025-06-12 10:00:00,22.0,21.0,19.0,29.0,22.0,47.0,17.0,11.0,26.0,14.0
2025-06-12 11:00:00,30.0,33.0,19.0,25.0,15.0,35.0,15.0,11.0,26.0,14.0
2025-06-12 12:00:00,28.0,40.0,18.0,41.0,17.0,38.0,11.0,23.0,24.0,16.0
2025-06-12 13:00:00,30.0,23.0,20.0,39.0,17.0,29.0,21.0,12.0,21.0,12.0
2025-06-12 14:00:00,14.0,31.0,22.0,37.0,19.0,33.0,15.0,13.0,17.0,21.0
2025-06-12 15:00:00,33.0,35.0,30.0,48.0,22.0,26.0,19.0,20.0,23.0,24.0
2025-06-12 16:00:00,34.0,30.0,17.0,33.0,16.0,34.0,21.0,27.0,24.0,20.0
2025-06-12 17:00:00,32.0,35.0,22.0,37.0,19.0,31.0,18.0,19.0,18.0,15.0
2025-06-12 18:00:00,33.0,34.0,20.0,25.0,18.0,26.0,15.0,17.0,25.0,18.0
2025-06-12 19:00:00,26.0,22.0,14.0,34.0,12.0,39.0,12.0,11.0,7.0,15.0
2025-06-12 20:00:00,17.0,30.0,22.0,31.0,12.0,31.0,22.0,16.0,28.0,13.0
2025-06-12 21:00:00,26.0,34.0,21.0,30.0,19.0,28.0,21.0,24.0,34.0,12.0
2025-06-12 22:00:00,27.0,41.0,18.0,30.0,11.0,35.0,19.0,17.0,24.0,17.0
2025-06-12 23:00:00,21.0,39.0,22.0,29.0,19.0,26.0,21.0,27.0,21.0,13.0
2025-06-13 00:00:00,27.0,26.0,16.0,32.0,15.0,40.0,19.0,26.0,18.0,10.0
2025-06-13 01:00:00,25.0,34.0,20.0,38.0,9.0,41.0,18.0,15.0,21.0,19.0
2025-06-13 02:00:00,24.0,36.0,23.0,25.0,16.0,42.0,24.0,24.0,13.0,18.0
2025-06-13 03:00:00,20.0,38.0,18.0,37.0,21.0,30.0,12.0,19.0,17.0,18.0
2025-06-13 04:00:00,25.0,42.0,20.0,29.0,20.0,30.0,20.0,18.0,26.0,17.0
2025-06-13 05:00:00,28.0,28.0,18.0,35.0,14.0,31.0,23.0,24.0,32.0,11.0
2025-06-13 06:00:00,23.0,33.0,13.0,26.0,18.0,27.0,23.0,21.0,17.0,12.0
2025-06-13 07:00:00,27.0,33.0,21.0,38.0,13.0,40.0,19.0,15.0,27.0,10.0
2025-06-13 08:00:00,25.0,33.0,17.0,43.0,19.0,38.0,19.0,14.0,19.0,13.0
2025-06-13 09:00:00,19.0,28.0,16.0,43.0,19.0,36.0,19.0,17.0,21.0,18.0
2025-06-13 10:00:00,21.0,28.0,19.0,28.0,18.0,33.0,12.0,17.0,20.0,11.0
2025-06-13 11:00:00,27.0,37.0,21.0,34.0,13.0,42.0,17.0,21.0,18.0,8.0
2025-06-13 12:00:00,22.0,27.0,16.0,37.0,26.0,37.0,16.0,25.0,25.0,11.0
2025-06-13 13:00:00,32.0,28.0,16.0,31.0,12.0,36.0,28.0,11.0,25.0,8.0
2025-06-13 14:00:00,27.0,36.0,18.0,48.0,18.0,34.0,20.0,23.0,36.0,26.0
2025-06-13 15:00:00,30.0,31.0,15.0,36.0,14.0,43.0,22.0,16.0,16.0,13.0
2025-06-13 16:00:00,35.0,43.0,18.0,35.0,12.0,40.0,23.0,22.0,20.0,22.0
2025-06-13 17:00:00,23.0,46.0,15.0,35.0,17.0,27.0,12.0,14.0,23.0,10.0
2025-06-13 18:00:00,26.0,36.0,21.0,32.0,14.0,32.0,23.0,24.0,21.0,15.0
2025-06-13 19:00:00,26.0,35.0,20.0,31.0,17.0,30.0,22.0,14.0,16.0,12.0
2025-06-13 20:00:00,24.0,34.0,21.0,34.0,21.0,29.0,11.0,19.0,25.0,18.0
2025-06-13 21:00:00,29.0,25.0,14.0,35.0,17.0,28.0,13.0,19.0,19.0,15.0
2025-06-13 22:00:00,28.0,40.0,14.0,32.0,24.0,37.0,21.0,11.0,17.0,15.0
2025-06-13 23:00:00,24.0,46.0,22.0,38.0,14.0,34.0,15.0,17.0,20.0,17.0
2025-06-14 00:00:00,32.0,28.0,17.0,42.0,12.0,38.0,21.0,13.0,21.0,16.0
2025-06-14 01:00:00,30.0,36.0,20.0,30.0,6.0,33.0,14.0,19.0,19.0,22.0
2025-06-14 02:00:00,24.0,31.0,20.0,32.0,17.0,27.0,13.0,18.0,28.0,15.0
2025-06-14 03:00:00,26.0,33.0,15.0,40.0,20.0,32.0,19.0,17.0,16.0,14.0
2025-06-14 04:00:00,26.0,32.0,21.0,34.0,14.0,39.0,18.0,24.0,27.0,12.0
2025-06-14 05:00:00,18.0,29.0,21.0,40.0,21.0,36.0,18.0,18.0,17.0,14.0
2025-06-14 06:00:00,30.0,27.0,11.0,35.0,25.0,35.0,17.0,19.0,27.0,13.0
2025-06-14 07:00:00,25.0,35.0,24.0,30.0,21.0,30.0,19.0,11.0,22.0,16.0
2025-06-14 08:00:00,32.0,34.0,15.0,29.0,22.0,37.0,19.0,17.0,19.0,14.0
2025-06-14 09:00:00,26.0,24.0,20.0,33.0,14.0,36.0,18.0,20.0,19.0,17.0
2025-06-14 10:00:00,22.0,35.0,11.0,26.0,22.0,38.0,23.0,18.0,23.0,19.0
2025-06-14 11:00:00,29.0,42.0,13.0,42.0,18.0,35.0,19.0,28.0,21.0,13.0
2025-06-14 12:00:00,27.0,23.0,22.0,37.0,18.0,27.0,19.0,12.0,24.0,14.0
2025-06-14 13:00:00,20.0,27.0,21.0,31.0,16.0,28.0,11.0,6.0,19.0,12.0
2025-06-14 14:00:00,30.0,33.0,18.0,39.0,18.0,37.0,19.0,21.0,23.0,13.0
2025-06-14 15:00:00,20.0,38.0,16.0,32.0,15.0,25.0,22.0,13.0,26.0,11.0
2025-06-14 16:00:00,22.0,32.0,18.0,29.0,22.0,36.0,17.0,21.0,19.0,17.0
2025-06-14 17:00:00,19.0,34.0,20.0,32.0,15.0,33.0,22.0,18.0,22.0,19.0
2025-06-14 18:00:00,31.0,41.0,18.0,42.0,9.0,34.0,21.0,20.0,21.0,11.0
2025-06-14 19:00:00,30.0,35.0,17.0,32.0,18.0,38.0,18.0,17.0,21.0,10.0
2025-06-14 20:00:00,26.0,38.0,17.0,30.0,13.0,34.0,26.0,12.0,22.0,18.0
2025-06-14 21:00:00,34.0,30.0,23.0,27.0,14.0,31.0,15.0,15.0,19.0,13.0
2025-06-14 22:00:00,22.0,41.0,26.0,30.0,18.0,28.0,20.0,20.0,19.0,11.0
2025-06-14 23:00:00,23.0,37.0,15.0,33.0,21.0,33.0,19.0,20.0,24.0,15.0
2025-06-15 00:00:00,32.0,39.0,27.0,33.0,14.0,41.0,20.0,17.0,34.0,10.0
2025-06-15 01:00:00,29.0,37.0,16.0,33.0,16.0,38.0,17.0,18.0,22.0,15.0
2025-06-15 02:00:00,28.0,44.0,20.0,36.0,18.0,22.0,19.0,17.0,20.0,12.0
2025-06-15 03:00:00,25.0,36.0,10.0,39.0,21.0,24.0,13.0,14.0,16.0,12.0
2025-06-15 04:00:00,14.0,39.0,17.0,30.0,11.0,30.0,18.0,16.0,22.0,18.0
2025-06-15 05:00:00,24.0,29.0,16.0,28.0,23.0,30.0,12.0,18.0,27.0,14.0
2025-06-15 06:00:00,32.0,45.0,19.0,36.0,19.0,34.0,13.0,17.0,19.0,13.0
2025-06-15 07:00:00,24.0,39.0,20.0,34.0,26.0,23.0,19.0,22.0,17.0,11.0
2025-06-15 08:00:00,34.0,34.0,21.0,31.0,12.0,32.0,17.0,19.0,19.0,12.0
2025-06-15 09:00:00,31.0,33.0,19.0,32.0,25.0,39.0,27.0,19.0,24.0,5.0
2025-06-15 10:00:00,33.0,36.0,22.0,38.0,11.0,33.0,20.0,16.0,28.0,8.0
2025-06-15 11:00:00,34.0,23.0,18.0,42.0,20.0,39.0,17.0,17.0,25.0,14.0
2025-06-15 12:00:00,28.0,34.0,28.0,25.0,19.0,36.0,18.0,19.0,29.0,16.0
2025-06-15 13:00:00,19.0,42.0,24.0,30.0,16.0,34.0,24.0,22.0,14.0,11.0
2025-06-15 14:00:00,23.0,41.0,20.0,30.0,14.0,36.0,15.0,26.0,24.0,18.0
2025-06-15 15:00:00,26.0,33.0,21.0,40.0,16.0,38.0,15.0,11.0,21.0,16.0
2025-06-15 16:00:00,25.0,36.0,14.0,38.0,20.0,30.0,25.0,21.0,28.0,15.0
2025-06-15 17:00:00,26.0,25.0,17.0,42.0,18.0,28.0,15.0,20.0,20.0,18.0
2025-06-15 18:00:00,21.0,32.0,17.0,26.0,18.0,38.0,17.0,11.0,24.0,22.0
2025-06-15 19:00:00,20.0,23.0,24.0,39.0,22.0,27.0,22.0,22.0,20.0,13.0
2025-06-15 20:00:00,26.0,38.0,21.0,43.0,5.0,34.0,18.0,15.0,25.0,6.0
2025-06-15 21:00:00,27.0,39.0,24.0,35.0,21.0,42.0,15.0,23.0,16.0,14.0
2025-06-15 22:00:00,27.0,26.0,25.0,36.0,17.0,25.0,17.0,18.0,19.0,14.0
2025-06-15 23:00:00,31.0,38.0,14.0,40.0,15.0,25.0,12.0,24.0,14.0,12.0
2025-06-16 00:00:00,25.0,23.0,12.0,30.0,14.0,40.0,19.0,24.0,24.0,9.0
2025-06-16 01:00:00,31.0,41.0,21.0,33.0,18.0,39.0,18.0,27.0,24.0,13.0
2025-06-16 02:00:00,25.0,37.0,22.0,29.0,18.0,46.0,21.0,25.0,17.0,5.0
2025-06-16 03:00:00,23.0,38.0,21.0,43.0,25.0,37.0,17.0,11.0,32.0,15.0
2025-06-16 04:00:00,28.0,42.0,14.0,47.0,16.0,40.0,16.0,11.0,28.0,16.0
2025-06-16 05:00:00,30.0,39.0,24.0,23.0,14.0,38.0,20.0,21.0,25.0,16.0
2025-06-16 06:00:00,29.0,32.0,13.0,29.0,11.0,32.0,19.0,23.0,19.0,20.0
2025-06-16 07:00:00,15.0,25.0,21.0,32.0,16.0,29.0,23.0,15.0,21.0,10.0
2025-06-16 08:00:00,30.0,30.0,17.0,24.0,15.0,31.0,17.0,19.0,16.0,13.0
2025-06-16 09:00:00,23.0,27.0,16.0,38.0,24.0,29.0,10.0,17.0,32.0,16.0
2025-06-16 10:00:00,0.0,1.0,1.0,0.0,0.0,2.0,0.0,0.0,0.0,1.0
